uprn,siteid
10000000001,demo-land-000001
10000000002,demo-land-000002
10000000003,demo-land-000002
10000000004,demo-land-000002
10000000005,demo-land-000003
10000000006,demo-land-000003
10000000007,demo-land-000003
10000000008,demo-land-000004
10000000009,demo-land-000005
10000000010,demo-land-000006
10000000011,demo-land-000006
10000000012,demo-land-000006
10000000013,demo-land-000007
10000000014,demo-land-000007
10000000015,demo-land-000008
10000000016,demo-land-000009
10000000017,demo-land-000009
10000000018,demo-land-000009
10000000019,demo-land-000010
10000000020,demo-land-000011
10000000021,demo-land-000012
10000000022,demo-land-000013
10000000023,demo-land-000013
10000000024,demo-land-000014
10000000025,demo-land-000014
10000000026,demo-land-000014
10000000027,demo-land-000015
10000000028,demo-land-000015
10000000029,demo-land-000015
10000000030,demo-land-000016
10000000031,demo-land-000016
10000000032,demo-land-000017
10000000033,demo-land-000017
10000000034,demo-land-000017
10000000035,demo-land-000017
10000000036,demo-land-000017
10000000037,demo-land-000017
10000000038,demo-land-000017
10000000039,demo-land-000017
10000000040,demo-land-000017
10000000041,demo-land-000017
10000000042,demo-land-000017
10000000043,demo-land-000017
10000000044,demo-land-000017
10000000045,demo-land-000017
10000000046,demo-land-000017
10000000047,demo-land-000017
10000000048,demo-land-000017
10000000049,demo-land-000017
10000000050,demo-land-000017
10000000051,demo-land-000017
10000000052,demo-land-000017
10000000053,demo-land-000017
10000000054,demo-land-000018
10000000055,demo-land-000019
10000000056,demo-land-000020
10000000057,demo-land-000020
10000000058,demo-land-000021
10000000059,demo-land-000021
10000000060,demo-land-000021
10000000061,demo-land-000022
10000000062,demo-land-000022
10000000063,demo-land-000022
10000000064,demo-land-000023
10000000065,demo-land-000023
10000000066,demo-land-000023
10000000067,demo-land-000023
10000000068,demo-land-000023
10000000069,demo-land-000023
10000000070,demo-land-000023
10000000071,demo-land-000023
10000000072,demo-land-000023
10000000073,demo-land-000023
10000000074,demo-land-000023
10000000075,demo-land-000024
10000000076,demo-land-000024
10000000077,demo-land-000025
10000000078,demo-land-000025
10000000079,demo-land-000025
10000000080,demo-land-000026
10000000081,demo-land-000026
10000000082,demo-land-000027
10000000083,demo-land-000027
10000000084,demo-land-000028
10000000085,demo-land-000028
10000000086,demo-land-000029
10000000087,demo-land-000029
10000000088,demo-land-000030
10000000089,demo-land-000030
10000000090,demo-land-000031
10000000091,demo-land-000031
10000000092,demo-land-000031
10000000093,demo-land-000032
10000000094,demo-land-000033
10000000095,demo-land-000033
10000000096,demo-land-000033
10000000097,demo-land-000033
10000000098,demo-land-000033
10000000099,demo-land-000033
10000000100,demo-land-000033
10000000101,demo-land-000033
10000000102,demo-land-000033
10000000103,demo-land-000033
10000000104,demo-land-000033
10000000105,demo-land-000033
10000000106,demo-land-000033
10000000107,demo-land-000033
10000000108,demo-land-000033
10000000109,demo-land-000033
10000000110,demo-land-000033
10000000111,demo-land-000033
10000000112,demo-land-000034
10000000113,demo-land-000034
10000000114,demo-land-000035
10000000115,demo-land-000036
10000000116,demo-land-000037
10000000117,demo-land-000038
10000000118,demo-land-000038
10000000119,demo-land-000038
10000000120,demo-land-000039
10000000121,demo-land-000039
10000000122,demo-land-000039
10000000123,demo-land-000039
10000000124,demo-land-000039
10000000125,demo-land-000039
10000000126,demo-land-000039
10000000127,demo-land-000039
10000000128,demo-land-000039
10000000129,demo-land-000039
10000000130,demo-land-000039
10000000131,demo-land-000039
10000000132,demo-land-000040
10000000133,demo-land-000040
10000000134,demo-land-000041
10000000135,demo-land-000042
10000000136,demo-land-000042
10000000137,demo-land-000043
10000000138,demo-land-000044
10000000139,demo-land-000045
10000000140,demo-land-000045
10000000141,demo-land-000045
10000000142,demo-land-000046
10000000143,demo-land-000046
10000000144,demo-land-000046
10000000145,demo-land-000047
10000000146,demo-land-000047
10000000147,demo-land-000048
10000000148,demo-land-000048
10000000149,demo-land-000048
10000000150,demo-land-000048
10000000151,demo-land-000048
10000000152,demo-land-000048
10000000153,demo-land-000048
10000000154,demo-land-000048
10000000155,demo-land-000048
10000000156,demo-land-000048
10000000157,demo-land-000048
10000000158,demo-land-000048
10000000159,demo-land-000048
10000000160,demo-land-000048
10000000161,demo-land-000048
10000000162,demo-land-000048
10000000163,demo-land-000048
10000000164,demo-land-000048
10000000165,demo-land-000049
10000000166,demo-land-000049
10000000167,demo-land-000050
10000000168,demo-land-000050
10000000169,demo-land-000050
10000000170,demo-land-000050
10000000171,demo-land-000050
10000000172,demo-land-000050
10000000173,demo-land-000050
10000000174,demo-land-000050
10000000175,demo-land-000050
10000000176,demo-land-000050
10000000177,demo-land-000050
10000000178,demo-land-000050
10000000179,demo-land-000050
10000000180,demo-land-000050
10000000181,demo-land-000050
10000000182,demo-land-000050
10000000183,demo-land-000051
10000000184,demo-land-000051
10000000185,demo-land-000051
10000000186,demo-land-000052
10000000187,demo-land-000053
10000000188,demo-land-000053
10000000189,demo-land-000054
10000000190,demo-land-000054
10000000191,demo-land-000054
10000000192,demo-land-000055
10000000193,demo-land-000055
10000000194,demo-land-000055
10000000195,demo-land-000056
10000000196,demo-land-000056
10000000197,demo-land-000056
10000000198,demo-land-000056
10000000199,demo-land-000056
10000000200,demo-land-000056
10000000201,demo-land-000056
10000000202,demo-land-000056
10000000203,demo-land-000056
10000000204,demo-land-000056
10000000205,demo-land-000056
10000000206,demo-land-000056
10000000207,demo-land-000056
10000000208,demo-land-000056
10000000209,demo-land-000056
10000000210,demo-land-000056
10000000211,demo-land-000057
10000000212,demo-land-000057
10000000213,demo-land-000057
10000000214,demo-land-000058
10000000215,demo-land-000058
10000000216,demo-land-000058
10000000217,demo-land-000059
10000000218,demo-land-000060
10000000219,demo-land-000061
10000000220,demo-land-000061
10000000221,demo-land-000061
10000000222,demo-land-000062
10000000223,demo-land-000063
10000000224,demo-land-000063
10000000225,demo-land-000063
10000000226,demo-land-000064
10000000227,demo-land-000064
10000000228,demo-land-000064
10000000229,demo-land-000064
10000000230,demo-land-000064
10000000231,demo-land-000064
10000000232,demo-land-000064
10000000233,demo-land-000064
10000000234,demo-land-000064
10000000235,demo-land-000064
10000000236,demo-land-000064
10000000237,demo-land-000064
10000000238,demo-land-000064
10000000239,demo-land-000064
10000000240,demo-land-000064
10000000241,demo-land-000064
10000000242,demo-land-000064
10000000243,demo-land-000064
10000000244,demo-land-000064
10000000245,demo-land-000064
10000000246,demo-land-000065
10000000247,demo-land-000066
10000000248,demo-land-000066
10000000249,demo-land-000067
10000000250,demo-land-000068
10000000251,demo-land-000069
10000000252,demo-land-000070
10000000253,demo-land-000071
10000000254,demo-land-000071
10000000255,demo-land-000072
10000000256,demo-land-000072
10000000257,demo-land-000073
10000000258,demo-land-000074
10000000259,demo-land-000075
10000000260,demo-land-000076
10000000261,demo-land-000076
10000000262,demo-land-000076
10000000263,demo-land-000076
10000000264,demo-land-000076
10000000265,demo-land-000076
10000000266,demo-land-000076
10000000267,demo-land-000076
10000000268,demo-land-000076
10000000269,demo-land-000076
10000000270,demo-land-000076
10000000271,demo-land-000076
10000000272,demo-land-000076
10000000273,demo-land-000076
10000000274,demo-land-000076
10000000275,demo-land-000076
10000000276,demo-land-000076
10000000277,demo-land-000076
10000000278,demo-land-000076
10000000279,demo-land-000076
10000000280,demo-land-000076
10000000281,demo-land-000076
10000000282,demo-land-000076
10000000283,demo-land-000076
10000000284,demo-land-000076
10000000285,demo-land-000076
10000000286,demo-land-000076
10000000287,demo-land-000076
10000000288,demo-land-000076
10000000289,demo-land-000076
10000000290,demo-land-000077
10000000291,demo-land-000078
10000000292,demo-land-000078
10000000293,demo-land-000078
10000000294,demo-land-000079
10000000295,demo-land-000080
10000000296,demo-land-000081
10000000297,demo-land-000081
10000000298,demo-land-000081
10000000299,demo-land-000082
10000000300,demo-land-000082
10000000301,demo-land-000082
10000000302,demo-land-000083
10000000303,demo-land-000083
10000000304,demo-land-000083
10000000305,demo-land-000084
10000000306,demo-land-000084
10000000307,demo-land-000084
10000000308,demo-land-000085
10000000309,demo-land-000085
10000000310,demo-land-000085
10000000311,demo-land-000085
10000000312,demo-land-000085
10000000313,demo-land-000085
10000000314,demo-land-000085
10000000315,demo-land-000085
10000000316,demo-land-000085
10000000317,demo-land-000085
10000000318,demo-land-000085
10000000319,demo-land-000085
10000000320,demo-land-000085
10000000321,demo-land-000085
10000000322,demo-land-000085
10000000323,demo-land-000085
10000000324,demo-land-000085
10000000325,demo-land-000085
10000000326,demo-land-000085
10000000327,demo-land-000085
10000000328,demo-land-000085
10000000329,demo-land-000085
10000000330,demo-land-000085
10000000331,demo-land-000085
10000000332,demo-land-000085
10000000333,demo-land-000085
10000000334,demo-land-000085
10000000335,demo-land-000085
10000000336,demo-land-000085
10000000337,demo-land-000085
10000000338,demo-land-000085
10000000339,demo-land-000085
10000000340,demo-land-000085
10000000341,demo-land-000086
10000000342,demo-land-000086
10000000343,demo-land-000086
10000000344,demo-land-000087
10000000345,demo-land-000087
10000000346,demo-land-000087
10000000347,demo-land-000088
10000000348,demo-land-000089
10000000349,demo-land-000089
10000000350,demo-land-000089
10000000351,demo-land-000090
10000000352,demo-land-000091
10000000353,demo-land-000091
10000000354,demo-land-000091
10000000355,demo-land-000091
10000000356,demo-land-000091
10000000357,demo-land-000091
10000000358,demo-land-000091
10000000359,demo-land-000091
10000000360,demo-land-000091
10000000361,demo-land-000091
10000000362,demo-land-000091
10000000363,demo-land-000092
10000000364,demo-land-000092
10000000365,demo-land-000093
10000000366,demo-land-000094
10000000367,demo-land-000094
10000000368,demo-land-000095
10000000369,demo-land-000096
10000000370,demo-land-000096
10000000371,demo-land-000096
10000000372,demo-land-000097
10000000373,demo-land-000097
10000000374,demo-land-000097
10000000375,demo-land-000098
10000000376,demo-land-000099
10000000377,demo-land-000099
10000000378,demo-land-000099
10000000379,demo-land-000099
10000000380,demo-land-000099
10000000381,demo-land-000099
10000000382,demo-land-000100
10000000383,demo-land-000100
10000000384,demo-land-000101
10000000385,demo-land-000102
10000000386,demo-land-000102
10000000387,demo-land-000102
10000000388,demo-land-000103
10000000389,demo-land-000103
10000000390,demo-land-000103
10000000391,demo-land-000104
10000000392,demo-land-000104
10000000393,demo-land-000104
10000000394,demo-land-000105
10000000395,demo-land-000105
10000000396,demo-land-000105
10000000397,demo-land-000106
10000000398,demo-land-000106
10000000399,demo-land-000107
10000000400,demo-land-000108
10000000401,demo-land-000109
10000000402,demo-land-000109
10000000403,demo-land-000109
10000000404,demo-land-000110
10000000405,demo-land-000111
10000000406,demo-land-000112
10000000407,demo-land-000113
10000000408,demo-land-000113
10000000409,demo-land-000113
10000000410,demo-land-000114
10000000411,demo-land-000115
10000000412,demo-land-000116
10000000413,demo-land-000116
10000000414,demo-land-000116
10000000415,demo-land-000117
10000000416,demo-land-000117
10000000417,demo-land-000118
10000000418,demo-land-000119
10000000419,demo-land-000120
10000000420,demo-land-000120
10000000421,demo-land-000120
10000000422,demo-land-000120
10000000423,demo-land-000120
10000000424,demo-land-000120
10000000425,demo-land-000120
10000000426,demo-land-000120
10000000427,demo-land-000120
10000000428,demo-land-000120
10000000429,demo-land-000120
10000000430,demo-land-000120
10000000431,demo-land-000120
10000000432,demo-land-000120
10000000433,demo-land-000120
10000000434,demo-land-000120
10000000435,demo-land-000121
10000000436,demo-land-000121
10000000437,demo-land-000121
10000000438,demo-land-000122
10000000439,demo-land-000122
10000000440,demo-land-000122
10000000441,demo-land-000123
10000000442,demo-land-000123
10000000443,demo-land-000124
10000000444,demo-land-000124
10000000445,demo-land-000125
10000000446,demo-land-000125
10000000447,demo-land-000125
10000000448,demo-land-000126
10000000449,demo-land-000126
10000000450,demo-land-000127
10000000451,demo-land-000127
10000000452,demo-land-000128
10000000453,demo-land-000129
10000000454,demo-land-000129
10000000455,demo-land-000129
10000000456,demo-land-000130
10000000457,demo-land-000130
10000000458,demo-land-000131
10000000459,demo-land-000131
10000000460,demo-land-000131
10000000461,demo-land-000132
10000000462,demo-land-000132
10000000463,demo-land-000133
10000000464,demo-land-000133
10000000465,demo-land-000133
10000000466,demo-land-000134
10000000467,demo-land-000134
10000000468,demo-land-000134
10000000469,demo-land-000135
10000000470,demo-land-000135
10000000471,demo-land-000135
10000000472,demo-land-000136
10000000473,demo-land-000136
10000000474,demo-land-000136
10000000475,demo-land-000137
10000000476,demo-land-000137
10000000477,demo-land-000137
10000000478,demo-land-000138
10000000479,demo-land-000139
10000000480,demo-land-000139
10000000481,demo-land-000140
10000000482,demo-land-000140
10000000483,demo-land-000140
10000000484,demo-land-000141
10000000485,demo-land-000142
10000000486,demo-land-000142
10000000487,demo-land-000142
10000000488,demo-land-000143
10000000489,demo-land-000144
10000000490,demo-land-000145
10000000491,demo-land-000146
10000000492,demo-land-000146
10000000493,demo-land-000146
10000000494,demo-land-000147
10000000495,demo-land-000147
10000000496,demo-land-000147
10000000497,demo-land-000148
10000000498,demo-land-000148
10000000499,demo-land-000148
10000000500,demo-land-000148
10000000501,demo-land-000148
10000000502,demo-land-000148
10000000503,demo-land-000148
10000000504,demo-land-000148
10000000505,demo-land-000148
10000000506,demo-land-000148
10000000507,demo-land-000148
10000000508,demo-land-000148
10000000509,demo-land-000148
10000000510,demo-land-000148
10000000511,demo-land-000148
10000000512,demo-land-000148
10000000513,demo-land-000148
10000000514,demo-land-000148
10000000515,demo-land-000148
10000000516,demo-land-000148
10000000517,demo-land-000148
10000000518,demo-land-000148
10000000519,demo-land-000148
10000000520,demo-land-000148
10000000521,demo-land-000148
10000000522,demo-land-000148
10000000523,demo-land-000148
10000000524,demo-land-000148
10000000525,demo-land-000148
10000000526,demo-land-000148
10000000527,demo-land-000148
10000000528,demo-land-000148
10000000529,demo-land-000148
10000000530,demo-land-000148
10000000531,demo-land-000148
10000000532,demo-land-000148
10000000533,demo-land-000149
10000000534,demo-land-000149
10000000535,demo-land-000149
10000000536,demo-land-000150
10000000537,demo-land-000150
10000000538,demo-land-000150
10000000539,demo-land-000151
10000000540,demo-land-000152
10000000541,demo-land-000153
10000000542,demo-land-000154
10000000543,demo-land-000154
10000000544,demo-land-000154
10000000545,demo-land-000155
10000000546,demo-land-000155
10000000547,demo-land-000156
10000000548,demo-land-000156
10000000549,demo-land-000156
10000000550,demo-land-000157
10000000551,demo-land-000157
10000000552,demo-land-000157
10000000553,demo-land-000158
10000000554,demo-land-000158
10000000555,demo-land-000158
10000000556,demo-land-000158
10000000557,demo-land-000158
10000000558,demo-land-000158
10000000559,demo-land-000158
10000000560,demo-land-000158
10000000561,demo-land-000158
10000000562,demo-land-000158
10000000563,demo-land-000158
10000000564,demo-land-000158
10000000565,demo-land-000158
10000000566,demo-land-000158
10000000567,demo-land-000158
10000000568,demo-land-000158
10000000569,demo-land-000158
10000000570,demo-land-000158
10000000571,demo-land-000158
10000000572,demo-land-000158
10000000573,demo-land-000158
10000000574,demo-land-000158
10000000575,demo-land-000158
10000000576,demo-land-000158
10000000577,demo-land-000158
10000000578,demo-land-000158
10000000579,demo-land-000158
10000000580,demo-land-000158
10000000581,demo-land-000158
10000000582,demo-land-000158
10000000583,demo-land-000159
10000000584,demo-land-000160
10000000585,demo-land-000160
10000000586,demo-land-000161
10000000587,demo-land-000161
10000000588,demo-land-000162
10000000589,demo-land-000163
10000000590,demo-land-000164
10000000591,demo-land-000165
10000000592,demo-land-000166
10000000593,demo-land-000167
10000000594,demo-land-000167
10000000595,demo-land-000167
10000000596,demo-land-000167
10000000597,demo-land-000167
10000000598,demo-land-000167
10000000599,demo-land-000167
10000000600,demo-land-000167
10000000601,demo-land-000167
10000000602,demo-land-000167
10000000603,demo-land-000167
10000000604,demo-land-000167
10000000605,demo-land-000168
10000000606,demo-land-000169
10000000607,demo-land-000169
10000000608,demo-land-000170
10000000609,demo-land-000170
10000000610,demo-land-000171
10000000611,demo-land-000171
10000000612,demo-land-000172
10000000613,demo-land-000172
10000000614,demo-land-000173
10000000615,demo-land-000173
10000000616,demo-land-000173
10000000617,demo-land-000174
10000000618,demo-land-000175
10000000619,demo-land-000176
10000000620,demo-land-000177
10000000621,demo-land-000177
10000000622,demo-land-000177
10000000623,demo-land-000178
10000000624,demo-land-000178
10000000625,demo-land-000179
10000000626,demo-land-000179
10000000627,demo-land-000179
10000000628,demo-land-000180
10000000629,demo-land-000180
10000000630,demo-land-000180
10000000631,demo-land-000181
10000000632,demo-land-000181
10000000633,demo-land-000182
10000000634,demo-land-000183
10000000635,demo-land-000183
10000000636,demo-land-000183
10000000637,demo-land-000183
10000000638,demo-land-000183
10000000639,demo-land-000183
10000000640,demo-land-000183
10000000641,demo-land-000183
10000000642,demo-land-000183
10000000643,demo-land-000183
10000000644,demo-land-000183
10000000645,demo-land-000183
10000000646,demo-land-000183
10000000647,demo-land-000183
10000000648,demo-land-000183
10000000649,demo-land-000183
10000000650,demo-land-000183
10000000651,demo-land-000183
10000000652,demo-land-000183
10000000653,demo-land-000183
10000000654,demo-land-000183
10000000655,demo-land-000183
10000000656,demo-land-000183
10000000657,demo-land-000183
10000000658,demo-land-000184
10000000659,demo-land-000185
10000000660,demo-land-000186
10000000661,demo-land-000186
10000000662,demo-land-000187
10000000663,demo-land-000187
10000000664,demo-land-000187
10000000665,demo-land-000187
10000000666,demo-land-000187
10000000667,demo-land-000187
10000000668,demo-land-000187
10000000669,demo-land-000187
10000000670,demo-land-000187
10000000671,demo-land-000187
10000000672,demo-land-000187
10000000673,demo-land-000187
10000000674,demo-land-000187
10000000675,demo-land-000187
10000000676,demo-land-000187
10000000677,demo-land-000187
10000000678,demo-land-000187
10000000679,demo-land-000187
10000000680,demo-land-000188
10000000681,demo-land-000188
10000000682,demo-land-000188
10000000683,demo-land-000189
10000000684,demo-land-000190
10000000685,demo-land-000190
10000000686,demo-land-000190
10000000687,demo-land-000191
10000000688,demo-land-000191
10000000689,demo-land-000191
10000000690,demo-land-000192
10000000691,demo-land-000192
10000000692,demo-land-000193
10000000693,demo-land-000193
10000000694,demo-land-000193
10000000695,demo-land-000193
10000000696,demo-land-000193
10000000697,demo-land-000193
10000000698,demo-land-000193
10000000699,demo-land-000193
10000000700,demo-land-000193
10000000701,demo-land-000193
10000000702,demo-land-000193
10000000703,demo-land-000193
10000000704,demo-land-000193
10000000705,demo-land-000193
10000000706,demo-land-000193
10000000707,demo-land-000193
10000000708,demo-land-000193
10000000709,demo-land-000193
10000000710,demo-land-000194
10000000711,demo-land-000195
10000000712,demo-land-000196
10000000713,demo-land-000197
10000000714,demo-land-000198
10000000715,demo-land-000198
10000000716,demo-land-000199
10000000717,demo-land-000199
10000000718,demo-land-000200
10000000719,demo-land-000200
10000000720,demo-land-000200
10000000721,demo-land-000201
10000000722,demo-land-000201
10000000723,demo-land-000201
10000000724,demo-land-000202
10000000725,demo-land-000202
10000000726,demo-land-000202
10000000727,demo-land-000203
10000000728,demo-land-000203
10000000729,demo-land-000204
10000000730,demo-land-000204
10000000731,demo-land-000204
10000000732,demo-land-000205
10000000733,demo-land-000205
10000000734,demo-land-000206
10000000735,demo-land-000206
10000000736,demo-land-000207
10000000737,demo-land-000208
10000000738,demo-land-000209
10000000739,demo-land-000210
10000000740,demo-land-000211
10000000741,demo-land-000212
10000000742,demo-land-000212
10000000743,demo-land-000212
10000000744,demo-land-000213
10000000745,demo-land-000213
10000000746,demo-land-000213
10000000747,demo-land-000214
10000000748,demo-land-000214
10000000749,demo-land-000215
10000000750,demo-land-000215
10000000751,demo-land-000215
10000000752,demo-land-000215
10000000753,demo-land-000215
10000000754,demo-land-000215
10000000755,demo-land-000215
10000000756,demo-land-000215
10000000757,demo-land-000215
10000000758,demo-land-000215
10000000759,demo-land-000216
10000000760,demo-land-000217
10000000761,demo-land-000217
10000000762,demo-land-000217
10000000763,demo-land-000218
10000000764,demo-land-000219
10000000765,demo-land-000220
10000000766,demo-land-000221
10000000767,demo-land-000221
10000000768,demo-land-000221
10000000769,demo-land-000222
10000000770,demo-land-000222
10000000771,demo-land-000223
10000000772,demo-land-000224
10000000773,demo-land-000224
10000000774,demo-land-000224
10000000775,demo-land-000224
10000000776,demo-land-000224
10000000777,demo-land-000224
10000000778,demo-land-000224
10000000779,demo-land-000225
10000000780,demo-land-000226
10000000781,demo-land-000226
10000000782,demo-land-000226
10000000783,demo-land-000227
10000000784,demo-land-000227
10000000785,demo-land-000228
10000000786,demo-land-000228
10000000787,demo-land-000228
10000000788,demo-land-000229
10000000789,demo-land-000229
10000000790,demo-land-000230
10000000791,demo-land-000230
10000000792,demo-land-000230
10000000793,demo-land-000231
10000000794,demo-land-000231
10000000795,demo-land-000231
10000000796,demo-land-000231
10000000797,demo-land-000231
10000000798,demo-land-000231
10000000799,demo-land-000231
10000000800,demo-land-000231
10000000801,demo-land-000231
10000000802,demo-land-000231
10000000803,demo-land-000231
10000000804,demo-land-000231
10000000805,demo-land-000231
10000000806,demo-land-000231
10000000807,demo-land-000231
10000000808,demo-land-000231
10000000809,demo-land-000231
10000000810,demo-land-000231
10000000811,demo-land-000231
10000000812,demo-land-000231
10000000813,demo-land-000231
10000000814,demo-land-000231
10000000815,demo-land-000231
10000000816,demo-land-000231
10000000817,demo-land-000231
10000000818,demo-land-000231
10000000819,demo-land-000231
10000000820,demo-land-000231
10000000821,demo-land-000231
10000000822,demo-land-000231
10000000823,demo-land-000231
10000000824,demo-land-000231
10000000825,demo-land-000231
10000000826,demo-land-000232
10000000827,demo-land-000232
10000000828,demo-land-000232
10000000829,demo-land-000233
10000000830,demo-land-000233
10000000831,demo-land-000234
10000000832,demo-land-000234
10000000833,demo-land-000235
10000000834,demo-land-000236
10000000835,demo-land-000236
10000000836,demo-land-000236
10000000837,demo-land-000236
10000000838,demo-land-000236
10000000839,demo-land-000236
10000000840,demo-land-000236
10000000841,demo-land-000236
10000000842,demo-land-000236
10000000843,demo-land-000236
10000000844,demo-land-000236
10000000845,demo-land-000236
10000000846,demo-land-000236
10000000847,demo-land-000236
10000000848,demo-land-000236
10000000849,demo-land-000236
10000000850,demo-land-000237
10000000851,demo-land-000237
10000000852,demo-land-000237
10000000853,demo-land-000237
10000000854,demo-land-000237
10000000855,demo-land-000237
10000000856,demo-land-000237
10000000857,demo-land-000237
10000000858,demo-land-000237
10000000859,demo-land-000237
10000000860,demo-land-000237
10000000861,demo-land-000237
10000000862,demo-land-000237
10000000863,demo-land-000237
10000000864,demo-land-000237
10000000865,demo-land-000237
10000000866,demo-land-000237
10000000867,demo-land-000237
10000000868,demo-land-000237
10000000869,demo-land-000237
10000000870,demo-land-000237
10000000871,demo-land-000238
10000000872,demo-land-000238
10000000873,demo-land-000238
10000000874,demo-land-000239
10000000875,demo-land-000240
10000000876,demo-land-000240
10000000877,demo-land-000241
10000000878,demo-land-000241
10000000879,demo-land-000242
10000000880,demo-land-000243
10000000881,demo-land-000243
10000000882,demo-land-000244
10000000883,demo-land-000245
10000000884,demo-land-000246
10000000885,demo-land-000246
10000000886,demo-land-000246
10000000887,demo-land-000246
10000000888,demo-land-000246
10000000889,demo-land-000246
10000000890,demo-land-000246
10000000891,demo-land-000246
10000000892,demo-land-000246
10000000893,demo-land-000246
10000000894,demo-land-000246
10000000895,demo-land-000246
10000000896,demo-land-000246
10000000897,demo-land-000246
10000000898,demo-land-000246
10000000899,demo-land-000246
10000000900,demo-land-000246
10000000901,demo-land-000246
10000000902,demo-land-000246
10000000903,demo-land-000246
10000000904,demo-land-000246
10000000905,demo-land-000247
10000000906,demo-land-000247
10000000907,demo-land-000247
10000000908,demo-land-000248
10000000909,demo-land-000248
10000000910,demo-land-000249
10000000911,demo-land-000249
10000000912,demo-land-000250
10000000913,demo-land-000251
10000000914,demo-land-000251
10000000915,demo-land-000251
10000000916,demo-land-000252
10000000917,demo-land-000252
10000000918,demo-land-000252
10000000919,demo-land-000253
10000000920,demo-land-000254
10000000921,demo-land-000255
10000000922,demo-land-000255
10000000923,demo-land-000255
10000000924,demo-land-000256
10000000925,demo-land-000256
10000000926,demo-land-000257
10000000927,demo-land-000258
10000000928,demo-land-000258
10000000929,demo-land-000258
10000000930,demo-land-000258
10000000931,demo-land-000258
10000000932,demo-land-000258
10000000933,demo-land-000258
10000000934,demo-land-000258
10000000935,demo-land-000258
10000000936,demo-land-000258
10000000937,demo-land-000258
10000000938,demo-land-000258
10000000939,demo-land-000258
10000000940,demo-land-000258
10000000941,demo-land-000258
10000000942,demo-land-000258
10000000943,demo-land-000258
10000000944,demo-land-000258
10000000945,demo-land-000258
10000000946,demo-land-000258
10000000947,demo-land-000258
10000000948,demo-land-000259
10000000949,demo-land-000259
10000000950,demo-land-000259
10000000951,demo-land-000260
10000000952,demo-land-000261
10000000953,demo-land-000261
10000000954,demo-land-000261
10000000955,demo-land-000262
10000000956,demo-land-000263
10000000957,demo-land-000263
10000000958,demo-land-000263
10000000959,demo-land-000264
10000000960,demo-land-000264
10000000961,demo-land-000265
10000000962,demo-land-000265
10000000963,demo-land-000265
10000000964,demo-land-000266
10000000965,demo-land-000266
10000000966,demo-land-000266
10000000967,demo-land-000267
10000000968,demo-land-000267
10000000969,demo-land-000267
10000000970,demo-land-000267
10000000971,demo-land-000267
10000000972,demo-land-000267
10000000973,demo-land-000267
10000000974,demo-land-000267
10000000975,demo-land-000267
10000000976,demo-land-000267
10000000977,demo-land-000267
10000000978,demo-land-000267
10000000979,demo-land-000267
10000000980,demo-land-000267
10000000981,demo-land-000267
10000000982,demo-land-000267
10000000983,demo-land-000267
10000000984,demo-land-000267
10000000985,demo-land-000267
10000000986,demo-land-000267
10000000987,demo-land-000267
10000000988,demo-land-000267
10000000989,demo-land-000267
10000000990,demo-land-000267
10000000991,demo-land-000267
10000000992,demo-land-000267
10000000993,demo-land-000267
10000000994,demo-land-000267
10000000995,demo-land-000267
10000000996,demo-land-000267
10000000997,demo-land-000267
10000000998,demo-land-000267
10000000999,demo-land-000267
10000001000,demo-land-000268
10000001001,demo-land-000268
10000001002,demo-land-000268
10000001003,demo-land-000269
10000001004,demo-land-000269
10000001005,demo-land-000270
10000001006,demo-land-000271
10000001007,demo-land-000271
10000001008,demo-land-000271
10000001009,demo-land-000272
10000001010,demo-land-000273
10000001011,demo-land-000273
10000001012,demo-land-000273
10000001013,demo-land-000274
10000001014,demo-land-000274
10000001015,demo-land-000275
10000001016,demo-land-000276
10000001017,demo-land-000276
10000001018,demo-land-000276
10000001019,demo-land-000277
10000001020,demo-land-000277
10000001021,demo-land-000278
10000001022,demo-land-000279
10000001023,demo-land-000279
10000001024,demo-land-000280
10000001025,demo-land-000281
10000001026,demo-land-000281
10000001027,demo-land-000281
10000001028,demo-land-000282
10000001029,demo-land-000283
10000001030,demo-land-000283
10000001031,demo-land-000283
10000001032,demo-land-000284
10000001033,demo-land-000284
10000001034,demo-land-000285
10000001035,demo-land-000285
10000001036,demo-land-000285
10000001037,demo-land-000285
10000001038,demo-land-000285
10000001039,demo-land-000285
10000001040,demo-land-000285
10000001041,demo-land-000285
10000001042,demo-land-000286
10000001043,demo-land-000286
10000001044,demo-land-000286
10000001045,demo-land-000287
10000001046,demo-land-000288
10000001047,demo-land-000289
10000001048,demo-land-000290
10000001049,demo-land-000290
10000001050,demo-land-000290
10000001051,demo-land-000290
10000001052,demo-land-000290
10000001053,demo-land-000290
10000001054,demo-land-000290
10000001055,demo-land-000290
10000001056,demo-land-000290
10000001057,demo-land-000290
10000001058,demo-land-000290
10000001059,demo-land-000290
10000001060,demo-land-000290
10000001061,demo-land-000290
10000001062,demo-land-000290
10000001063,demo-land-000290
10000001064,demo-land-000290
10000001065,demo-land-000290
10000001066,demo-land-000290
10000001067,demo-land-000290
10000001068,demo-land-000290
10000001069,demo-land-000290
10000001070,demo-land-000290
10000001071,demo-land-000290
10000001072,demo-land-000290
10000001073,demo-land-000290
10000001074,demo-land-000290
10000001075,demo-land-000290
10000001076,demo-land-000290
10000001077,demo-land-000290
10000001078,demo-land-000290
10000001079,demo-land-000290
10000001080,demo-land-000290
10000001081,demo-land-000291
10000001082,demo-land-000291
10000001083,demo-land-000291
10000001084,demo-land-000291
10000001085,demo-land-000291
10000001086,demo-land-000291
10000001087,demo-land-000291
10000001088,demo-land-000291
10000001089,demo-land-000291
10000001090,demo-land-000291
10000001091,demo-land-000291
10000001092,demo-land-000292
10000001093,demo-land-000293
10000001094,demo-land-000293
10000001095,demo-land-000294
10000001096,demo-land-000294
10000001097,demo-land-000294
10000001098,demo-land-000295
10000001099,demo-land-000296
10000001100,demo-land-000296
10000001101,demo-land-000296
10000001102,demo-land-000297
10000001103,demo-land-000297
10000001104,demo-land-000298
10000001105,demo-land-000298
10000001106,demo-land-000298
10000001107,demo-land-000299
10000001108,demo-land-000299
10000001109,demo-land-000300
10000001110,demo-land-000300
10000001111,demo-land-000300
10000001112,demo-land-000301
10000001113,demo-land-000301
10000001114,demo-land-000301
10000001115,demo-land-000302
10000001116,demo-land-000302
10000001117,demo-land-000302
10000001118,demo-land-000303
10000001119,demo-land-000303
10000001120,demo-land-000304
10000001121,demo-land-000304
10000001122,demo-land-000305
10000001123,demo-land-000305
10000001124,demo-land-000305
10000001125,demo-land-000305
10000001126,demo-land-000305
10000001127,demo-land-000305
10000001128,demo-land-000305
10000001129,demo-land-000305
10000001130,demo-land-000305
10000001131,demo-land-000305
10000001132,demo-land-000306
10000001133,demo-land-000306
10000001134,demo-land-000307
10000001135,demo-land-000307
10000001136,demo-land-000307
10000001137,demo-land-000307
10000001138,demo-land-000307
10000001139,demo-land-000307
10000001140,demo-land-000307
10000001141,demo-land-000307
10000001142,demo-land-000308
10000001143,demo-land-000308
10000001144,demo-land-000309
10000001145,demo-land-000309
10000001146,demo-land-000310
10000001147,demo-land-000311
10000001148,demo-land-000311
10000001149,demo-land-000311
10000001150,demo-land-000312
10000001151,demo-land-000312
10000001152,demo-land-000312
10000001153,demo-land-000313
10000001154,demo-land-000314
10000001155,demo-land-000315
10000001156,demo-land-000316
10000001157,demo-land-000316
10000001158,demo-land-000316
10000001159,demo-land-000316
10000001160,demo-land-000316
10000001161,demo-land-000316
10000001162,demo-land-000316
10000001163,demo-land-000316
10000001164,demo-land-000316
10000001165,demo-land-000317
10000001166,demo-land-000318
10000001167,demo-land-000319
10000001168,demo-land-000319
10000001169,demo-land-000319
10000001170,demo-land-000320
10000001171,demo-land-000321
10000001172,demo-land-000322
10000001173,demo-land-000323
10000001174,demo-land-000324
10000001175,demo-land-000325
10000001176,demo-land-000325
10000001177,demo-land-000326
10000001178,demo-land-000326
10000001179,demo-land-000327
10000001180,demo-land-000327
10000001181,demo-land-000327
10000001182,demo-land-000328
10000001183,demo-land-000328
10000001184,demo-land-000329
10000001185,demo-land-000329
10000001186,demo-land-000329
10000001187,demo-land-000330
10000001188,demo-land-000330
10000001189,demo-land-000331
10000001190,demo-land-000332
10000001191,demo-land-000333
10000001192,demo-land-000334
10000001193,demo-land-000334
10000001194,demo-land-000334
10000001195,demo-land-000335
10000001196,demo-land-000335
10000001197,demo-land-000335
10000001198,demo-land-000335
10000001199,demo-land-000335
10000001200,demo-land-000335
10000001201,demo-land-000335
10000001202,demo-land-000335
10000001203,demo-land-000335
10000001204,demo-land-000335
10000001205,demo-land-000335
10000001206,demo-land-000335
10000001207,demo-land-000335
10000001208,demo-land-000335
10000001209,demo-land-000335
10000001210,demo-land-000335
10000001211,demo-land-000335
10000001212,demo-land-000335
10000001213,demo-land-000335
10000001214,demo-land-000335
10000001215,demo-land-000335
10000001216,demo-land-000336
10000001217,demo-land-000337
10000001218,demo-land-000337
10000001219,demo-land-000337
10000001220,demo-land-000338
10000001221,demo-land-000338
10000001222,demo-land-000338
10000001223,demo-land-000339
10000001224,demo-land-000340
10000001225,demo-land-000340
10000001226,demo-land-000341
10000001227,demo-land-000341
10000001228,demo-land-000341
10000001229,demo-land-000341
10000001230,demo-land-000341
10000001231,demo-land-000341
10000001232,demo-land-000341
10000001233,demo-land-000341
10000001234,demo-land-000341
10000001235,demo-land-000341
10000001236,demo-land-000341
10000001237,demo-land-000341
10000001238,demo-land-000342
10000001239,demo-land-000342
10000001240,demo-land-000343
10000001241,demo-land-000343
10000001242,demo-land-000343
10000001243,demo-land-000344
10000001244,demo-land-000344
10000001245,demo-land-000344
10000001246,demo-land-000345
10000001247,demo-land-000346
10000001248,demo-land-000347
10000001249,demo-land-000348
10000001250,demo-land-000348
10000001251,demo-land-000348
10000001252,demo-land-000348
10000001253,demo-land-000348
10000001254,demo-land-000348
10000001255,demo-land-000348
10000001256,demo-land-000348
10000001257,demo-land-000348
10000001258,demo-land-000348
10000001259,demo-land-000348
10000001260,demo-land-000348
10000001261,demo-land-000348
10000001262,demo-land-000348
10000001263,demo-land-000348
10000001264,demo-land-000348
10000001265,demo-land-000348
10000001266,demo-land-000348
10000001267,demo-land-000349
10000001268,demo-land-000349
10000001269,demo-land-000349
10000001270,demo-land-000350
10000001271,demo-land-000351
10000001272,demo-land-000352
10000001273,demo-land-000353
10000001274,demo-land-000353
10000001275,demo-land-000353
10000001276,demo-land-000354
10000001277,demo-land-000354
10000001278,demo-land-000355
10000001279,demo-land-000355
10000001280,demo-land-000355
10000001281,demo-land-000356
10000001282,demo-land-000357
10000001283,demo-land-000358
10000001284,demo-land-000359
10000001285,demo-land-000360
10000001286,demo-land-000361
10000001287,demo-land-000361
10000001288,demo-land-000362
10000001289,demo-land-000363
10000001290,demo-land-000364
10000001291,demo-land-000364
10000001292,demo-land-000365
10000001293,demo-land-000365
10000001294,demo-land-000366
10000001295,demo-land-000366
10000001296,demo-land-000366
10000001297,demo-land-000367
10000001298,demo-land-000368
10000001299,demo-land-000368
10000001300,demo-land-000369
10000001301,demo-land-000369
10000001302,demo-land-000370
10000001303,demo-land-000371
10000001304,demo-land-000371
10000001305,demo-land-000372
10000001306,demo-land-000372
10000001307,demo-land-000373
10000001308,demo-land-000373
10000001309,demo-land-000373
10000001310,demo-land-000374
10000001311,demo-land-000375
10000001312,demo-land-000375
10000001313,demo-land-000375
10000001314,demo-land-000376
10000001315,demo-land-000377
10000001316,demo-land-000377
10000001317,demo-land-000377
10000001318,demo-land-000378
10000001319,demo-land-000378
10000001320,demo-land-000378
10000001321,demo-land-000379
10000001322,demo-land-000379
10000001323,demo-land-000379
10000001324,demo-land-000380
10000001325,demo-land-000380
10000001326,demo-land-000381
10000001327,demo-land-000381
10000001328,demo-land-000381
10000001329,demo-land-000382
10000001330,demo-land-000383
10000001331,demo-land-000383
10000001332,demo-land-000383
10000001333,demo-land-000384
10000001334,demo-land-000385
10000001335,demo-land-000386
10000001336,demo-land-000387
10000001337,demo-land-000387
10000001338,demo-land-000388
10000001339,demo-land-000388
10000001340,demo-land-000388
10000001341,demo-land-000389
10000001342,demo-land-000390
10000001343,demo-land-000391
10000001344,demo-land-000392
10000001345,demo-land-000393
10000001346,demo-land-000394
10000001347,demo-land-000394
10000001348,demo-land-000394
10000001349,demo-land-000395
10000001350,demo-land-000395
10000001351,demo-land-000395
10000001352,demo-land-000395
10000001353,demo-land-000395
10000001354,demo-land-000395
10000001355,demo-land-000395
10000001356,demo-land-000395
10000001357,demo-land-000395
10000001358,demo-land-000395
10000001359,demo-land-000395
10000001360,demo-land-000395
10000001361,demo-land-000395
10000001362,demo-land-000395
10000001363,demo-land-000395
10000001364,demo-land-000395
10000001365,demo-land-000395
10000001366,demo-land-000395
10000001367,demo-land-000395
10000001368,demo-land-000395
10000001369,demo-land-000396
10000001370,demo-land-000396
10000001371,demo-land-000397
10000001372,demo-land-000398
10000001373,demo-land-000399
10000001374,demo-land-000399
10000001375,demo-land-000400
10000001376,demo-land-000400
10000001377,demo-land-000401
10000001378,demo-land-000401
10000001379,demo-land-000402
10000001380,demo-land-000403
10000001381,demo-land-000404
10000001382,demo-land-000404
10000001383,demo-land-000404
10000001384,demo-land-000405
10000001385,demo-land-000405
10000001386,demo-land-000406
10000001387,demo-land-000407
10000001388,demo-land-000407
10000001389,demo-land-000407
10000001390,demo-land-000407
10000001391,demo-land-000407
10000001392,demo-land-000407
10000001393,demo-land-000407
10000001394,demo-land-000407
10000001395,demo-land-000407
10000001396,demo-land-000407
10000001397,demo-land-000407
10000001398,demo-land-000407
10000001399,demo-land-000407
10000001400,demo-land-000407
10000001401,demo-land-000408
10000001402,demo-land-000409
10000001403,demo-land-000410
10000001404,demo-land-000411
10000001405,demo-land-000411
10000001406,demo-land-000411
10000001407,demo-land-000412
10000001408,demo-land-000413
10000001409,demo-land-000414
10000001410,demo-land-000414
10000001411,demo-land-000415
10000001412,demo-land-000416
10000001413,demo-land-000416
10000001414,demo-land-000417
10000001415,demo-land-000418
10000001416,demo-land-000419
10000001417,demo-land-000420
10000001418,demo-land-000421
10000001419,demo-land-000422
10000001420,demo-land-000422
10000001421,demo-land-000422
10000001422,demo-land-000422
10000001423,demo-land-000422
10000001424,demo-land-000422
10000001425,demo-land-000422
10000001426,demo-land-000422
10000001427,demo-land-000422
10000001428,demo-land-000422
10000001429,demo-land-000422
10000001430,demo-land-000422
10000001431,demo-land-000422
10000001432,demo-land-000422
10000001433,demo-land-000422
10000001434,demo-land-000422
10000001435,demo-land-000422
10000001436,demo-land-000422
10000001437,demo-land-000422
10000001438,demo-land-000422
10000001439,demo-land-000422
10000001440,demo-land-000422
10000001441,demo-land-000422
10000001442,demo-land-000422
10000001443,demo-land-000422
10000001444,demo-land-000422
10000001445,demo-land-000422
10000001446,demo-land-000422
10000001447,demo-land-000422
10000001448,demo-land-000422
10000001449,demo-land-000422
10000001450,demo-land-000422
10000001451,demo-land-000422
10000001452,demo-land-000423
10000001453,demo-land-000423
10000001454,demo-land-000423
10000001455,demo-land-000424
10000001456,demo-land-000424
10000001457,demo-land-000425
10000001458,demo-land-000425
10000001459,demo-land-000426
10000001460,demo-land-000426
10000001461,demo-land-000426
10000001462,demo-land-000427
10000001463,demo-land-000428
10000001464,demo-land-000429
10000001465,demo-land-000429
10000001466,demo-land-000430
10000001467,demo-land-000430
10000001468,demo-land-000431
10000001469,demo-land-000431
10000001470,demo-land-000431
10000001471,demo-land-000431
10000001472,demo-land-000431
10000001473,demo-land-000431
10000001474,demo-land-000431
10000001475,demo-land-000431
10000001476,demo-land-000431
10000001477,demo-land-000432
10000001478,demo-land-000433
10000001479,demo-land-000433
10000001480,demo-land-000433
10000001481,demo-land-000434
10000001482,demo-land-000434
10000001483,demo-land-000434
10000001484,demo-land-000435
10000001485,demo-land-000436
10000001486,demo-land-000436
10000001487,demo-land-000436
10000001488,demo-land-000437
10000001489,demo-land-000437
10000001490,demo-land-000437
10000001491,demo-land-000438
10000001492,demo-land-000439
10000001493,demo-land-000439
10000001494,demo-land-000439
10000001495,demo-land-000440
10000001496,demo-land-000440
10000001497,demo-land-000440
10000001498,demo-land-000441
10000001499,demo-land-000441
10000001500,demo-land-000441
10000001501,demo-land-000441
10000001502,demo-land-000441
10000001503,demo-land-000441
10000001504,demo-land-000441
10000001505,demo-land-000441
10000001506,demo-land-000441
10000001507,demo-land-000441
10000001508,demo-land-000441
10000001509,demo-land-000441
10000001510,demo-land-000441
10000001511,demo-land-000441
10000001512,demo-land-000441
10000001513,demo-land-000441
10000001514,demo-land-000441
10000001515,demo-land-000441
10000001516,demo-land-000441
10000001517,demo-land-000441
10000001518,demo-land-000442
10000001519,demo-land-000443
10000001520,demo-land-000443
10000001521,demo-land-000444
10000001522,demo-land-000444
10000001523,demo-land-000445
10000001524,demo-land-000445
10000001525,demo-land-000446
10000001526,demo-land-000446
10000001527,demo-land-000447
10000001528,demo-land-000448
10000001529,demo-land-000449
10000001530,demo-land-000449
10000001531,demo-land-000449
10000001532,demo-land-000450
10000001533,demo-land-000451
10000001534,demo-land-000451
10000001535,demo-land-000452
10000001536,demo-land-000452
10000001537,demo-land-000453
10000001538,demo-land-000453
10000001539,demo-land-000454
10000001540,demo-land-000455
10000001541,demo-land-000455
10000001542,demo-land-000455
10000001543,demo-land-000456
10000001544,demo-land-000457
10000001545,demo-land-000458
10000001546,demo-land-000458
10000001547,demo-land-000458
10000001548,demo-land-000458
10000001549,demo-land-000458
10000001550,demo-land-000458
10000001551,demo-land-000458
10000001552,demo-land-000458
10000001553,demo-land-000458
10000001554,demo-land-000458
10000001555,demo-land-000458
10000001556,demo-land-000458
10000001557,demo-land-000458
10000001558,demo-land-000458
10000001559,demo-land-000458
10000001560,demo-land-000458
10000001561,demo-land-000458
10000001562,demo-land-000458
10000001563,demo-land-000458
10000001564,demo-land-000458
10000001565,demo-land-000459
10000001566,demo-land-000459
10000001567,demo-land-000460
10000001568,demo-land-000461
10000001569,demo-land-000461
10000001570,demo-land-000461
10000001571,demo-land-000462
10000001572,demo-land-000462
10000001573,demo-land-000463
10000001574,demo-land-000463
10000001575,demo-land-000463
10000001576,demo-land-000464
10000001577,demo-land-000464
10000001578,demo-land-000465
10000001579,demo-land-000465
10000001580,demo-land-000465
10000001581,demo-land-000466
10000001582,demo-land-000467
10000001583,demo-land-000468
10000001584,demo-land-000469
10000001585,demo-land-000469
10000001586,demo-land-000469
10000001587,demo-land-000470
10000001588,demo-land-000471
10000001589,demo-land-000471
10000001590,demo-land-000472
10000001591,demo-land-000472
10000001592,demo-land-000473
10000001593,demo-land-000473
10000001594,demo-land-000473
10000001595,demo-land-000474
10000001596,demo-land-000475
10000001597,demo-land-000475
10000001598,demo-land-000475
10000001599,demo-land-000476
10000001600,demo-land-000477
10000001601,demo-land-000478
10000001602,demo-land-000478
10000001603,demo-land-000478
10000001604,demo-land-000479
10000001605,demo-land-000479
10000001606,demo-land-000479
10000001607,demo-land-000480
10000001608,demo-land-000481
10000001609,demo-land-000482
10000001610,demo-land-000482
10000001611,demo-land-000482
10000001612,demo-land-000483
10000001613,demo-land-000484
10000001614,demo-land-000484
10000001615,demo-land-000484
10000001616,demo-land-000485
10000001617,demo-land-000486
10000001618,demo-land-000486
10000001619,demo-land-000487
10000001620,demo-land-000488
10000001621,demo-land-000488
10000001622,demo-land-000489
10000001623,demo-land-000490
10000001624,demo-land-000491
10000001625,demo-land-000491
10000001626,demo-land-000492
10000001627,demo-land-000492
10000001628,demo-land-000493
10000001629,demo-land-000493
10000001630,demo-land-000493
10000001631,demo-land-000494
10000001632,demo-land-000495
10000001633,demo-land-000495
10000001634,demo-land-000495
10000001635,demo-land-000496
10000001636,demo-land-000496
10000001637,demo-land-000497
10000001638,demo-land-000497
10000001639,demo-land-000498
10000001640,demo-land-000499
10000001641,demo-land-000499
10000001642,demo-land-000499
10000001643,demo-land-000499
10000001644,demo-land-000499
10000001645,demo-land-000499
10000001646,demo-land-000499
10000001647,demo-land-000499
10000001648,demo-land-000499
10000001649,demo-land-000499
10000001650,demo-land-000499
10000001651,demo-land-000499
10000001652,demo-land-000499
10000001653,demo-land-000499
10000001654,demo-land-000499
10000001655,demo-land-000499
10000001656,demo-land-000499
10000001657,demo-land-000499
10000001658,demo-land-000499
10000001659,demo-land-000499
10000001660,demo-land-000499
10000001661,demo-land-000500
10000001662,demo-land-000500
10000001663,demo-land-000500
10000001664,demo-land-000501
10000001665,demo-land-000501
10000001666,demo-land-000501
10000001667,demo-land-000502
10000001668,demo-land-000502
10000001669,demo-land-000503
10000001670,demo-land-000504
10000001671,demo-land-000504
10000001672,demo-land-000504
10000001673,demo-land-000505
10000001674,demo-land-000506
10000001675,demo-land-000506
10000001676,demo-land-000506
10000001677,demo-land-000506
10000001678,demo-land-000506
10000001679,demo-land-000506
10000001680,demo-land-000506
10000001681,demo-land-000506
10000001682,demo-land-000506
10000001683,demo-land-000506
10000001684,demo-land-000506
10000001685,demo-land-000506
10000001686,demo-land-000506
10000001687,demo-land-000506
10000001688,demo-land-000506
10000001689,demo-land-000506
10000001690,demo-land-000506
10000001691,demo-land-000506
10000001692,demo-land-000506
10000001693,demo-land-000506
10000001694,demo-land-000506
10000001695,demo-land-000506
10000001696,demo-land-000506
10000001697,demo-land-000506
10000001698,demo-land-000506
10000001699,demo-land-000506
10000001700,demo-land-000506
10000001701,demo-land-000506
10000001702,demo-land-000506
10000001703,demo-land-000506
10000001704,demo-land-000507
10000001705,demo-land-000507
10000001706,demo-land-000507
10000001707,demo-land-000507
10000001708,demo-land-000507
10000001709,demo-land-000507
10000001710,demo-land-000507
10000001711,demo-land-000507
10000001712,demo-land-000507
10000001713,demo-land-000507
10000001714,demo-land-000507
10000001715,demo-land-000507
10000001716,demo-land-000508
10000001717,demo-land-000508
10000001718,demo-land-000508
10000001719,demo-land-000508
10000001720,demo-land-000508
10000001721,demo-land-000508
10000001722,demo-land-000508
10000001723,demo-land-000508
10000001724,demo-land-000508
10000001725,demo-land-000508
10000001726,demo-land-000508
10000001727,demo-land-000508
10000001728,demo-land-000508
10000001729,demo-land-000508
10000001730,demo-land-000508
10000001731,demo-land-000508
10000001732,demo-land-000508
10000001733,demo-land-000508
10000001734,demo-land-000508
10000001735,demo-land-000508
10000001736,demo-land-000509
10000001737,demo-land-000509
10000001738,demo-land-000510
10000001739,demo-land-000511
10000001740,demo-land-000512
10000001741,demo-land-000512
10000001742,demo-land-000512
10000001743,demo-land-000513
10000001744,demo-land-000514
10000001745,demo-land-000515
10000001746,demo-land-000515
10000001747,demo-land-000515
10000001748,demo-land-000516
10000001749,demo-land-000517
10000001750,demo-land-000518
10000001751,demo-land-000518
10000001752,demo-land-000518
10000001753,demo-land-000519
10000001754,demo-land-000519
10000001755,demo-land-000520
10000001756,demo-land-000521
10000001757,demo-land-000521
10000001758,demo-land-000521
10000001759,demo-land-000522
10000001760,demo-land-000523
10000001761,demo-land-000523
10000001762,demo-land-000523
10000001763,demo-land-000523
10000001764,demo-land-000523
10000001765,demo-land-000523
10000001766,demo-land-000523
10000001767,demo-land-000523
10000001768,demo-land-000523
10000001769,demo-land-000524
10000001770,demo-land-000525
10000001771,demo-land-000526
10000001772,demo-land-000527
10000001773,demo-land-000527
10000001774,demo-land-000527
10000001775,demo-land-000528
10000001776,demo-land-000529
10000001777,demo-land-000530
10000001778,demo-land-000530
10000001779,demo-land-000531
10000001780,demo-land-000531
10000001781,demo-land-000531
10000001782,demo-land-000532
10000001783,demo-land-000532
10000001784,demo-land-000532
10000001785,demo-land-000533
10000001786,demo-land-000534
10000001787,demo-land-000534
10000001788,demo-land-000535
10000001789,demo-land-000535
10000001790,demo-land-000535
10000001791,demo-land-000535
10000001792,demo-land-000535
10000001793,demo-land-000535
10000001794,demo-land-000536
10000001795,demo-land-000536
10000001796,demo-land-000536
10000001797,demo-land-000537
10000001798,demo-land-000538
10000001799,demo-land-000538
10000001800,demo-land-000539
10000001801,demo-land-000540
10000001802,demo-land-000540
10000001803,demo-land-000541
10000001804,demo-land-000542
10000001805,demo-land-000543
10000001806,demo-land-000543
10000001807,demo-land-000543
10000001808,demo-land-000544
10000001809,demo-land-000544
10000001810,demo-land-000544
10000001811,demo-land-000545
10000001812,demo-land-000546
10000001813,demo-land-000546
10000001814,demo-land-000546
10000001815,demo-land-000546
10000001816,demo-land-000546
10000001817,demo-land-000546
10000001818,demo-land-000546
10000001819,demo-land-000546
10000001820,demo-land-000546
10000001821,demo-land-000546
10000001822,demo-land-000546
10000001823,demo-land-000546
10000001824,demo-land-000546
10000001825,demo-land-000546
10000001826,demo-land-000546
10000001827,demo-land-000546
10000001828,demo-land-000546
10000001829,demo-land-000546
10000001830,demo-land-000546
10000001831,demo-land-000546
10000001832,demo-land-000546
10000001833,demo-land-000546
10000001834,demo-land-000546
10000001835,demo-land-000546
10000001836,demo-land-000546
10000001837,demo-land-000546
10000001838,demo-land-000546
10000001839,demo-land-000546
10000001840,demo-land-000546
10000001841,demo-land-000546
10000001842,demo-land-000547
10000001843,demo-land-000548
10000001844,demo-land-000549
10000001845,demo-land-000549
10000001846,demo-land-000549
10000001847,demo-land-000550
10000001848,demo-land-000551
10000001849,demo-land-000551
10000001850,demo-land-000551
10000001851,demo-land-000552
10000001852,demo-land-000553
10000001853,demo-land-000554
10000001854,demo-land-000555
10000001855,demo-land-000555
10000001856,demo-land-000555
10000001857,demo-land-000556
10000001858,demo-land-000556
10000001859,demo-land-000556
10000001860,demo-land-000557
10000001861,demo-land-000557
10000001862,demo-land-000557
10000001863,demo-land-000558
10000001864,demo-land-000558
10000001865,demo-land-000559
10000001866,demo-land-000559
10000001867,demo-land-000559
10000001868,demo-land-000560
10000001869,demo-land-000560
10000001870,demo-land-000560
10000001871,demo-land-000560
10000001872,demo-land-000560
10000001873,demo-land-000560
10000001874,demo-land-000560
10000001875,demo-land-000560
10000001876,demo-land-000560
10000001877,demo-land-000560
10000001878,demo-land-000560
10000001879,demo-land-000560
10000001880,demo-land-000560
10000001881,demo-land-000560
10000001882,demo-land-000561
10000001883,demo-land-000561
10000001884,demo-land-000562
10000001885,demo-land-000563
10000001886,demo-land-000563
10000001887,demo-land-000563
10000001888,demo-land-000564
10000001889,demo-land-000564
10000001890,demo-land-000564
10000001891,demo-land-000565
10000001892,demo-land-000565
10000001893,demo-land-000566
10000001894,demo-land-000567
10000001895,demo-land-000568
10000001896,demo-land-000569
10000001897,demo-land-000569
10000001898,demo-land-000570
10000001899,demo-land-000571
10000001900,demo-land-000571
10000001901,demo-land-000571
10000001902,demo-land-000572
10000001903,demo-land-000572
10000001904,demo-land-000572
10000001905,demo-land-000572
10000001906,demo-land-000572
10000001907,demo-land-000572
10000001908,demo-land-000572
10000001909,demo-land-000572
10000001910,demo-land-000572
10000001911,demo-land-000572
10000001912,demo-land-000572
10000001913,demo-land-000572
10000001914,demo-land-000572
10000001915,demo-land-000572
10000001916,demo-land-000572
10000001917,demo-land-000572
10000001918,demo-land-000572
10000001919,demo-land-000572
10000001920,demo-land-000573
10000001921,demo-land-000573
10000001922,demo-land-000574
10000001923,demo-land-000575
10000001924,demo-land-000575
10000001925,demo-land-000575
10000001926,demo-land-000576
10000001927,demo-land-000577
10000001928,demo-land-000578
10000001929,demo-land-000579
10000001930,demo-land-000579
10000001931,demo-land-000579
10000001932,demo-land-000580
10000001933,demo-land-000581
10000001934,demo-land-000582
10000001935,demo-land-000583
10000001936,demo-land-000583
10000001937,demo-land-000584
10000001938,demo-land-000585
10000001939,demo-land-000585
10000001940,demo-land-000585
10000001941,demo-land-000586
10000001942,demo-land-000587
10000001943,demo-land-000587
10000001944,demo-land-000587
10000001945,demo-land-000588
10000001946,demo-land-000588
10000001947,demo-land-000588
10000001948,demo-land-000589
10000001949,demo-land-000589
10000001950,demo-land-000589
10000001951,demo-land-000590
10000001952,demo-land-000590
10000001953,demo-land-000590
10000001954,demo-land-000591
10000001955,demo-land-000591
10000001956,demo-land-000591
10000001957,demo-land-000592
10000001958,demo-land-000592
10000001959,demo-land-000592
10000001960,demo-land-000592
10000001961,demo-land-000592
10000001962,demo-land-000592
10000001963,demo-land-000592
10000001964,demo-land-000592
10000001965,demo-land-000592
10000001966,demo-land-000592
10000001967,demo-land-000592
10000001968,demo-land-000592
10000001969,demo-land-000592
10000001970,demo-land-000592
10000001971,demo-land-000592
10000001972,demo-land-000592
10000001973,demo-land-000592
10000001974,demo-land-000592
10000001975,demo-land-000593
10000001976,demo-land-000593
10000001977,demo-land-000594
10000001978,demo-land-000595
10000001979,demo-land-000595
10000001980,demo-land-000595
10000001981,demo-land-000596
10000001982,demo-land-000596
10000001983,demo-land-000596
10000001984,demo-land-000596
10000001985,demo-land-000596
10000001986,demo-land-000596
10000001987,demo-land-000596
10000001988,demo-land-000596
10000001989,demo-land-000596
10000001990,demo-land-000596
10000001991,demo-land-000596
10000001992,demo-land-000596
10000001993,demo-land-000596
10000001994,demo-land-000596
10000001995,demo-land-000596
10000001996,demo-land-000596
10000001997,demo-land-000596
10000001998,demo-land-000596
10000001999,demo-land-000596
10000002000,demo-land-000596
10000002001,demo-land-000596
10000002002,demo-land-000597
10000002003,demo-land-000597
10000002004,demo-land-000598
10000002005,demo-land-000598
10000002006,demo-land-000598
10000002007,demo-land-000599
10000002008,demo-land-000600
10000002009,demo-land-000600
10000002010,demo-land-000600
10000002011,demo-land-000601
10000002012,demo-land-000601
10000002013,demo-land-000602
10000002014,demo-land-000603
10000002015,demo-land-000603
10000002016,demo-land-000603
10000002017,demo-land-000604
10000002018,demo-land-000604
10000002019,demo-land-000604
10000002020,demo-land-000605
10000002021,demo-land-000606
10000002022,demo-land-000606
10000002023,demo-land-000607
10000002024,demo-land-000608
10000002025,demo-land-000609
10000002026,demo-land-000609
10000002027,demo-land-000609
10000002028,demo-land-000609
10000002029,demo-land-000609
10000002030,demo-land-000609
10000002031,demo-land-000609
10000002032,demo-land-000609
10000002033,demo-land-000609
10000002034,demo-land-000609
10000002035,demo-land-000609
10000002036,demo-land-000610
10000002037,demo-land-000611
10000002038,demo-land-000611
10000002039,demo-land-000612
10000002040,demo-land-000613
10000002041,demo-land-000613
10000002042,demo-land-000614
10000002043,demo-land-000615
10000002044,demo-land-000616
10000002045,demo-land-000617
10000002046,demo-land-000618
10000002047,demo-land-000618
10000002048,demo-land-000619
10000002049,demo-land-000620
10000002050,demo-land-000621
10000002051,demo-land-000621
10000002052,demo-land-000622
10000002053,demo-land-000622
10000002054,demo-land-000623
10000002055,demo-land-000624
10000002056,demo-land-000624
10000002057,demo-land-000624
10000002058,demo-land-000624
10000002059,demo-land-000624
10000002060,demo-land-000624
10000002061,demo-land-000624
10000002062,demo-land-000624
10000002063,demo-land-000624
10000002064,demo-land-000624
10000002065,demo-land-000624
10000002066,demo-land-000624
10000002067,demo-land-000624
10000002068,demo-land-000624
10000002069,demo-land-000624
10000002070,demo-land-000624
10000002071,demo-land-000624
10000002072,demo-land-000624
10000002073,demo-land-000624
10000002074,demo-land-000624
10000002075,demo-land-000624
10000002076,demo-land-000624
10000002077,demo-land-000624
10000002078,demo-land-000624
10000002079,demo-land-000625
10000002080,demo-land-000625
10000002081,demo-land-000625
10000002082,demo-land-000626
10000002083,demo-land-000627
10000002084,demo-land-000628
10000002085,demo-land-000628
10000002086,demo-land-000628
10000002087,demo-land-000629
10000002088,demo-land-000629
10000002089,demo-land-000629
10000002090,demo-land-000630
10000002091,demo-land-000630
10000002092,demo-land-000630
10000002093,demo-land-000631
10000002094,demo-land-000632
10000002095,demo-land-000633
10000002096,demo-land-000633
10000002097,demo-land-000633
10000002098,demo-land-000634
10000002099,demo-land-000634
10000002100,demo-land-000635
10000002101,demo-land-000635
10000002102,demo-land-000635
10000002103,demo-land-000635
10000002104,demo-land-000635
10000002105,demo-land-000635
10000002106,demo-land-000635
10000002107,demo-land-000635
10000002108,demo-land-000635
10000002109,demo-land-000635
10000002110,demo-land-000635
10000002111,demo-land-000635
10000002112,demo-land-000635
10000002113,demo-land-000635
10000002114,demo-land-000635
10000002115,demo-land-000635
10000002116,demo-land-000635
10000002117,demo-land-000635
10000002118,demo-land-000635
10000002119,demo-land-000635
10000002120,demo-land-000635
10000002121,demo-land-000635
10000002122,demo-land-000635
10000002123,demo-land-000635
10000002124,demo-land-000635
10000002125,demo-land-000635
10000002126,demo-land-000635
10000002127,demo-land-000635
10000002128,demo-land-000635
10000002129,demo-land-000635
10000002130,demo-land-000635
10000002131,demo-land-000635
10000002132,demo-land-000635
10000002133,demo-land-000636
10000002134,demo-land-000637
10000002135,demo-land-000637
10000002136,demo-land-000637
10000002137,demo-land-000637
10000002138,demo-land-000637
10000002139,demo-land-000637
10000002140,demo-land-000638
10000002141,demo-land-000638
10000002142,demo-land-000638
10000002143,demo-land-000639
10000002144,demo-land-000639
10000002145,demo-land-000640
10000002146,demo-land-000640
10000002147,demo-land-000640
10000002148,demo-land-000641
10000002149,demo-land-000642
10000002150,demo-land-000643
10000002151,demo-land-000644
10000002152,demo-land-000645
10000002153,demo-land-000645
10000002154,demo-land-000645
10000002155,demo-land-000646
10000002156,demo-land-000646
10000002157,demo-land-000646
10000002158,demo-land-000647
10000002159,demo-land-000648
10000002160,demo-land-000649
10000002161,demo-land-000650
10000002162,demo-land-000650
10000002163,demo-land-000650
10000002164,demo-land-000651
10000002165,demo-land-000651
10000002166,demo-land-000652
10000002167,demo-land-000652
10000002168,demo-land-000653
10000002169,demo-land-000654
10000002170,demo-land-000655
10000002171,demo-land-000655
10000002172,demo-land-000655
10000002173,demo-land-000656
10000002174,demo-land-000656
10000002175,demo-land-000656
10000002176,demo-land-000657
10000002177,demo-land-000658
10000002178,demo-land-000659
10000002179,demo-land-000660
10000002180,demo-land-000661
10000002181,demo-land-000661
10000002182,demo-land-000661
10000002183,demo-land-000662
10000002184,demo-land-000662
10000002185,demo-land-000662
10000002186,demo-land-000663
10000002187,demo-land-000663
10000002188,demo-land-000663
10000002189,demo-land-000664
10000002190,demo-land-000665
10000002191,demo-land-000666
10000002192,demo-land-000667
10000002193,demo-land-000667
10000002194,demo-land-000667
10000002195,demo-land-000668
10000002196,demo-land-000669
10000002197,demo-land-000670
10000002198,demo-land-000671
10000002199,demo-land-000672
10000002200,demo-land-000673
10000002201,demo-land-000673
10000002202,demo-land-000673
10000002203,demo-land-000674
10000002204,demo-land-000675
10000002205,demo-land-000675
10000002206,demo-land-000675
10000002207,demo-land-000675
10000002208,demo-land-000675
10000002209,demo-land-000675
10000002210,demo-land-000675
10000002211,demo-land-000675
10000002212,demo-land-000675
10000002213,demo-land-000675
10000002214,demo-land-000675
10000002215,demo-land-000675
10000002216,demo-land-000675
10000002217,demo-land-000675
10000002218,demo-land-000675
10000002219,demo-land-000675
10000002220,demo-land-000675
10000002221,demo-land-000675
10000002222,demo-land-000675
10000002223,demo-land-000675
10000002224,demo-land-000675
10000002225,demo-land-000675
10000002226,demo-land-000675
10000002227,demo-land-000675
10000002228,demo-land-000675
10000002229,demo-land-000675
10000002230,demo-land-000675
10000002231,demo-land-000676
10000002232,demo-land-000677
10000002233,demo-land-000677
10000002234,demo-land-000677
10000002235,demo-land-000678
10000002236,demo-land-000679
10000002237,demo-land-000679
10000002238,demo-land-000679
10000002239,demo-land-000680
10000002240,demo-land-000680
10000002241,demo-land-000680
10000002242,demo-land-000681
10000002243,demo-land-000682
10000002244,demo-land-000682
10000002245,demo-land-000683
10000002246,demo-land-000684
10000002247,demo-land-000684
10000002248,demo-land-000684
10000002249,demo-land-000684
10000002250,demo-land-000684
10000002251,demo-land-000684
10000002252,demo-land-000684
10000002253,demo-land-000684
10000002254,demo-land-000684
10000002255,demo-land-000684
10000002256,demo-land-000684
10000002257,demo-land-000684
10000002258,demo-land-000684
10000002259,demo-land-000684
10000002260,demo-land-000685
10000002261,demo-land-000686
10000002262,demo-land-000686
10000002263,demo-land-000687
10000002264,demo-land-000688
10000002265,demo-land-000688
10000002266,demo-land-000688
10000002267,demo-land-000689
10000002268,demo-land-000689
10000002269,demo-land-000690
10000002270,demo-land-000691
10000002271,demo-land-000692
10000002272,demo-land-000693
10000002273,demo-land-000693
10000002274,demo-land-000693
10000002275,demo-land-000694
10000002276,demo-land-000694
10000002277,demo-land-000694
10000002278,demo-land-000695
10000002279,demo-land-000695
10000002280,demo-land-000695
10000002281,demo-land-000696
10000002282,demo-land-000696
10000002283,demo-land-000697
10000002284,demo-land-000697
10000002285,demo-land-000697
10000002286,demo-land-000697
10000002287,demo-land-000697
10000002288,demo-land-000697
10000002289,demo-land-000697
10000002290,demo-land-000697
10000002291,demo-land-000697
10000002292,demo-land-000697
10000002293,demo-land-000697
10000002294,demo-land-000697
10000002295,demo-land-000697
10000002296,demo-land-000697
10000002297,demo-land-000697
10000002298,demo-land-000697
10000002299,demo-land-000697
10000002300,demo-land-000697
10000002301,demo-land-000697
10000002302,demo-land-000697
10000002303,demo-land-000697
10000002304,demo-land-000697
10000002305,demo-land-000698
10000002306,demo-land-000698
10000002307,demo-land-000698
10000002308,demo-land-000698
10000002309,demo-land-000698
10000002310,demo-land-000698
10000002311,demo-land-000698
10000002312,demo-land-000698
10000002313,demo-land-000698
10000002314,demo-land-000698
10000002315,demo-land-000698
10000002316,demo-land-000698
10000002317,demo-land-000698
10000002318,demo-land-000698
10000002319,demo-land-000698
10000002320,demo-land-000698
10000002321,demo-land-000698
10000002322,demo-land-000698
10000002323,demo-land-000698
10000002324,demo-land-000698
10000002325,demo-land-000698
10000002326,demo-land-000699
10000002327,demo-land-000699
10000002328,demo-land-000699
10000002329,demo-land-000700
10000002330,demo-land-000701
10000002331,demo-land-000701
10000002332,demo-land-000701
10000002333,demo-land-000702
10000002334,demo-land-000703
10000002335,demo-land-000703
10000002336,demo-land-000704
10000002337,demo-land-000704
10000002338,demo-land-000704
10000002339,demo-land-000705
10000002340,demo-land-000705
10000002341,demo-land-000706
10000002342,demo-land-000707
10000002343,demo-land-000708
10000002344,demo-land-000709
10000002345,demo-land-000709
10000002346,demo-land-000709
10000002347,demo-land-000710
10000002348,demo-land-000711
10000002349,demo-land-000712
10000002350,demo-land-000712
10000002351,demo-land-000713
10000002352,demo-land-000713
10000002353,demo-land-000714
10000002354,demo-land-000714
10000002355,demo-land-000714
10000002356,demo-land-000715
10000002357,demo-land-000716
10000002358,demo-land-000716
10000002359,demo-land-000717
10000002360,demo-land-000718
10000002361,demo-land-000719
10000002362,demo-land-000720
10000002363,demo-land-000720
10000002364,demo-land-000721
10000002365,demo-land-000722
10000002366,demo-land-000722
10000002367,demo-land-000722
10000002368,demo-land-000722
10000002369,demo-land-000722
10000002370,demo-land-000722
10000002371,demo-land-000722
10000002372,demo-land-000722
10000002373,demo-land-000722
10000002374,demo-land-000722
10000002375,demo-land-000722
10000002376,demo-land-000722
10000002377,demo-land-000722
10000002378,demo-land-000722
10000002379,demo-land-000722
10000002380,demo-land-000722
10000002381,demo-land-000722
10000002382,demo-land-000722
10000002383,demo-land-000722
10000002384,demo-land-000722
10000002385,demo-land-000722
10000002386,demo-land-000722
10000002387,demo-land-000722
10000002388,demo-land-000722
10000002389,demo-land-000723
10000002390,demo-land-000723
10000002391,demo-land-000723
10000002392,demo-land-000723
10000002393,demo-land-000723
10000002394,demo-land-000723
10000002395,demo-land-000723
10000002396,demo-land-000723
10000002397,demo-land-000723
10000002398,demo-land-000723
10000002399,demo-land-000723
10000002400,demo-land-000723
10000002401,demo-land-000723
10000002402,demo-land-000723
10000002403,demo-land-000723
10000002404,demo-land-000723
10000002405,demo-land-000723
10000002406,demo-land-000723
10000002407,demo-land-000723
10000002408,demo-land-000723
10000002409,demo-land-000723
10000002410,demo-land-000723
10000002411,demo-land-000723
10000002412,demo-land-000723
10000002413,demo-land-000723
10000002414,demo-land-000723
10000002415,demo-land-000723
10000002416,demo-land-000724
10000002417,demo-land-000725
10000002418,demo-land-000725
10000002419,demo-land-000725
10000002420,demo-land-000726
10000002421,demo-land-000727
10000002422,demo-land-000727
10000002423,demo-land-000728
10000002424,demo-land-000729
10000002425,demo-land-000729
10000002426,demo-land-000729
10000002427,demo-land-000729
10000002428,demo-land-000729
10000002429,demo-land-000729
10000002430,demo-land-000729
10000002431,demo-land-000729
10000002432,demo-land-000729
10000002433,demo-land-000729
10000002434,demo-land-000729
10000002435,demo-land-000729
10000002436,demo-land-000729
10000002437,demo-land-000729
10000002438,demo-land-000729
10000002439,demo-land-000729
10000002440,demo-land-000729
10000002441,demo-land-000729
10000002442,demo-land-000729
10000002443,demo-land-000729
10000002444,demo-land-000729
10000002445,demo-land-000729
10000002446,demo-land-000729
10000002447,demo-land-000729
10000002448,demo-land-000730
10000002449,demo-land-000730
10000002450,demo-land-000730
10000002451,demo-land-000731
10000002452,demo-land-000731
10000002453,demo-land-000732
10000002454,demo-land-000732
10000002455,demo-land-000733
10000002456,demo-land-000733
10000002457,demo-land-000733
10000002458,demo-land-000734
10000002459,demo-land-000734
10000002460,demo-land-000734
10000002461,demo-land-000735
10000002462,demo-land-000735
10000002463,demo-land-000735
10000002464,demo-land-000736
10000002465,demo-land-000736
10000002466,demo-land-000737
10000002467,demo-land-000737
10000002468,demo-land-000738
10000002469,demo-land-000738
10000002470,demo-land-000738
10000002471,demo-land-000738
10000002472,demo-land-000738
10000002473,demo-land-000738
10000002474,demo-land-000738
10000002475,demo-land-000738
10000002476,demo-land-000738
10000002477,demo-land-000738
10000002478,demo-land-000738
10000002479,demo-land-000738
10000002480,demo-land-000738
10000002481,demo-land-000738
10000002482,demo-land-000738
10000002483,demo-land-000738
10000002484,demo-land-000738
10000002485,demo-land-000738
10000002486,demo-land-000738
10000002487,demo-land-000738
10000002488,demo-land-000738
10000002489,demo-land-000738
10000002490,demo-land-000738
10000002491,demo-land-000738
10000002492,demo-land-000738
10000002493,demo-land-000738
10000002494,demo-land-000738
10000002495,demo-land-000738
10000002496,demo-land-000738
10000002497,demo-land-000738
10000002498,demo-land-000738
10000002499,demo-land-000738
10000002500,demo-land-000738
10000002501,demo-land-000738
10000002502,demo-land-000738
10000002503,demo-land-000738
10000002504,demo-land-000739
10000002505,demo-land-000739
10000002506,demo-land-000739
10000002507,demo-land-000740
10000002508,demo-land-000741
10000002509,demo-land-000742
10000002510,demo-land-000742
10000002511,demo-land-000743
10000002512,demo-land-000744
10000002513,demo-land-000744
10000002514,demo-land-000744
10000002515,demo-land-000745
10000002516,demo-land-000745
10000002517,demo-land-000745
10000002518,demo-land-000746
10000002519,demo-land-000746
10000002520,demo-land-000747
10000002521,demo-land-000747
10000002522,demo-land-000748
10000002523,demo-land-000749
10000002524,demo-land-000749
10000002525,demo-land-000750
10000002526,demo-land-000750
10000002527,demo-land-000751
10000002528,demo-land-000752
10000002529,demo-land-000752
10000002530,demo-land-000753
10000002531,demo-land-000754
10000002532,demo-land-000754
10000002533,demo-land-000755
10000002534,demo-land-000755
10000002535,demo-land-000755
10000002536,demo-land-000756
10000002537,demo-land-000757
10000002538,demo-land-000757
10000002539,demo-land-000757
10000002540,demo-land-000758
10000002541,demo-land-000758
10000002542,demo-land-000759
10000002543,demo-land-000759
10000002544,demo-land-000759
10000002545,demo-land-000760
10000002546,demo-land-000761
10000002547,demo-land-000761
10000002548,demo-land-000761
10000002549,demo-land-000762
10000002550,demo-land-000762
10000002551,demo-land-000763
10000002552,demo-land-000764
10000002553,demo-land-000764
10000002554,demo-land-000764
10000002555,demo-land-000764
10000002556,demo-land-000764
10000002557,demo-land-000764
10000002558,demo-land-000764
10000002559,demo-land-000764
10000002560,demo-land-000764
10000002561,demo-land-000764
10000002562,demo-land-000764
10000002563,demo-land-000764
10000002564,demo-land-000764
10000002565,demo-land-000764
10000002566,demo-land-000764
10000002567,demo-land-000764
10000002568,demo-land-000764
10000002569,demo-land-000764
10000002570,demo-land-000764
10000002571,demo-land-000764
10000002572,demo-land-000764
10000002573,demo-land-000764
10000002574,demo-land-000764
10000002575,demo-land-000764
10000002576,demo-land-000764
10000002577,demo-land-000764
10000002578,demo-land-000764
10000002579,demo-land-000764
10000002580,demo-land-000764
10000002581,demo-land-000764
10000002582,demo-land-000765
10000002583,demo-land-000765
10000002584,demo-land-000766
10000002585,demo-land-000766
10000002586,demo-land-000766
10000002587,demo-land-000767
10000002588,demo-land-000768
10000002589,demo-land-000769
10000002590,demo-land-000770
10000002591,demo-land-000770
10000002592,demo-land-000770
10000002593,demo-land-000771
10000002594,demo-land-000771
10000002595,demo-land-000772
10000002596,demo-land-000772
10000002597,demo-land-000772
10000002598,demo-land-000773
10000002599,demo-land-000773
10000002600,demo-land-000774
10000002601,demo-land-000775
10000002602,demo-land-000775
10000002603,demo-land-000775
10000002604,demo-land-000775
10000002605,demo-land-000775
10000002606,demo-land-000775
10000002607,demo-land-000775
10000002608,demo-land-000775
10000002609,demo-land-000775
10000002610,demo-land-000775
10000002611,demo-land-000775
10000002612,demo-land-000775
10000002613,demo-land-000775
10000002614,demo-land-000775
10000002615,demo-land-000775
10000002616,demo-land-000775
10000002617,demo-land-000775
10000002618,demo-land-000775
10000002619,demo-land-000775
10000002620,demo-land-000775
10000002621,demo-land-000775
10000002622,demo-land-000775
10000002623,demo-land-000775
10000002624,demo-land-000775
10000002625,demo-land-000775
10000002626,demo-land-000775
10000002627,demo-land-000775
10000002628,demo-land-000775
10000002629,demo-land-000775
10000002630,demo-land-000775
10000002631,demo-land-000775
10000002632,demo-land-000775
10000002633,demo-land-000775
10000002634,demo-land-000775
10000002635,demo-land-000775
10000002636,demo-land-000775
10000002637,demo-land-000776
10000002638,demo-land-000777
10000002639,demo-land-000777
10000002640,demo-land-000777
10000002641,demo-land-000777
10000002642,demo-land-000777
10000002643,demo-land-000777
10000002644,demo-land-000777
10000002645,demo-land-000777
10000002646,demo-land-000777
10000002647,demo-land-000777
10000002648,demo-land-000777
10000002649,demo-land-000777
10000002650,demo-land-000777
10000002651,demo-land-000777
10000002652,demo-land-000777
10000002653,demo-land-000777
10000002654,demo-land-000777
10000002655,demo-land-000777
10000002656,demo-land-000777
10000002657,demo-land-000777
10000002658,demo-land-000777
10000002659,demo-land-000778
10000002660,demo-land-000779
10000002661,demo-land-000779
10000002662,demo-land-000780
10000002663,demo-land-000780
10000002664,demo-land-000780
10000002665,demo-land-000781
10000002666,demo-land-000781
10000002667,demo-land-000781
10000002668,demo-land-000782
10000002669,demo-land-000782
10000002670,demo-land-000782
10000002671,demo-land-000782
10000002672,demo-land-000782
10000002673,demo-land-000782
10000002674,demo-land-000782
10000002675,demo-land-000782
10000002676,demo-land-000782
10000002677,demo-land-000782
10000002678,demo-land-000782
10000002679,demo-land-000782
10000002680,demo-land-000782
10000002681,demo-land-000782
10000002682,demo-land-000782
10000002683,demo-land-000782
10000002684,demo-land-000782
10000002685,demo-land-000782
10000002686,demo-land-000783
10000002687,demo-land-000783
10000002688,demo-land-000784
10000002689,demo-land-000784
10000002690,demo-land-000784
10000002691,demo-land-000784
10000002692,demo-land-000784
10000002693,demo-land-000784
10000002694,demo-land-000784
10000002695,demo-land-000784
10000002696,demo-land-000784
10000002697,demo-land-000784
10000002698,demo-land-000784
10000002699,demo-land-000784
10000002700,demo-land-000784
10000002701,demo-land-000784
10000002702,demo-land-000784
10000002703,demo-land-000784
10000002704,demo-land-000784
10000002705,demo-land-000784
10000002706,demo-land-000784
10000002707,demo-land-000784
10000002708,demo-land-000785
10000002709,demo-land-000786
10000002710,demo-land-000787
10000002711,demo-land-000788
10000002712,demo-land-000788
10000002713,demo-land-000789
10000002714,demo-land-000789
10000002715,demo-land-000789
10000002716,demo-land-000789
10000002717,demo-land-000789
10000002718,demo-land-000789
10000002719,demo-land-000789
10000002720,demo-land-000789
10000002721,demo-land-000789
10000002722,demo-land-000789
10000002723,demo-land-000789
10000002724,demo-land-000789
10000002725,demo-land-000789
10000002726,demo-land-000789
10000002727,demo-land-000789
10000002728,demo-land-000789
10000002729,demo-land-000789
10000002730,demo-land-000789
10000002731,demo-land-000789
10000002732,demo-land-000789
10000002733,demo-land-000789
10000002734,demo-land-000789
10000002735,demo-land-000789
10000002736,demo-land-000789
10000002737,demo-land-000789
10000002738,demo-land-000789
10000002739,demo-land-000789
10000002740,demo-land-000789
10000002741,demo-land-000789
10000002742,demo-land-000789
10000002743,demo-land-000789
10000002744,demo-land-000789
10000002745,demo-land-000789
10000002746,demo-land-000790
10000002747,demo-land-000790
10000002748,demo-land-000790
10000002749,demo-land-000791
10000002750,demo-land-000791
10000002751,demo-land-000792
10000002752,demo-land-000792
10000002753,demo-land-000792
10000002754,demo-land-000792
10000002755,demo-land-000792
10000002756,demo-land-000792
10000002757,demo-land-000792
10000002758,demo-land-000792
10000002759,demo-land-000792
10000002760,demo-land-000792
10000002761,demo-land-000792
10000002762,demo-land-000792
10000002763,demo-land-000792
10000002764,demo-land-000792
10000002765,demo-land-000792
10000002766,demo-land-000792
10000002767,demo-land-000792
10000002768,demo-land-000792
10000002769,demo-land-000792
10000002770,demo-land-000792
10000002771,demo-land-000792
10000002772,demo-land-000792
10000002773,demo-land-000792
10000002774,demo-land-000792
10000002775,demo-land-000793
10000002776,demo-land-000794
10000002777,demo-land-000795
10000002778,demo-land-000795
10000002779,demo-land-000795
10000002780,demo-land-000795
10000002781,demo-land-000795
10000002782,demo-land-000795
10000002783,demo-land-000795
10000002784,demo-land-000796
10000002785,demo-land-000796
10000002786,demo-land-000796
10000002787,demo-land-000797
10000002788,demo-land-000797
10000002789,demo-land-000797
10000002790,demo-land-000798
10000002791,demo-land-000799
10000002792,demo-land-000800
10000002793,demo-land-000800
10000002794,demo-land-000801
10000002795,demo-land-000802
10000002796,demo-land-000803
10000002797,demo-land-000803
10000002798,demo-land-000804
10000002799,demo-land-000805
10000002800,demo-land-000805
10000002801,demo-land-000806
10000002802,demo-land-000807
10000002803,demo-land-000808
10000002804,demo-land-000808
10000002805,demo-land-000809
10000002806,demo-land-000809
10000002807,demo-land-000810
10000002808,demo-land-000810
10000002809,demo-land-000810
10000002810,demo-land-000811
10000002811,demo-land-000811
10000002812,demo-land-000812
10000002813,demo-land-000812
10000002814,demo-land-000812
10000002815,demo-land-000812
10000002816,demo-land-000812
10000002817,demo-land-000812
10000002818,demo-land-000812
10000002819,demo-land-000812
10000002820,demo-land-000812
10000002821,demo-land-000812
10000002822,demo-land-000812
10000002823,demo-land-000812
10000002824,demo-land-000812
10000002825,demo-land-000812
10000002826,demo-land-000812
10000002827,demo-land-000812
10000002828,demo-land-000812
10000002829,demo-land-000812
10000002830,demo-land-000812
10000002831,demo-land-000812
10000002832,demo-land-000812
10000002833,demo-land-000813
10000002834,demo-land-000813
10000002835,demo-land-000813
10000002836,demo-land-000814
10000002837,demo-land-000814
10000002838,demo-land-000814
10000002839,demo-land-000814
10000002840,demo-land-000814
10000002841,demo-land-000814
10000002842,demo-land-000814
10000002843,demo-land-000814
10000002844,demo-land-000814
10000002845,demo-land-000814
10000002846,demo-land-000814
10000002847,demo-land-000814
10000002848,demo-land-000814
10000002849,demo-land-000814
10000002850,demo-land-000814
10000002851,demo-land-000814
10000002852,demo-land-000814
10000002853,demo-land-000814
10000002854,demo-land-000814
10000002855,demo-land-000814
10000002856,demo-land-000814
10000002857,demo-land-000815
10000002858,demo-land-000815
10000002859,demo-land-000816
10000002860,demo-land-000816
10000002861,demo-land-000817
10000002862,demo-land-000817
10000002863,demo-land-000818
10000002864,demo-land-000819
10000002865,demo-land-000819
10000002866,demo-land-000819
10000002867,demo-land-000820
10000002868,demo-land-000820
10000002869,demo-land-000820
10000002870,demo-land-000821
10000002871,demo-land-000822
10000002872,demo-land-000823
10000002873,demo-land-000823
10000002874,demo-land-000823
10000002875,demo-land-000824
10000002876,demo-land-000824
10000002877,demo-land-000824
10000002878,demo-land-000825
10000002879,demo-land-000825
10000002880,demo-land-000826
10000002881,demo-land-000826
10000002882,demo-land-000827
10000002883,demo-land-000828
10000002884,demo-land-000829
10000002885,demo-land-000830
10000002886,demo-land-000830
10000002887,demo-land-000830
10000002888,demo-land-000831
10000002889,demo-land-000831
10000002890,demo-land-000832
10000002891,demo-land-000833
10000002892,demo-land-000833
10000002893,demo-land-000833
10000002894,demo-land-000834
10000002895,demo-land-000835
10000002896,demo-land-000836
10000002897,demo-land-000836
10000002898,demo-land-000837
10000002899,demo-land-000838
10000002900,demo-land-000838
10000002901,demo-land-000839
10000002902,demo-land-000839
10000002903,demo-land-000840
10000002904,demo-land-000840
10000002905,demo-land-000840
10000002906,demo-land-000841
10000002907,demo-land-000842
10000002908,demo-land-000842
10000002909,demo-land-000842
10000002910,demo-land-000843
10000002911,demo-land-000843
10000002912,demo-land-000843
10000002913,demo-land-000844
10000002914,demo-land-000844
10000002915,demo-land-000845
10000002916,demo-land-000845
10000002917,demo-land-000845
10000002918,demo-land-000846
10000002919,demo-land-000846
10000002920,demo-land-000846
10000002921,demo-land-000847
10000002922,demo-land-000847
10000002923,demo-land-000847
10000002924,demo-land-000848
10000002925,demo-land-000849
10000002926,demo-land-000850
10000002927,demo-land-000850
10000002928,demo-land-000851
10000002929,demo-land-000851
10000002930,demo-land-000851
10000002931,demo-land-000852
10000002932,demo-land-000852
10000002933,demo-land-000852
10000002934,demo-land-000853
10000002935,demo-land-000853
10000002936,demo-land-000853
10000002937,demo-land-000854
10000002938,demo-land-000855
10000002939,demo-land-000855
10000002940,demo-land-000855
10000002941,demo-land-000856
10000002942,demo-land-000857
10000002943,demo-land-000858
10000002944,demo-land-000858
10000002945,demo-land-000858
10000002946,demo-land-000859
10000002947,demo-land-000859
10000002948,demo-land-000860
10000002949,demo-land-000860
10000002950,demo-land-000860
10000002951,demo-land-000861
10000002952,demo-land-000862
10000002953,demo-land-000862
10000002954,demo-land-000862
10000002955,demo-land-000863
10000002956,demo-land-000863
10000002957,demo-land-000864
10000002958,demo-land-000865
10000002959,demo-land-000866
10000002960,demo-land-000867
10000002961,demo-land-000867
10000002962,demo-land-000868
10000002963,demo-land-000868
10000002964,demo-land-000868
10000002965,demo-land-000868
10000002966,demo-land-000868
10000002967,demo-land-000868
10000002968,demo-land-000868
10000002969,demo-land-000868
10000002970,demo-land-000868
10000002971,demo-land-000868
10000002972,demo-land-000868
10000002973,demo-land-000868
10000002974,demo-land-000868
10000002975,demo-land-000868
10000002976,demo-land-000868
10000002977,demo-land-000868
10000002978,demo-land-000868
10000002979,demo-land-000868
10000002980,demo-land-000868
10000002981,demo-land-000868
10000002982,demo-land-000868
10000002983,demo-land-000868
10000002984,demo-land-000868
10000002985,demo-land-000868
10000002986,demo-land-000869
10000002987,demo-land-000869
10000002988,demo-land-000869
10000002989,demo-land-000869
10000002990,demo-land-000869
10000002991,demo-land-000869
10000002992,demo-land-000869
10000002993,demo-land-000869
10000002994,demo-land-000869
10000002995,demo-land-000869
10000002996,demo-land-000869
10000002997,demo-land-000870
10000002998,demo-land-000871
10000002999,demo-land-000871
10000003000,demo-land-000872
10000003001,demo-land-000873
10000003002,demo-land-000874
10000003003,demo-land-000875
10000003004,demo-land-000876
10000003005,demo-land-000877
10000003006,demo-land-000878
10000003007,demo-land-000879
10000003008,demo-land-000879
10000003009,demo-land-000880
10000003010,demo-land-000880
10000003011,demo-land-000880
10000003012,demo-land-000880
10000003013,demo-land-000880
10000003014,demo-land-000880
10000003015,demo-land-000880
10000003016,demo-land-000880
10000003017,demo-land-000880
10000003018,demo-land-000880
10000003019,demo-land-000880
10000003020,demo-land-000880
10000003021,demo-land-000880
10000003022,demo-land-000880
10000003023,demo-land-000880
10000003024,demo-land-000880
10000003025,demo-land-000880
10000003026,demo-land-000880
10000003027,demo-land-000880
10000003028,demo-land-000880
10000003029,demo-land-000880
10000003030,demo-land-000880
10000003031,demo-land-000880
10000003032,demo-land-000880
10000003033,demo-land-000880
10000003034,demo-land-000880
10000003035,demo-land-000880
10000003036,demo-land-000881
10000003037,demo-land-000881
10000003038,demo-land-000881
10000003039,demo-land-000881
10000003040,demo-land-000881
10000003041,demo-land-000881
10000003042,demo-land-000881
10000003043,demo-land-000881
10000003044,demo-land-000881
10000003045,demo-land-000881
10000003046,demo-land-000881
10000003047,demo-land-000881
10000003048,demo-land-000881
10000003049,demo-land-000881
10000003050,demo-land-000881
10000003051,demo-land-000881
10000003052,demo-land-000881
10000003053,demo-land-000881
10000003054,demo-land-000881
10000003055,demo-land-000881
10000003056,demo-land-000881
10000003057,demo-land-000882
10000003058,demo-land-000883
10000003059,demo-land-000883
10000003060,demo-land-000884
10000003061,demo-land-000884
10000003062,demo-land-000885
10000003063,demo-land-000886
10000003064,demo-land-000886
10000003065,demo-land-000887
10000003066,demo-land-000888
10000003067,demo-land-000888
10000003068,demo-land-000888
10000003069,demo-land-000889
10000003070,demo-land-000889
10000003071,demo-land-000889
10000003072,demo-land-000890
10000003073,demo-land-000891
10000003074,demo-land-000892
10000003075,demo-land-000892
10000003076,demo-land-000892
10000003077,demo-land-000893
10000003078,demo-land-000893
10000003079,demo-land-000893
10000003080,demo-land-000894
10000003081,demo-land-000894
10000003082,demo-land-000894
10000003083,demo-land-000895
10000003084,demo-land-000896
10000003085,demo-land-000896
10000003086,demo-land-000897
10000003087,demo-land-000898
10000003088,demo-land-000898
10000003089,demo-land-000898
10000003090,demo-land-000899
10000003091,demo-land-000899
10000003092,demo-land-000899
10000003093,demo-land-000899
10000003094,demo-land-000899
10000003095,demo-land-000899
10000003096,demo-land-000899
10000003097,demo-land-000899
10000003098,demo-land-000899
10000003099,demo-land-000899
10000003100,demo-land-000899
10000003101,demo-land-000899
10000003102,demo-land-000899
10000003103,demo-land-000899
10000003104,demo-land-000899
10000003105,demo-land-000899
10000003106,demo-land-000899
10000003107,demo-land-000899
10000003108,demo-land-000899
10000003109,demo-land-000899
10000003110,demo-land-000899
10000003111,demo-land-000899
10000003112,demo-land-000899
10000003113,demo-land-000899
10000003114,demo-land-000899
10000003115,demo-land-000899
10000003116,demo-land-000899
10000003117,demo-land-000899
10000003118,demo-land-000899
10000003119,demo-land-000899
10000003120,demo-land-000899
10000003121,demo-land-000899
10000003122,demo-land-000899
10000003123,demo-land-000900
10000003124,demo-land-000900
10000003125,demo-land-000900
10000003126,demo-land-000901
10000003127,demo-land-000901
10000003128,demo-land-000902
10000003129,demo-land-000903
10000003130,demo-land-000904
10000003131,demo-land-000904
10000003132,demo-land-000905
10000003133,demo-land-000905
10000003134,demo-land-000905
10000003135,demo-land-000905
10000003136,demo-land-000905
10000003137,demo-land-000905
10000003138,demo-land-000905
10000003139,demo-land-000905
10000003140,demo-land-000905
10000003141,demo-land-000905
10000003142,demo-land-000905
10000003143,demo-land-000905
10000003144,demo-land-000905
10000003145,demo-land-000905
10000003146,demo-land-000905
10000003147,demo-land-000905
10000003148,demo-land-000905
10000003149,demo-land-000905
10000003150,demo-land-000906
10000003151,demo-land-000906
10000003152,demo-land-000906
10000003153,demo-land-000907
10000003154,demo-land-000908
10000003155,demo-land-000908
10000003156,demo-land-000908
10000003157,demo-land-000909
10000003158,demo-land-000909
10000003159,demo-land-000909
10000003160,demo-land-000910
10000003161,demo-land-000910
10000003162,demo-land-000911
10000003163,demo-land-000911
10000003164,demo-land-000911
10000003165,demo-land-000912
10000003166,demo-land-000912
10000003167,demo-land-000912
10000003168,demo-land-000912
10000003169,demo-land-000912
10000003170,demo-land-000912
10000003171,demo-land-000913
10000003172,demo-land-000914
10000003173,demo-land-000915
10000003174,demo-land-000915
10000003175,demo-land-000915
10000003176,demo-land-000916
10000003177,demo-land-000917
10000003178,demo-land-000918
10000003179,demo-land-000918
10000003180,demo-land-000919
10000003181,demo-land-000919
10000003182,demo-land-000919
10000003183,demo-land-000920
10000003184,demo-land-000920
10000003185,demo-land-000920
10000003186,demo-land-000921
10000003187,demo-land-000921
10000003188,demo-land-000921
10000003189,demo-land-000922
10000003190,demo-land-000922
10000003191,demo-land-000923
10000003192,demo-land-000923
10000003193,demo-land-000923
10000003194,demo-land-000923
10000003195,demo-land-000923
10000003196,demo-land-000923
10000003197,demo-land-000923
10000003198,demo-land-000923
10000003199,demo-land-000924
10000003200,demo-land-000925
10000003201,demo-land-000925
10000003202,demo-land-000925
10000003203,demo-land-000926
10000003204,demo-land-000926
10000003205,demo-land-000927
10000003206,demo-land-000927
10000003207,demo-land-000928
10000003208,demo-land-000928
10000003209,demo-land-000928
10000003210,demo-land-000928
10000003211,demo-land-000928
10000003212,demo-land-000928
10000003213,demo-land-000928
10000003214,demo-land-000929
10000003215,demo-land-000929
10000003216,demo-land-000929
10000003217,demo-land-000930
10000003218,demo-land-000930
10000003219,demo-land-000930
10000003220,demo-land-000931
10000003221,demo-land-000931
10000003222,demo-land-000932
10000003223,demo-land-000932
10000003224,demo-land-000933
10000003225,demo-land-000934
10000003226,demo-land-000934
10000003227,demo-land-000934
10000003228,demo-land-000935
10000003229,demo-land-000936
10000003230,demo-land-000936
10000003231,demo-land-000936
10000003232,demo-land-000936
10000003233,demo-land-000936
10000003234,demo-land-000936
10000003235,demo-land-000936
10000003236,demo-land-000936
10000003237,demo-land-000936
10000003238,demo-land-000936
10000003239,demo-land-000936
10000003240,demo-land-000936
10000003241,demo-land-000937
10000003242,demo-land-000937
10000003243,demo-land-000937
10000003244,demo-land-000937
10000003245,demo-land-000937
10000003246,demo-land-000937
10000003247,demo-land-000937
10000003248,demo-land-000937
10000003249,demo-land-000937
10000003250,demo-land-000938
10000003251,demo-land-000939
10000003252,demo-land-000940
10000003253,demo-land-000941
10000003254,demo-land-000942
10000003255,demo-land-000942
10000003256,demo-land-000942
10000003257,demo-land-000942
10000003258,demo-land-000942
10000003259,demo-land-000942
10000003260,demo-land-000942
10000003261,demo-land-000942
10000003262,demo-land-000942
10000003263,demo-land-000942
10000003264,demo-land-000942
10000003265,demo-land-000942
10000003266,demo-land-000942
10000003267,demo-land-000942
10000003268,demo-land-000942
10000003269,demo-land-000942
10000003270,demo-land-000942
10000003271,demo-land-000942
10000003272,demo-land-000942
10000003273,demo-land-000942
10000003274,demo-land-000942
10000003275,demo-land-000942
10000003276,demo-land-000943
10000003277,demo-land-000943
10000003278,demo-land-000943
10000003279,demo-land-000944
10000003280,demo-land-000945
10000003281,demo-land-000945
10000003282,demo-land-000945
10000003283,demo-land-000946
10000003284,demo-land-000946
10000003285,demo-land-000946
10000003286,demo-land-000947
10000003287,demo-land-000947
10000003288,demo-land-000948
10000003289,demo-land-000949
10000003290,demo-land-000950
10000003291,demo-land-000951
10000003292,demo-land-000951
10000003293,demo-land-000951
10000003294,demo-land-000952
10000003295,demo-land-000952
10000003296,demo-land-000952
10000003297,demo-land-000952
10000003298,demo-land-000952
10000003299,demo-land-000952
10000003300,demo-land-000952
10000003301,demo-land-000952
10000003302,demo-land-000952
10000003303,demo-land-000953
10000003304,demo-land-000954
10000003305,demo-land-000955
10000003306,demo-land-000955
10000003307,demo-land-000955
10000003308,demo-land-000956
10000003309,demo-land-000957
10000003310,demo-land-000958
10000003311,demo-land-000959
10000003312,demo-land-000959
10000003313,demo-land-000959
10000003314,demo-land-000960
10000003315,demo-land-000960
10000003316,demo-land-000960
10000003317,demo-land-000961
10000003318,demo-land-000961
10000003319,demo-land-000961
10000003320,demo-land-000962
10000003321,demo-land-000963
10000003322,demo-land-000963
10000003323,demo-land-000964
10000003324,demo-land-000964
10000003325,demo-land-000965
10000003326,demo-land-000966
10000003327,demo-land-000966
10000003328,demo-land-000967
10000003329,demo-land-000967
10000003330,demo-land-000968
10000003331,demo-land-000968
10000003332,demo-land-000969
10000003333,demo-land-000969
10000003334,demo-land-000970
10000003335,demo-land-000971
10000003336,demo-land-000971
10000003337,demo-land-000971
10000003338,demo-land-000972
10000003339,demo-land-000973
10000003340,demo-land-000973
10000003341,demo-land-000973
10000003342,demo-land-000974
10000003343,demo-land-000975
10000003344,demo-land-000975
10000003345,demo-land-000976
10000003346,demo-land-000976
10000003347,demo-land-000976
10000003348,demo-land-000977
10000003349,demo-land-000977
10000003350,demo-land-000977
10000003351,demo-land-000978
10000003352,demo-land-000979
10000003353,demo-land-000979
10000003354,demo-land-000980
10000003355,demo-land-000981
10000003356,demo-land-000982
10000003357,demo-land-000982
10000003358,demo-land-000983
10000003359,demo-land-000983
10000003360,demo-land-000984
10000003361,demo-land-000985
10000003362,demo-land-000986
10000003363,demo-land-000986
10000003364,demo-land-000986
10000003365,demo-land-000987
10000003366,demo-land-000987
10000003367,demo-land-000987
10000003368,demo-land-000988
10000003369,demo-land-000988
10000003370,demo-land-000988
10000003371,demo-land-000988
10000003372,demo-land-000988
10000003373,demo-land-000988
10000003374,demo-land-000988
10000003375,demo-land-000988
10000003376,demo-land-000988
10000003377,demo-land-000989
10000003378,demo-land-000990
10000003379,demo-land-000990
10000003380,demo-land-000990
10000003381,demo-land-000991
10000003382,demo-land-000991
10000003383,demo-land-000992
10000003384,demo-land-000992
10000003385,demo-land-000993
10000003386,demo-land-000994
10000003387,demo-land-000994
10000003388,demo-land-000994
10000003389,demo-land-000995
10000003390,demo-land-000996
10000003391,demo-land-000997
10000003392,demo-land-000998
10000003393,demo-land-000999
10000003394,demo-land-001000
10000003395,demo-land-001000
10000003396,demo-land-001000
10000003397,demo-land-001000
10000003398,demo-land-001000
10000003399,demo-land-001000
10000003400,demo-land-001001
10000003401,demo-land-001001
10000003402,demo-land-001001
10000003403,demo-land-001002
10000003404,demo-land-001002
10000003405,demo-land-001003
10000003406,demo-land-001004
10000003407,demo-land-001004
10000003408,demo-land-001005
10000003409,demo-land-001005
10000003410,demo-land-001005
10000003411,demo-land-001006
10000003412,demo-land-001007
10000003413,demo-land-001007
10000003414,demo-land-001007
10000003415,demo-land-001008
10000003416,demo-land-001009
10000003417,demo-land-001009
10000003418,demo-land-001009
10000003419,demo-land-001010
10000003420,demo-land-001010
10000003421,demo-land-001010
10000003422,demo-land-001011
10000003423,demo-land-001011
10000003424,demo-land-001011
10000003425,demo-land-001011
10000003426,demo-land-001011
10000003427,demo-land-001011
10000003428,demo-land-001011
10000003429,demo-land-001011
10000003430,demo-land-001011
10000003431,demo-land-001011
10000003432,demo-land-001011
10000003433,demo-land-001011
10000003434,demo-land-001011
10000003435,demo-land-001011
10000003436,demo-land-001011
10000003437,demo-land-001011
10000003438,demo-land-001011
10000003439,demo-land-001011
10000003440,demo-land-001011
10000003441,demo-land-001011
10000003442,demo-land-001011
10000003443,demo-land-001011
10000003444,demo-land-001011
10000003445,demo-land-001011
10000003446,demo-land-001011
10000003447,demo-land-001011
10000003448,demo-land-001011
10000003449,demo-land-001011
10000003450,demo-land-001011
10000003451,demo-land-001011
10000003452,demo-land-001011
10000003453,demo-land-001011
10000003454,demo-land-001011
10000003455,demo-land-001012
10000003456,demo-land-001012
10000003457,demo-land-001013
10000003458,demo-land-001013
10000003459,demo-land-001013
10000003460,demo-land-001014
10000003461,demo-land-001015
10000003462,demo-land-001015
10000003463,demo-land-001015
10000003464,demo-land-001016
10000003465,demo-land-001016
10000003466,demo-land-001016
10000003467,demo-land-001017
10000003468,demo-land-001017
10000003469,demo-land-001017
10000003470,demo-land-001018
10000003471,demo-land-001019
10000003472,demo-land-001020
10000003473,demo-land-001021
10000003474,demo-land-001022
10000003475,demo-land-001022
10000003476,demo-land-001022
10000003477,demo-land-001023
10000003478,demo-land-001023
10000003479,demo-land-001024
10000003480,demo-land-001024
10000003481,demo-land-001025
10000003482,demo-land-001025
10000003483,demo-land-001025
10000003484,demo-land-001025
10000003485,demo-land-001025
10000003486,demo-land-001025
10000003487,demo-land-001025
10000003488,demo-land-001025
10000003489,demo-land-001025
10000003490,demo-land-001025
10000003491,demo-land-001025
10000003492,demo-land-001025
10000003493,demo-land-001025
10000003494,demo-land-001025
10000003495,demo-land-001026
10000003496,demo-land-001026
10000003497,demo-land-001026
10000003498,demo-land-001026
10000003499,demo-land-001026
10000003500,demo-land-001026
10000003501,demo-land-001026
10000003502,demo-land-001026
10000003503,demo-land-001026
10000003504,demo-land-001026
10000003505,demo-land-001026
10000003506,demo-land-001026
10000003507,demo-land-001026
10000003508,demo-land-001026
10000003509,demo-land-001026
10000003510,demo-land-001026
10000003511,demo-land-001026
10000003512,demo-land-001026
10000003513,demo-land-001027
10000003514,demo-land-001027
10000003515,demo-land-001027
10000003516,demo-land-001028
10000003517,demo-land-001029
10000003518,demo-land-001029
10000003519,demo-land-001029
10000003520,demo-land-001030
10000003521,demo-land-001030
10000003522,demo-land-001031
10000003523,demo-land-001032
10000003524,demo-land-001032
10000003525,demo-land-001032
10000003526,demo-land-001033
10000003527,demo-land-001033
10000003528,demo-land-001033
10000003529,demo-land-001034
10000003530,demo-land-001034
10000003531,demo-land-001034
10000003532,demo-land-001034
10000003533,demo-land-001034
10000003534,demo-land-001034
10000003535,demo-land-001034
10000003536,demo-land-001034
10000003537,demo-land-001034
10000003538,demo-land-001034
10000003539,demo-land-001034
10000003540,demo-land-001034
10000003541,demo-land-001034
10000003542,demo-land-001034
10000003543,demo-land-001034
10000003544,demo-land-001034
10000003545,demo-land-001034
10000003546,demo-land-001034
10000003547,demo-land-001035
10000003548,demo-land-001035
10000003549,demo-land-001036
10000003550,demo-land-001036
10000003551,demo-land-001037
10000003552,demo-land-001037
10000003553,demo-land-001038
10000003554,demo-land-001038
10000003555,demo-land-001039
10000003556,demo-land-001039
10000003557,demo-land-001040
10000003558,demo-land-001041
10000003559,demo-land-001042
10000003560,demo-land-001042
10000003561,demo-land-001042
10000003562,demo-land-001043
10000003563,demo-land-001043
10000003564,demo-land-001044
10000003565,demo-land-001045
10000003566,demo-land-001045
10000003567,demo-land-001045
10000003568,demo-land-001045
10000003569,demo-land-001045
10000003570,demo-land-001045
10000003571,demo-land-001045
10000003572,demo-land-001045
10000003573,demo-land-001045
10000003574,demo-land-001045
10000003575,demo-land-001045
10000003576,demo-land-001045
10000003577,demo-land-001045
10000003578,demo-land-001045
10000003579,demo-land-001045
10000003580,demo-land-001045
10000003581,demo-land-001045
10000003582,demo-land-001045
10000003583,demo-land-001045
10000003584,demo-land-001045
10000003585,demo-land-001045
10000003586,demo-land-001045
10000003587,demo-land-001046
10000003588,demo-land-001047
10000003589,demo-land-001048
10000003590,demo-land-001048
10000003591,demo-land-001049
10000003592,demo-land-001049
10000003593,demo-land-001049
10000003594,demo-land-001049
10000003595,demo-land-001049
10000003596,demo-land-001049
10000003597,demo-land-001049
10000003598,demo-land-001049
10000003599,demo-land-001049
10000003600,demo-land-001049
10000003601,demo-land-001050
10000003602,demo-land-001051
10000003603,demo-land-001052
10000003604,demo-land-001053
10000003605,demo-land-001053
10000003606,demo-land-001054
10000003607,demo-land-001055
10000003608,demo-land-001056
10000003609,demo-land-001057
10000003610,demo-land-001057
10000003611,demo-land-001057
10000003612,demo-land-001058
10000003613,demo-land-001058
10000003614,demo-land-001058
10000003615,demo-land-001059
10000003616,demo-land-001059
10000003617,demo-land-001060
10000003618,demo-land-001060
10000003619,demo-land-001060
10000003620,demo-land-001061
10000003621,demo-land-001061
10000003622,demo-land-001062
10000003623,demo-land-001063
10000003624,demo-land-001063
10000003625,demo-land-001064
10000003626,demo-land-001064
10000003627,demo-land-001065
10000003628,demo-land-001066
10000003629,demo-land-001067
10000003630,demo-land-001067
10000003631,demo-land-001068
10000003632,demo-land-001069
10000003633,demo-land-001069
10000003634,demo-land-001069
10000003635,demo-land-001070
10000003636,demo-land-001071
10000003637,demo-land-001071
10000003638,demo-land-001072
10000003639,demo-land-001072
10000003640,demo-land-001073
10000003641,demo-land-001073
10000003642,demo-land-001074
10000003643,demo-land-001074
10000003644,demo-land-001074
10000003645,demo-land-001075
10000003646,demo-land-001075
10000003647,demo-land-001076
10000003648,demo-land-001076
10000003649,demo-land-001077
10000003650,demo-land-001078
10000003651,demo-land-001079
10000003652,demo-land-001079
10000003653,demo-land-001079
10000003654,demo-land-001080
10000003655,demo-land-001081
10000003656,demo-land-001082
10000003657,demo-land-001082
10000003658,demo-land-001083
10000003659,demo-land-001084
10000003660,demo-land-001085
10000003661,demo-land-001085
10000003662,demo-land-001085
10000003663,demo-land-001085
10000003664,demo-land-001085
10000003665,demo-land-001085
10000003666,demo-land-001085
10000003667,demo-land-001085
10000003668,demo-land-001085
10000003669,demo-land-001086
10000003670,demo-land-001087
10000003671,demo-land-001088
10000003672,demo-land-001089
10000003673,demo-land-001089
10000003674,demo-land-001089
10000003675,demo-land-001089
10000003676,demo-land-001089
10000003677,demo-land-001089
10000003678,demo-land-001089
10000003679,demo-land-001089
10000003680,demo-land-001089
10000003681,demo-land-001089
10000003682,demo-land-001089
10000003683,demo-land-001089
10000003684,demo-land-001089
10000003685,demo-land-001089
10000003686,demo-land-001089
10000003687,demo-land-001089
10000003688,demo-land-001089
10000003689,demo-land-001089
10000003690,demo-land-001090
10000003691,demo-land-001090
10000003692,demo-land-001091
10000003693,demo-land-001091
10000003694,demo-land-001092
10000003695,demo-land-001092
10000003696,demo-land-001093
10000003697,demo-land-001093
10000003698,demo-land-001093
10000003699,demo-land-001094
10000003700,demo-land-001094
10000003701,demo-land-001094
10000003702,demo-land-001095
10000003703,demo-land-001095
10000003704,demo-land-001095
10000003705,demo-land-001096
10000003706,demo-land-001096
10000003707,demo-land-001096
10000003708,demo-land-001097
10000003709,demo-land-001098
10000003710,demo-land-001098
10000003711,demo-land-001099
10000003712,demo-land-001099
10000003713,demo-land-001100
10000003714,demo-land-001100
10000003715,demo-land-001101
10000003716,demo-land-001101
10000003717,demo-land-001102
10000003718,demo-land-001102
10000003719,demo-land-001102
10000003720,demo-land-001103
10000003721,demo-land-001104
10000003722,demo-land-001104
10000003723,demo-land-001105
10000003724,demo-land-001105
10000003725,demo-land-001106
10000003726,demo-land-001106
10000003727,demo-land-001107
10000003728,demo-land-001108
10000003729,demo-land-001108
10000003730,demo-land-001109
10000003731,demo-land-001109
10000003732,demo-land-001110
10000003733,demo-land-001111
10000003734,demo-land-001112
10000003735,demo-land-001113
10000003736,demo-land-001114
10000003737,demo-land-001114
10000003738,demo-land-001115
10000003739,demo-land-001116
10000003740,demo-land-001116
10000003741,demo-land-001116
10000003742,demo-land-001117
10000003743,demo-land-001117
10000003744,demo-land-001117
10000003745,demo-land-001118
10000003746,demo-land-001118
10000003747,demo-land-001119
10000003748,demo-land-001120
10000003749,demo-land-001120
10000003750,demo-land-001121
10000003751,demo-land-001121
10000003752,demo-land-001121
10000003753,demo-land-001122
10000003754,demo-land-001123
10000003755,demo-land-001123
10000003756,demo-land-001123
10000003757,demo-land-001124
10000003758,demo-land-001125
10000003759,demo-land-001126
10000003760,demo-land-001126
10000003761,demo-land-001127
10000003762,demo-land-001127
10000003763,demo-land-001127
10000003764,demo-land-001127
10000003765,demo-land-001127
10000003766,demo-land-001127
10000003767,demo-land-001127
10000003768,demo-land-001127
10000003769,demo-land-001127
10000003770,demo-land-001127
10000003771,demo-land-001127
10000003772,demo-land-001127
10000003773,demo-land-001127
10000003774,demo-land-001127
10000003775,demo-land-001128
10000003776,demo-land-001129
10000003777,demo-land-001129
10000003778,demo-land-001130
10000003779,demo-land-001131
10000003780,demo-land-001132
10000003781,demo-land-001132
10000003782,demo-land-001133
10000003783,demo-land-001133
10000003784,demo-land-001133
10000003785,demo-land-001134
10000003786,demo-land-001134
10000003787,demo-land-001134
10000003788,demo-land-001135
10000003789,demo-land-001136
10000003790,demo-land-001137
10000003791,demo-land-001137
10000003792,demo-land-001137
10000003793,demo-land-001137
10000003794,demo-land-001137
10000003795,demo-land-001137
10000003796,demo-land-001137
10000003797,demo-land-001137
10000003798,demo-land-001137
10000003799,demo-land-001137
10000003800,demo-land-001137
10000003801,demo-land-001137
10000003802,demo-land-001137
10000003803,demo-land-001137
10000003804,demo-land-001137
10000003805,demo-land-001137
10000003806,demo-land-001137
10000003807,demo-land-001137
10000003808,demo-land-001137
10000003809,demo-land-001137
10000003810,demo-land-001137
10000003811,demo-land-001138
10000003812,demo-land-001139
10000003813,demo-land-001140
10000003814,demo-land-001141
10000003815,demo-land-001141
10000003816,demo-land-001142
10000003817,demo-land-001142
10000003818,demo-land-001143
10000003819,demo-land-001144
10000003820,demo-land-001144
10000003821,demo-land-001144
10000003822,demo-land-001144
10000003823,demo-land-001144
10000003824,demo-land-001144
10000003825,demo-land-001144
10000003826,demo-land-001144
10000003827,demo-land-001144
10000003828,demo-land-001144
10000003829,demo-land-001144
10000003830,demo-land-001144
10000003831,demo-land-001144
10000003832,demo-land-001144
10000003833,demo-land-001144
10000003834,demo-land-001144
10000003835,demo-land-001144
10000003836,demo-land-001144
10000003837,demo-land-001144
10000003838,demo-land-001144
10000003839,demo-land-001144
10000003840,demo-land-001144
10000003841,demo-land-001144
10000003842,demo-land-001144
10000003843,demo-land-001144
10000003844,demo-land-001144
10000003845,demo-land-001144
10000003846,demo-land-001144
10000003847,demo-land-001144
10000003848,demo-land-001144
10000003849,demo-land-001145
10000003850,demo-land-001145
10000003851,demo-land-001145
10000003852,demo-land-001145
10000003853,demo-land-001145
10000003854,demo-land-001145
10000003855,demo-land-001145
10000003856,demo-land-001146
10000003857,demo-land-001147
10000003858,demo-land-001147
10000003859,demo-land-001147
10000003860,demo-land-001148
10000003861,demo-land-001148
10000003862,demo-land-001148
10000003863,demo-land-001149
10000003864,demo-land-001150
10000003865,demo-land-001150
10000003866,demo-land-001150
10000003867,demo-land-001151
10000003868,demo-land-001151
10000003869,demo-land-001152
10000003870,demo-land-001152
10000003871,demo-land-001152
10000003872,demo-land-001153
10000003873,demo-land-001153
10000003874,demo-land-001153
10000003875,demo-land-001154
10000003876,demo-land-001154
10000003877,demo-land-001154
10000003878,demo-land-001155
10000003879,demo-land-001156
10000003880,demo-land-001156
10000003881,demo-land-001157
10000003882,demo-land-001157
10000003883,demo-land-001158
10000003884,demo-land-001158
10000003885,demo-land-001158
10000003886,demo-land-001158
10000003887,demo-land-001158
10000003888,demo-land-001158
10000003889,demo-land-001158
10000003890,demo-land-001158
10000003891,demo-land-001158
10000003892,demo-land-001158
10000003893,demo-land-001158
10000003894,demo-land-001158
10000003895,demo-land-001158
10000003896,demo-land-001158
10000003897,demo-land-001158
10000003898,demo-land-001158
10000003899,demo-land-001158
10000003900,demo-land-001158
10000003901,demo-land-001159
10000003902,demo-land-001160
10000003903,demo-land-001160
10000003904,demo-land-001161
10000003905,demo-land-001162
10000003906,demo-land-001162
10000003907,demo-land-001162
10000003908,demo-land-001162
10000003909,demo-land-001162
10000003910,demo-land-001162
10000003911,demo-land-001162
10000003912,demo-land-001162
10000003913,demo-land-001162
10000003914,demo-land-001162
10000003915,demo-land-001162
10000003916,demo-land-001162
10000003917,demo-land-001162
10000003918,demo-land-001162
10000003919,demo-land-001163
10000003920,demo-land-001164
10000003921,demo-land-001165
10000003922,demo-land-001165
10000003923,demo-land-001165
10000003924,demo-land-001166
10000003925,demo-land-001166
10000003926,demo-land-001166
10000003927,demo-land-001167
10000003928,demo-land-001167
10000003929,demo-land-001167
10000003930,demo-land-001168
10000003931,demo-land-001168
10000003932,demo-land-001169
10000003933,demo-land-001169
10000003934,demo-land-001169
10000003935,demo-land-001170
10000003936,demo-land-001171
10000003937,demo-land-001172
10000003938,demo-land-001172
10000003939,demo-land-001172
10000003940,demo-land-001173
10000003941,demo-land-001173
10000003942,demo-land-001173
10000003943,demo-land-001174
10000003944,demo-land-001174
10000003945,demo-land-001174
10000003946,demo-land-001175
10000003947,demo-land-001176
10000003948,demo-land-001177
10000003949,demo-land-001177
10000003950,demo-land-001177
10000003951,demo-land-001178
10000003952,demo-land-001178
10000003953,demo-land-001178
10000003954,demo-land-001179
10000003955,demo-land-001179
10000003956,demo-land-001179
10000003957,demo-land-001179
10000003958,demo-land-001179
10000003959,demo-land-001179
10000003960,demo-land-001179
10000003961,demo-land-001179
10000003962,demo-land-001179
10000003963,demo-land-001179
10000003964,demo-land-001179
10000003965,demo-land-001179
10000003966,demo-land-001179
10000003967,demo-land-001179
10000003968,demo-land-001179
10000003969,demo-land-001179
10000003970,demo-land-001179
10000003971,demo-land-001179
10000003972,demo-land-001179
10000003973,demo-land-001179
10000003974,demo-land-001179
10000003975,demo-land-001179
10000003976,demo-land-001179
10000003977,demo-land-001179
10000003978,demo-land-001179
10000003979,demo-land-001179
10000003980,demo-land-001179
10000003981,demo-land-001179
10000003982,demo-land-001179
10000003983,demo-land-001179
10000003984,demo-land-001180
10000003985,demo-land-001181
10000003986,demo-land-001182
10000003987,demo-land-001182
10000003988,demo-land-001182
10000003989,demo-land-001182
10000003990,demo-land-001182
10000003991,demo-land-001182
10000003992,demo-land-001182
10000003993,demo-land-001182
10000003994,demo-land-001182
10000003995,demo-land-001182
10000003996,demo-land-001182
10000003997,demo-land-001182
10000003998,demo-land-001183
10000003999,demo-land-001183
10000004000,demo-land-001183
10000004001,demo-land-001184
10000004002,demo-land-001185
10000004003,demo-land-001186
10000004004,demo-land-001186
10000004005,demo-land-001186
10000004006,demo-land-001187
10000004007,demo-land-001187
10000004008,demo-land-001187
10000004009,demo-land-001188
10000004010,demo-land-001188
10000004011,demo-land-001189
10000004012,demo-land-001189
10000004013,demo-land-001190
10000004014,demo-land-001190
10000004015,demo-land-001190
10000004016,demo-land-001191
10000004017,demo-land-001192
10000004018,demo-land-001192
10000004019,demo-land-001193
10000004020,demo-land-001193
10000004021,demo-land-001194
10000004022,demo-land-001194
10000004023,demo-land-001195
10000004024,demo-land-001196
10000004025,demo-land-001196
10000004026,demo-land-001197
10000004027,demo-land-001198
10000004028,demo-land-001198
10000004029,demo-land-001199
10000004030,demo-land-001200
10000004031,demo-land-001200
10000004032,demo-land-001201
10000004033,demo-land-001201
10000004034,demo-land-001202
10000004035,demo-land-001202
10000004036,demo-land-001203
10000004037,demo-land-001204
10000004038,demo-land-001205
10000004039,demo-land-001205
10000004040,demo-land-001206
10000004041,demo-land-001207
10000004042,demo-land-001208
10000004043,demo-land-001208
10000004044,demo-land-001208
10000004045,demo-land-001209
10000004046,demo-land-001209
10000004047,demo-land-001209
10000004048,demo-land-001210
10000004049,demo-land-001210
10000004050,demo-land-001210
10000004051,demo-land-001211
10000004052,demo-land-001212
10000004053,demo-land-001213
10000004054,demo-land-001213
10000004055,demo-land-001214
10000004056,demo-land-001214
10000004057,demo-land-001214
10000004058,demo-land-001215
10000004059,demo-land-001216
10000004060,demo-land-001216
10000004061,demo-land-001216
10000004062,demo-land-001217
10000004063,demo-land-001217
10000004064,demo-land-001217
10000004065,demo-land-001217
10000004066,demo-land-001217
10000004067,demo-land-001217
10000004068,demo-land-001217
10000004069,demo-land-001217
10000004070,demo-land-001217
10000004071,demo-land-001217
10000004072,demo-land-001217
10000004073,demo-land-001217
10000004074,demo-land-001217
10000004075,demo-land-001217
10000004076,demo-land-001217
10000004077,demo-land-001217
10000004078,demo-land-001217
10000004079,demo-land-001217
10000004080,demo-land-001217
10000004081,demo-land-001217
10000004082,demo-land-001217
10000004083,demo-land-001217
10000004084,demo-land-001217
10000004085,demo-land-001217
10000004086,demo-land-001217
10000004087,demo-land-001217
10000004088,demo-land-001217
10000004089,demo-land-001218
10000004090,demo-land-001218
10000004091,demo-land-001219
10000004092,demo-land-001219
10000004093,demo-land-001219
10000004094,demo-land-001220
10000004095,demo-land-001220
10000004096,demo-land-001220
10000004097,demo-land-001221
10000004098,demo-land-001222
10000004099,demo-land-001222
10000004100,demo-land-001222
10000004101,demo-land-001222
10000004102,demo-land-001222
10000004103,demo-land-001222
10000004104,demo-land-001222
10000004105,demo-land-001222
10000004106,demo-land-001222
10000004107,demo-land-001222
10000004108,demo-land-001222
10000004109,demo-land-001222
10000004110,demo-land-001222
10000004111,demo-land-001222
10000004112,demo-land-001222
10000004113,demo-land-001222
10000004114,demo-land-001222
10000004115,demo-land-001222
10000004116,demo-land-001222
10000004117,demo-land-001222
10000004118,demo-land-001222
10000004119,demo-land-001222
10000004120,demo-land-001222
10000004121,demo-land-001222
10000004122,demo-land-001222
10000004123,demo-land-001222
10000004124,demo-land-001222
10000004125,demo-land-001222
10000004126,demo-land-001222
10000004127,demo-land-001222
10000004128,demo-land-001222
10000004129,demo-land-001222
10000004130,demo-land-001222
10000004131,demo-land-001222
10000004132,demo-land-001222
10000004133,demo-land-001222
10000004134,demo-land-001223
10000004135,demo-land-001224
10000004136,demo-land-001224
10000004137,demo-land-001224
10000004138,demo-land-001225
10000004139,demo-land-001225
10000004140,demo-land-001226
10000004141,demo-land-001226
10000004142,demo-land-001226
10000004143,demo-land-001227
10000004144,demo-land-001227
10000004145,demo-land-001227
10000004146,demo-land-001228
10000004147,demo-land-001229
10000004148,demo-land-001229
10000004149,demo-land-001229
10000004150,demo-land-001229
10000004151,demo-land-001229
10000004152,demo-land-001229
10000004153,demo-land-001229
10000004154,demo-land-001229
10000004155,demo-land-001229
10000004156,demo-land-001229
10000004157,demo-land-001229
10000004158,demo-land-001229
10000004159,demo-land-001229
10000004160,demo-land-001229
10000004161,demo-land-001230
10000004162,demo-land-001230
10000004163,demo-land-001230
10000004164,demo-land-001231
10000004165,demo-land-001231
10000004166,demo-land-001232
10000004167,demo-land-001232
10000004168,demo-land-001232
10000004169,demo-land-001233
10000004170,demo-land-001233
10000004171,demo-land-001234
10000004172,demo-land-001234
10000004173,demo-land-001234
10000004174,demo-land-001235
10000004175,demo-land-001236
10000004176,demo-land-001236
10000004177,demo-land-001237
10000004178,demo-land-001237
10000004179,demo-land-001238
10000004180,demo-land-001239
10000004181,demo-land-001240
10000004182,demo-land-001240
10000004183,demo-land-001241
10000004184,demo-land-001241
10000004185,demo-land-001241
10000004186,demo-land-001242
10000004187,demo-land-001242
10000004188,demo-land-001242
10000004189,demo-land-001242
10000004190,demo-land-001242
10000004191,demo-land-001242
10000004192,demo-land-001242
10000004193,demo-land-001242
10000004194,demo-land-001242
10000004195,demo-land-001243
10000004196,demo-land-001243
10000004197,demo-land-001243
10000004198,demo-land-001244
10000004199,demo-land-001244
10000004200,demo-land-001245
10000004201,demo-land-001245
10000004202,demo-land-001246
10000004203,demo-land-001247
10000004204,demo-land-001247
10000004205,demo-land-001248
10000004206,demo-land-001249
10000004207,demo-land-001250
10000004208,demo-land-001250
10000004209,demo-land-001250
10000004210,demo-land-001250
10000004211,demo-land-001250
10000004212,demo-land-001250
10000004213,demo-land-001250
10000004214,demo-land-001250
10000004215,demo-land-001250
10000004216,demo-land-001250
10000004217,demo-land-001250
10000004218,demo-land-001250
10000004219,demo-land-001250
10000004220,demo-land-001250
10000004221,demo-land-001250
10000004222,demo-land-001250
10000004223,demo-land-001250
10000004224,demo-land-001250
10000004225,demo-land-001250
10000004226,demo-land-001250
10000004227,demo-land-001250
10000004228,demo-land-001250
10000004229,demo-land-001251
10000004230,demo-land-001251
10000004231,demo-land-001252
10000004232,demo-land-001252
10000004233,demo-land-001252
10000004234,demo-land-001252
10000004235,demo-land-001252
10000004236,demo-land-001252
10000004237,demo-land-001252
10000004238,demo-land-001252
10000004239,demo-land-001252
10000004240,demo-land-001252
10000004241,demo-land-001252
10000004242,demo-land-001252
10000004243,demo-land-001252
10000004244,demo-land-001252
10000004245,demo-land-001253
10000004246,demo-land-001253
10000004247,demo-land-001253
10000004248,demo-land-001253
10000004249,demo-land-001253
10000004250,demo-land-001253
10000004251,demo-land-001253
10000004252,demo-land-001253
10000004253,demo-land-001253
10000004254,demo-land-001253
10000004255,demo-land-001253
10000004256,demo-land-001253
10000004257,demo-land-001253
10000004258,demo-land-001253
10000004259,demo-land-001253
10000004260,demo-land-001253
10000004261,demo-land-001253
10000004262,demo-land-001253
10000004263,demo-land-001254
10000004264,demo-land-001255
10000004265,demo-land-001255
10000004266,demo-land-001256
10000004267,demo-land-001257
10000004268,demo-land-001258
10000004269,demo-land-001259
10000004270,demo-land-001259
10000004271,demo-land-001260
10000004272,demo-land-001261
10000004273,demo-land-001262
10000004274,demo-land-001262
10000004275,demo-land-001262
10000004276,demo-land-001263
10000004277,demo-land-001263
10000004278,demo-land-001263
10000004279,demo-land-001263
10000004280,demo-land-001263
10000004281,demo-land-001263
10000004282,demo-land-001263
10000004283,demo-land-001263
10000004284,demo-land-001263
10000004285,demo-land-001263
10000004286,demo-land-001263
10000004287,demo-land-001263
10000004288,demo-land-001263
10000004289,demo-land-001263
10000004290,demo-land-001263
10000004291,demo-land-001263
10000004292,demo-land-001263
10000004293,demo-land-001263
10000004294,demo-land-001263
10000004295,demo-land-001263
10000004296,demo-land-001263
10000004297,demo-land-001263
10000004298,demo-land-001263
10000004299,demo-land-001263
10000004300,demo-land-001263
10000004301,demo-land-001263
10000004302,demo-land-001263
10000004303,demo-land-001264
10000004304,demo-land-001265
10000004305,demo-land-001266
10000004306,demo-land-001266
10000004307,demo-land-001266
10000004308,demo-land-001267
10000004309,demo-land-001267
10000004310,demo-land-001267
10000004311,demo-land-001268
10000004312,demo-land-001268
10000004313,demo-land-001269
10000004314,demo-land-001270
10000004315,demo-land-001270
10000004316,demo-land-001271
10000004317,demo-land-001271
10000004318,demo-land-001271
10000004319,demo-land-001272
10000004320,demo-land-001272
10000004321,demo-land-001272
10000004322,demo-land-001273
10000004323,demo-land-001273
10000004324,demo-land-001273
10000004325,demo-land-001274
10000004326,demo-land-001275
10000004327,demo-land-001276
10000004328,demo-land-001277
10000004329,demo-land-001277
10000004330,demo-land-001278
10000004331,demo-land-001278
10000004332,demo-land-001278
10000004333,demo-land-001279
10000004334,demo-land-001279
10000004335,demo-land-001279
10000004336,demo-land-001280
10000004337,demo-land-001281
10000004338,demo-land-001281
10000004339,demo-land-001282
10000004340,demo-land-001282
10000004341,demo-land-001283
10000004342,demo-land-001284
10000004343,demo-land-001285
10000004344,demo-land-001285
10000004345,demo-land-001285
10000004346,demo-land-001285
10000004347,demo-land-001285
10000004348,demo-land-001285
10000004349,demo-land-001285
10000004350,demo-land-001285
10000004351,demo-land-001285
10000004352,demo-land-001286
10000004353,demo-land-001287
10000004354,demo-land-001287
10000004355,demo-land-001287
10000004356,demo-land-001288
10000004357,demo-land-001288
10000004358,demo-land-001288
10000004359,demo-land-001289
10000004360,demo-land-001290
10000004361,demo-land-001290
10000004362,demo-land-001290
10000004363,demo-land-001291
10000004364,demo-land-001292
10000004365,demo-land-001292
10000004366,demo-land-001292
10000004367,demo-land-001293
10000004368,demo-land-001293
10000004369,demo-land-001294
10000004370,demo-land-001294
10000004371,demo-land-001294
10000004372,demo-land-001295
10000004373,demo-land-001295
10000004374,demo-land-001295
10000004375,demo-land-001296
10000004376,demo-land-001296
10000004377,demo-land-001297
10000004378,demo-land-001297
10000004379,demo-land-001298
10000004380,demo-land-001298
10000004381,demo-land-001298
10000004382,demo-land-001298
10000004383,demo-land-001298
10000004384,demo-land-001298
10000004385,demo-land-001298
10000004386,demo-land-001298
10000004387,demo-land-001298
10000004388,demo-land-001298
10000004389,demo-land-001298
10000004390,demo-land-001299
10000004391,demo-land-001300
10000004392,demo-land-001300
10000004393,demo-land-001301
10000004394,demo-land-001301
10000004395,demo-land-001301
10000004396,demo-land-001302
10000004397,demo-land-001303
10000004398,demo-land-001304
10000004399,demo-land-001304
10000004400,demo-land-001304
10000004401,demo-land-001304
10000004402,demo-land-001304
10000004403,demo-land-001304
10000004404,demo-land-001304
10000004405,demo-land-001304
10000004406,demo-land-001304
10000004407,demo-land-001304
10000004408,demo-land-001304
10000004409,demo-land-001304
10000004410,demo-land-001304
10000004411,demo-land-001304
10000004412,demo-land-001304
10000004413,demo-land-001304
10000004414,demo-land-001304
10000004415,demo-land-001304
10000004416,demo-land-001304
10000004417,demo-land-001304
10000004418,demo-land-001305
10000004419,demo-land-001306
10000004420,demo-land-001306
10000004421,demo-land-001307
10000004422,demo-land-001308
10000004423,demo-land-001309
10000004424,demo-land-001309
10000004425,demo-land-001309
10000004426,demo-land-001309
10000004427,demo-land-001309
10000004428,demo-land-001309
10000004429,demo-land-001309
10000004430,demo-land-001309
10000004431,demo-land-001309
10000004432,demo-land-001309
10000004433,demo-land-001309
10000004434,demo-land-001309
10000004435,demo-land-001309
10000004436,demo-land-001309
10000004437,demo-land-001309
10000004438,demo-land-001309
10000004439,demo-land-001309
10000004440,demo-land-001309
10000004441,demo-land-001310
10000004442,demo-land-001310
10000004443,demo-land-001311
10000004444,demo-land-001312
10000004445,demo-land-001312
10000004446,demo-land-001313
10000004447,demo-land-001314
10000004448,demo-land-001314
10000004449,demo-land-001315
10000004450,demo-land-001315
10000004451,demo-land-001315
10000004452,demo-land-001316
10000004453,demo-land-001317
10000004454,demo-land-001317
10000004455,demo-land-001317
10000004456,demo-land-001318
10000004457,demo-land-001319
10000004458,demo-land-001319
10000004459,demo-land-001320
10000004460,demo-land-001321
10000004461,demo-land-001321
10000004462,demo-land-001322
10000004463,demo-land-001322
10000004464,demo-land-001322
10000004465,demo-land-001323
10000004466,demo-land-001324
10000004467,demo-land-001324
10000004468,demo-land-001324
10000004469,demo-land-001325
10000004470,demo-land-001326
10000004471,demo-land-001326
10000004472,demo-land-001327
10000004473,demo-land-001327
10000004474,demo-land-001327
10000004475,demo-land-001328
10000004476,demo-land-001328
10000004477,demo-land-001329
10000004478,demo-land-001329
10000004479,demo-land-001329
10000004480,demo-land-001330
10000004481,demo-land-001331
10000004482,demo-land-001331
10000004483,demo-land-001331
10000004484,demo-land-001331
10000004485,demo-land-001331
10000004486,demo-land-001331
10000004487,demo-land-001331
10000004488,demo-land-001331
10000004489,demo-land-001331
10000004490,demo-land-001331
10000004491,demo-land-001332
10000004492,demo-land-001332
10000004493,demo-land-001332
10000004494,demo-land-001333
10000004495,demo-land-001334
10000004496,demo-land-001334
10000004497,demo-land-001334
10000004498,demo-land-001335
10000004499,demo-land-001336
10000004500,demo-land-001336
10000004501,demo-land-001336
10000004502,demo-land-001336
10000004503,demo-land-001336
10000004504,demo-land-001336
10000004505,demo-land-001337
10000004506,demo-land-001338
10000004507,demo-land-001339
10000004508,demo-land-001340
10000004509,demo-land-001341
10000004510,demo-land-001342
10000004511,demo-land-001342
10000004512,demo-land-001342
10000004513,demo-land-001343
10000004514,demo-land-001343
10000004515,demo-land-001344
10000004516,demo-land-001344
10000004517,demo-land-001344
10000004518,demo-land-001345
10000004519,demo-land-001345
10000004520,demo-land-001346
10000004521,demo-land-001346
10000004522,demo-land-001347
10000004523,demo-land-001347
10000004524,demo-land-001347
10000004525,demo-land-001348
10000004526,demo-land-001349
10000004527,demo-land-001349
10000004528,demo-land-001349
10000004529,demo-land-001350
10000004530,demo-land-001350
10000004531,demo-land-001350
10000004532,demo-land-001350
10000004533,demo-land-001350
10000004534,demo-land-001350
10000004535,demo-land-001350
10000004536,demo-land-001350
10000004537,demo-land-001350
10000004538,demo-land-001350
10000004539,demo-land-001350
10000004540,demo-land-001350
10000004541,demo-land-001350
10000004542,demo-land-001350
10000004543,demo-land-001350
10000004544,demo-land-001350
10000004545,demo-land-001350
10000004546,demo-land-001350
10000004547,demo-land-001350
10000004548,demo-land-001350
10000004549,demo-land-001350
10000004550,demo-land-001350
10000004551,demo-land-001350
10000004552,demo-land-001350
10000004553,demo-land-001350
10000004554,demo-land-001350
10000004555,demo-land-001350
10000004556,demo-land-001350
10000004557,demo-land-001350
10000004558,demo-land-001350
10000004559,demo-land-001350
10000004560,demo-land-001350
10000004561,demo-land-001350
10000004562,demo-land-001350
10000004563,demo-land-001350
10000004564,demo-land-001350
10000004565,demo-land-001351
10000004566,demo-land-001351
10000004567,demo-land-001351
10000004568,demo-land-001351
10000004569,demo-land-001351
10000004570,demo-land-001351
10000004571,demo-land-001352
10000004572,demo-land-001352
10000004573,demo-land-001353
10000004574,demo-land-001354
10000004575,demo-land-001354
10000004576,demo-land-001354
10000004577,demo-land-001354
10000004578,demo-land-001354
10000004579,demo-land-001354
10000004580,demo-land-001354
10000004581,demo-land-001354
10000004582,demo-land-001354
10000004583,demo-land-001354
10000004584,demo-land-001354
10000004585,demo-land-001354
10000004586,demo-land-001354
10000004587,demo-land-001354
10000004588,demo-land-001354
10000004589,demo-land-001354
10000004590,demo-land-001354
10000004591,demo-land-001354
10000004592,demo-land-001354
10000004593,demo-land-001354
10000004594,demo-land-001354
10000004595,demo-land-001354
10000004596,demo-land-001355
10000004597,demo-land-001355
10000004598,demo-land-001356
10000004599,demo-land-001357
10000004600,demo-land-001358
10000004601,demo-land-001359
10000004602,demo-land-001359
10000004603,demo-land-001360
10000004604,demo-land-001360
10000004605,demo-land-001360
10000004606,demo-land-001361
10000004607,demo-land-001362
10000004608,demo-land-001363
10000004609,demo-land-001363
10000004610,demo-land-001363
10000004611,demo-land-001364
10000004612,demo-land-001364
10000004613,demo-land-001364
10000004614,demo-land-001365
10000004615,demo-land-001366
10000004616,demo-land-001367
10000004617,demo-land-001367
10000004618,demo-land-001368
10000004619,demo-land-001368
10000004620,demo-land-001368
10000004621,demo-land-001368
10000004622,demo-land-001368
10000004623,demo-land-001368
10000004624,demo-land-001368
10000004625,demo-land-001368
10000004626,demo-land-001368
10000004627,demo-land-001368
10000004628,demo-land-001368
10000004629,demo-land-001368
10000004630,demo-land-001368
10000004631,demo-land-001368
10000004632,demo-land-001368
10000004633,demo-land-001368
10000004634,demo-land-001368
10000004635,demo-land-001368
10000004636,demo-land-001368
10000004637,demo-land-001368
10000004638,demo-land-001368
10000004639,demo-land-001368
10000004640,demo-land-001368
10000004641,demo-land-001368
10000004642,demo-land-001368
10000004643,demo-land-001368
10000004644,demo-land-001368
10000004645,demo-land-001368
10000004646,demo-land-001368
10000004647,demo-land-001368
10000004648,demo-land-001369
10000004649,demo-land-001370
10000004650,demo-land-001370
10000004651,demo-land-001371
10000004652,demo-land-001371
10000004653,demo-land-001371
10000004654,demo-land-001371
10000004655,demo-land-001371
10000004656,demo-land-001371
10000004657,demo-land-001371
10000004658,demo-land-001371
10000004659,demo-land-001371
10000004660,demo-land-001371
10000004661,demo-land-001371
10000004662,demo-land-001371
10000004663,demo-land-001371
10000004664,demo-land-001371
10000004665,demo-land-001371
10000004666,demo-land-001371
10000004667,demo-land-001371
10000004668,demo-land-001371
10000004669,demo-land-001371
10000004670,demo-land-001371
10000004671,demo-land-001371
10000004672,demo-land-001372
10000004673,demo-land-001372
10000004674,demo-land-001372
10000004675,demo-land-001373
10000004676,demo-land-001374
10000004677,demo-land-001374
10000004678,demo-land-001374
10000004679,demo-land-001375
10000004680,demo-land-001376
10000004681,demo-land-001376
10000004682,demo-land-001376
10000004683,demo-land-001377
10000004684,demo-land-001377
10000004685,demo-land-001378
10000004686,demo-land-001379
10000004687,demo-land-001379
10000004688,demo-land-001379
10000004689,demo-land-001379
10000004690,demo-land-001379
10000004691,demo-land-001379
10000004692,demo-land-001379
10000004693,demo-land-001380
10000004694,demo-land-001380
10000004695,demo-land-001381
10000004696,demo-land-001381
10000004697,demo-land-001382
10000004698,demo-land-001383
10000004699,demo-land-001383
10000004700,demo-land-001383
10000004701,demo-land-001383
10000004702,demo-land-001383
10000004703,demo-land-001383
10000004704,demo-land-001383
10000004705,demo-land-001383
10000004706,demo-land-001383
10000004707,demo-land-001383
10000004708,demo-land-001383
10000004709,demo-land-001383
10000004710,demo-land-001384
10000004711,demo-land-001384
10000004712,demo-land-001384
10000004713,demo-land-001385
10000004714,demo-land-001385
10000004715,demo-land-001386
10000004716,demo-land-001387
10000004717,demo-land-001388
10000004718,demo-land-001388
10000004719,demo-land-001389
10000004720,demo-land-001390
10000004721,demo-land-001390
10000004722,demo-land-001391
10000004723,demo-land-001391
10000004724,demo-land-001391
10000004725,demo-land-001392
10000004726,demo-land-001392
10000004727,demo-land-001392
10000004728,demo-land-001393
10000004729,demo-land-001394
10000004730,demo-land-001394
10000004731,demo-land-001394
10000004732,demo-land-001395
10000004733,demo-land-001395
10000004734,demo-land-001395
10000004735,demo-land-001396
10000004736,demo-land-001396
10000004737,demo-land-001396
10000004738,demo-land-001397
10000004739,demo-land-001398
10000004740,demo-land-001398
10000004741,demo-land-001398
10000004742,demo-land-001399
10000004743,demo-land-001399
10000004744,demo-land-001400
10000004745,demo-land-001401
10000004746,demo-land-001401
10000004747,demo-land-001402
10000004748,demo-land-001402
10000004749,demo-land-001402
10000004750,demo-land-001403
10000004751,demo-land-001404
10000004752,demo-land-001405
10000004753,demo-land-001405
10000004754,demo-land-001405
10000004755,demo-land-001406
10000004756,demo-land-001407
10000004757,demo-land-001408
10000004758,demo-land-001409
10000004759,demo-land-001409
10000004760,demo-land-001410
10000004761,demo-land-001411
10000004762,demo-land-001411
10000004763,demo-land-001411
10000004764,demo-land-001412
10000004765,demo-land-001412
10000004766,demo-land-001412
10000004767,demo-land-001413
10000004768,demo-land-001414
10000004769,demo-land-001414
10000004770,demo-land-001414
10000004771,demo-land-001415
10000004772,demo-land-001415
10000004773,demo-land-001415
10000004774,demo-land-001415
10000004775,demo-land-001415
10000004776,demo-land-001415
10000004777,demo-land-001415
10000004778,demo-land-001415
10000004779,demo-land-001415
10000004780,demo-land-001415
10000004781,demo-land-001415
10000004782,demo-land-001415
10000004783,demo-land-001415
10000004784,demo-land-001415
10000004785,demo-land-001415
10000004786,demo-land-001415
10000004787,demo-land-001416
10000004788,demo-land-001416
10000004789,demo-land-001416
10000004790,demo-land-001417
10000004791,demo-land-001417
10000004792,demo-land-001418
10000004793,demo-land-001418
10000004794,demo-land-001419
10000004795,demo-land-001420
10000004796,demo-land-001420
10000004797,demo-land-001421
10000004798,demo-land-001421
10000004799,demo-land-001422
10000004800,demo-land-001422
10000004801,demo-land-001423
10000004802,demo-land-001424
10000004803,demo-land-001424
10000004804,demo-land-001424
10000004805,demo-land-001425
10000004806,demo-land-001425
10000004807,demo-land-001425
10000004808,demo-land-001426
10000004809,demo-land-001426
10000004810,demo-land-001427
10000004811,demo-land-001428
10000004812,demo-land-001429
10000004813,demo-land-001430
10000004814,demo-land-001430
10000004815,demo-land-001430
10000004816,demo-land-001431
10000004817,demo-land-001431
10000004818,demo-land-001431
10000004819,demo-land-001432
10000004820,demo-land-001433
10000004821,demo-land-001433
10000004822,demo-land-001434
10000004823,demo-land-001434
10000004824,demo-land-001434
10000004825,demo-land-001434
10000004826,demo-land-001434
10000004827,demo-land-001434
10000004828,demo-land-001434
10000004829,demo-land-001434
10000004830,demo-land-001434
10000004831,demo-land-001434
10000004832,demo-land-001434
10000004833,demo-land-001434
10000004834,demo-land-001435
10000004835,demo-land-001436
10000004836,demo-land-001437
10000004837,demo-land-001437
10000004838,demo-land-001438
10000004839,demo-land-001439
10000004840,demo-land-001440
10000004841,demo-land-001440
10000004842,demo-land-001441
10000004843,demo-land-001441
10000004844,demo-land-001442
10000004845,demo-land-001442
10000004846,demo-land-001442
10000004847,demo-land-001443
10000004848,demo-land-001444
10000004849,demo-land-001444
10000004850,demo-land-001444
10000004851,demo-land-001444
10000004852,demo-land-001444
10000004853,demo-land-001444
10000004854,demo-land-001444
10000004855,demo-land-001444
10000004856,demo-land-001444
10000004857,demo-land-001445
10000004858,demo-land-001445
10000004859,demo-land-001446
10000004860,demo-land-001447
10000004861,demo-land-001447
10000004862,demo-land-001448
10000004863,demo-land-001449
10000004864,demo-land-001449
10000004865,demo-land-001450
10000004866,demo-land-001450
10000004867,demo-land-001450
10000004868,demo-land-001451
10000004869,demo-land-001452
10000004870,demo-land-001453
10000004871,demo-land-001454
10000004872,demo-land-001454
10000004873,demo-land-001455
10000004874,demo-land-001456
10000004875,demo-land-001456
10000004876,demo-land-001457
10000004877,demo-land-001458
10000004878,demo-land-001458
10000004879,demo-land-001458
10000004880,demo-land-001458
10000004881,demo-land-001458
10000004882,demo-land-001458
10000004883,demo-land-001458
10000004884,demo-land-001458
10000004885,demo-land-001458
10000004886,demo-land-001458
10000004887,demo-land-001458
10000004888,demo-land-001458
10000004889,demo-land-001458
10000004890,demo-land-001458
10000004891,demo-land-001458
10000004892,demo-land-001458
10000004893,demo-land-001459
10000004894,demo-land-001460
10000004895,demo-land-001460
10000004896,demo-land-001460
10000004897,demo-land-001460
10000004898,demo-land-001460
10000004899,demo-land-001460
10000004900,demo-land-001460
10000004901,demo-land-001460
10000004902,demo-land-001460
10000004903,demo-land-001460
10000004904,demo-land-001460
10000004905,demo-land-001460
10000004906,demo-land-001460
10000004907,demo-land-001460
10000004908,demo-land-001460
10000004909,demo-land-001460
10000004910,demo-land-001460
10000004911,demo-land-001460
10000004912,demo-land-001461
10000004913,demo-land-001462
10000004914,demo-land-001462
10000004915,demo-land-001463
10000004916,demo-land-001463
10000004917,demo-land-001463
10000004918,demo-land-001464
10000004919,demo-land-001464
10000004920,demo-land-001464
10000004921,demo-land-001465
10000004922,demo-land-001465
10000004923,demo-land-001466
10000004924,demo-land-001467
10000004925,demo-land-001468
10000004926,demo-land-001468
10000004927,demo-land-001468
10000004928,demo-land-001469
10000004929,demo-land-001469
10000004930,demo-land-001469
10000004931,demo-land-001470
10000004932,demo-land-001470
10000004933,demo-land-001470
10000004934,demo-land-001471
10000004935,demo-land-001472
10000004936,demo-land-001472
10000004937,demo-land-001472
10000004938,demo-land-001473
10000004939,demo-land-001473
10000004940,demo-land-001474
10000004941,demo-land-001474
10000004942,demo-land-001475
10000004943,demo-land-001475
10000004944,demo-land-001476
10000004945,demo-land-001476
10000004946,demo-land-001476
10000004947,demo-land-001477
10000004948,demo-land-001478
10000004949,demo-land-001478
10000004950,demo-land-001478
10000004951,demo-land-001479
10000004952,demo-land-001479
10000004953,demo-land-001480
10000004954,demo-land-001480
10000004955,demo-land-001481
10000004956,demo-land-001481
10000004957,demo-land-001481
10000004958,demo-land-001482
10000004959,demo-land-001482
10000004960,demo-land-001483
10000004961,demo-land-001483
10000004962,demo-land-001483
10000004963,demo-land-001484
10000004964,demo-land-001484
10000004965,demo-land-001484
10000004966,demo-land-001485
10000004967,demo-land-001485
10000004968,demo-land-001485
10000004969,demo-land-001486
10000004970,demo-land-001487
10000004971,demo-land-001487
10000004972,demo-land-001487
10000004973,demo-land-001488
10000004974,demo-land-001488
10000004975,demo-land-001489
10000004976,demo-land-001489
10000004977,demo-land-001489
10000004978,demo-land-001489
10000004979,demo-land-001489
10000004980,demo-land-001489
10000004981,demo-land-001489
10000004982,demo-land-001489
10000004983,demo-land-001489
10000004984,demo-land-001489
10000004985,demo-land-001489
10000004986,demo-land-001489
10000004987,demo-land-001489
10000004988,demo-land-001489
10000004989,demo-land-001489
10000004990,demo-land-001489
10000004991,demo-land-001489
10000004992,demo-land-001489
10000004993,demo-land-001489
10000004994,demo-land-001489
10000004995,demo-land-001489
10000004996,demo-land-001489
10000004997,demo-land-001489
10000004998,demo-land-001489
10000004999,demo-land-001489
10000005000,demo-land-001489
10000005001,demo-land-001489
10000005002,demo-land-001490
10000005003,demo-land-001491
10000005004,demo-land-001492
10000005005,demo-land-001492
10000005006,demo-land-001492
10000005007,demo-land-001493
10000005008,demo-land-001494
10000005009,demo-land-001494
10000005010,demo-land-001495
10000005011,demo-land-001496
10000005012,demo-land-001496
10000005013,demo-land-001496
10000005014,demo-land-001497
10000005015,demo-land-001497
10000005016,demo-land-001497
10000005017,demo-land-001498
10000005018,demo-land-001499
10000005019,demo-land-001500
10000005020,demo-land-001500
10000005021,demo-land-001500
10000005022,demo-land-001500
10000005023,demo-land-001500
10000005024,demo-land-001500
10000005025,demo-land-001500
10000005026,demo-land-001500
10000005027,demo-land-001500
10000005028,demo-land-001500
10000005029,demo-land-001500
10000005030,demo-land-001500
10000005031,demo-land-001500
10000005032,demo-land-001500
10000005033,demo-land-001500
10000005034,demo-land-001500
10000005035,demo-land-001500
10000005036,demo-land-001500
10000005037,demo-land-001501
10000005038,demo-land-001502
10000005039,demo-land-001502
10000005040,demo-land-001503
10000005041,demo-land-001504
10000005042,demo-land-001504
10000005043,demo-land-001504
10000005044,demo-land-001505
10000005045,demo-land-001505
10000005046,demo-land-001506
10000005047,demo-land-001507
10000005048,demo-land-001507
10000005049,demo-land-001508
10000005050,demo-land-001509
10000005051,demo-land-001509
10000005052,demo-land-001510
10000005053,demo-land-001511
10000005054,demo-land-001511
10000005055,demo-land-001512
10000005056,demo-land-001512
10000005057,demo-land-001512
10000005058,demo-land-001513
10000005059,demo-land-001514
10000005060,demo-land-001515
10000005061,demo-land-001516
10000005062,demo-land-001516
10000005063,demo-land-001516
10000005064,demo-land-001516
10000005065,demo-land-001516
10000005066,demo-land-001516
10000005067,demo-land-001516
10000005068,demo-land-001516
10000005069,demo-land-001516
10000005070,demo-land-001516
10000005071,demo-land-001516
10000005072,demo-land-001516
10000005073,demo-land-001516
10000005074,demo-land-001516
10000005075,demo-land-001517
10000005076,demo-land-001517
10000005077,demo-land-001517
10000005078,demo-land-001517
10000005079,demo-land-001517
10000005080,demo-land-001517
10000005081,demo-land-001517
10000005082,demo-land-001517
10000005083,demo-land-001517
10000005084,demo-land-001517
10000005085,demo-land-001517
10000005086,demo-land-001517
10000005087,demo-land-001517
10000005088,demo-land-001517
10000005089,demo-land-001517
10000005090,demo-land-001517
10000005091,demo-land-001517
10000005092,demo-land-001517
10000005093,demo-land-001518
10000005094,demo-land-001518
10000005095,demo-land-001518
10000005096,demo-land-001519
10000005097,demo-land-001519
10000005098,demo-land-001520
10000005099,demo-land-001521
10000005100,demo-land-001521
10000005101,demo-land-001521
10000005102,demo-land-001522
10000005103,demo-land-001523
10000005104,demo-land-001524
10000005105,demo-land-001525
10000005106,demo-land-001526
10000005107,demo-land-001526
10000005108,demo-land-001526
10000005109,demo-land-001526
10000005110,demo-land-001526
10000005111,demo-land-001526
10000005112,demo-land-001526
10000005113,demo-land-001526
10000005114,demo-land-001526
10000005115,demo-land-001526
10000005116,demo-land-001526
10000005117,demo-land-001526
10000005118,demo-land-001526
10000005119,demo-land-001526
10000005120,demo-land-001526
10000005121,demo-land-001526
10000005122,demo-land-001526
10000005123,demo-land-001526
10000005124,demo-land-001526
10000005125,demo-land-001526
10000005126,demo-land-001526
10000005127,demo-land-001526
10000005128,demo-land-001526
10000005129,demo-land-001526
10000005130,demo-land-001527
10000005131,demo-land-001528
10000005132,demo-land-001529
10000005133,demo-land-001530
10000005134,demo-land-001531
10000005135,demo-land-001531
10000005136,demo-land-001532
10000005137,demo-land-001532
10000005138,demo-land-001533
10000005139,demo-land-001534
10000005140,demo-land-001534
10000005141,demo-land-001534
10000005142,demo-land-001535
10000005143,demo-land-001536
10000005144,demo-land-001536
10000005145,demo-land-001537
10000005146,demo-land-001538
10000005147,demo-land-001539
10000005148,demo-land-001540
10000005149,demo-land-001541
10000005150,demo-land-001542
10000005151,demo-land-001542
10000005152,demo-land-001542
10000005153,demo-land-001543
10000005154,demo-land-001544
10000005155,demo-land-001545
10000005156,demo-land-001546
10000005157,demo-land-001547
10000005158,demo-land-001547
10000005159,demo-land-001547
10000005160,demo-land-001548
10000005161,demo-land-001549
10000005162,demo-land-001549
10000005163,demo-land-001550
10000005164,demo-land-001551
10000005165,demo-land-001552
10000005166,demo-land-001553
10000005167,demo-land-001553
10000005168,demo-land-001553
10000005169,demo-land-001554
10000005170,demo-land-001554
10000005171,demo-land-001554
10000005172,demo-land-001554
10000005173,demo-land-001554
10000005174,demo-land-001554
10000005175,demo-land-001554
10000005176,demo-land-001554
10000005177,demo-land-001554
10000005178,demo-land-001554
10000005179,demo-land-001554
10000005180,demo-land-001554
10000005181,demo-land-001554
10000005182,demo-land-001554
10000005183,demo-land-001554
10000005184,demo-land-001554
10000005185,demo-land-001554
10000005186,demo-land-001554
10000005187,demo-land-001555
10000005188,demo-land-001555
10000005189,demo-land-001555
10000005190,demo-land-001556
10000005191,demo-land-001557
10000005192,demo-land-001557
10000005193,demo-land-001557
10000005194,demo-land-001558
10000005195,demo-land-001558
10000005196,demo-land-001558
10000005197,demo-land-001558
10000005198,demo-land-001558
10000005199,demo-land-001558
10000005200,demo-land-001558
10000005201,demo-land-001558
10000005202,demo-land-001558
10000005203,demo-land-001558
10000005204,demo-land-001558
10000005205,demo-land-001559
10000005206,demo-land-001559
10000005207,demo-land-001560
10000005208,demo-land-001561
10000005209,demo-land-001561
10000005210,demo-land-001562
10000005211,demo-land-001562
10000005212,demo-land-001563
10000005213,demo-land-001564
10000005214,demo-land-001564
10000005215,demo-land-001565
10000005216,demo-land-001565
10000005217,demo-land-001565
10000005218,demo-land-001566
10000005219,demo-land-001567
10000005220,demo-land-001567
10000005221,demo-land-001567
10000005222,demo-land-001568
10000005223,demo-land-001568
10000005224,demo-land-001569
10000005225,demo-land-001569
10000005226,demo-land-001569
10000005227,demo-land-001569
10000005228,demo-land-001569
10000005229,demo-land-001569
10000005230,demo-land-001569
10000005231,demo-land-001569
10000005232,demo-land-001569
10000005233,demo-land-001569
10000005234,demo-land-001569
10000005235,demo-land-001569
10000005236,demo-land-001569
10000005237,demo-land-001569
10000005238,demo-land-001569
10000005239,demo-land-001569
10000005240,demo-land-001569
10000005241,demo-land-001569
10000005242,demo-land-001569
10000005243,demo-land-001569
10000005244,demo-land-001569
10000005245,demo-land-001569
10000005246,demo-land-001569
10000005247,demo-land-001569
10000005248,demo-land-001569
10000005249,demo-land-001569
10000005250,demo-land-001569
10000005251,demo-land-001569
10000005252,demo-land-001569
10000005253,demo-land-001569
10000005254,demo-land-001569
10000005255,demo-land-001569
10000005256,demo-land-001569
10000005257,demo-land-001570
10000005258,demo-land-001570
10000005259,demo-land-001571
10000005260,demo-land-001572
10000005261,demo-land-001573
10000005262,demo-land-001573
10000005263,demo-land-001574
10000005264,demo-land-001574
10000005265,demo-land-001574
10000005266,demo-land-001575
10000005267,demo-land-001576
10000005268,demo-land-001577
10000005269,demo-land-001578
10000005270,demo-land-001579
10000005271,demo-land-001579
10000005272,demo-land-001579
10000005273,demo-land-001580
10000005274,demo-land-001581
10000005275,demo-land-001581
10000005276,demo-land-001581
10000005277,demo-land-001582
10000005278,demo-land-001582
10000005279,demo-land-001583
10000005280,demo-land-001584
10000005281,demo-land-001585
10000005282,demo-land-001586
10000005283,demo-land-001587
10000005284,demo-land-001587
10000005285,demo-land-001588
10000005286,demo-land-001589
10000005287,demo-land-001590
10000005288,demo-land-001590
10000005289,demo-land-001590
10000005290,demo-land-001591
10000005291,demo-land-001591
10000005292,demo-land-001592
10000005293,demo-land-001593
10000005294,demo-land-001593
10000005295,demo-land-001593
10000005296,demo-land-001594
10000005297,demo-land-001595
10000005298,demo-land-001596
10000005299,demo-land-001596
10000005300,demo-land-001596
10000005301,demo-land-001597
10000005302,demo-land-001598
10000005303,demo-land-001598
10000005304,demo-land-001598
10000005305,demo-land-001598
10000005306,demo-land-001598
10000005307,demo-land-001598
10000005308,demo-land-001598
10000005309,demo-land-001598
10000005310,demo-land-001598
10000005311,demo-land-001598
10000005312,demo-land-001598
10000005313,demo-land-001598
10000005314,demo-land-001599
10000005315,demo-land-001599
10000005316,demo-land-001600
10000005317,demo-land-001600
10000005318,demo-land-001600
10000005319,demo-land-001601
10000005320,demo-land-001601
10000005321,demo-land-001601
10000005322,demo-land-001602
10000005323,demo-land-001602
10000005324,demo-land-001602
10000005325,demo-land-001602
10000005326,demo-land-001602
10000005327,demo-land-001602
10000005328,demo-land-001602
10000005329,demo-land-001602
10000005330,demo-land-001602
10000005331,demo-land-001602
10000005332,demo-land-001602
10000005333,demo-land-001602
10000005334,demo-land-001602
10000005335,demo-land-001602
10000005336,demo-land-001602
10000005337,demo-land-001602
10000005338,demo-land-001602
10000005339,demo-land-001602
10000005340,demo-land-001602
10000005341,demo-land-001602
10000005342,demo-land-001602
10000005343,demo-land-001602
10000005344,demo-land-001602
10000005345,demo-land-001602
10000005346,demo-land-001602
10000005347,demo-land-001602
10000005348,demo-land-001602
10000005349,demo-land-001602
10000005350,demo-land-001602
10000005351,demo-land-001602
10000005352,demo-land-001603
10000005353,demo-land-001604
10000005354,demo-land-001604
10000005355,demo-land-001605
10000005356,demo-land-001606
10000005357,demo-land-001607
10000005358,demo-land-001608
10000005359,demo-land-001609
10000005360,demo-land-001609
10000005361,demo-land-001609
10000005362,demo-land-001610
10000005363,demo-land-001610
10000005364,demo-land-001611
10000005365,demo-land-001611
10000005366,demo-land-001612
10000005367,demo-land-001612
10000005368,demo-land-001612
10000005369,demo-land-001613
10000005370,demo-land-001613
10000005371,demo-land-001613
10000005372,demo-land-001614
10000005373,demo-land-001614
10000005374,demo-land-001614
10000005375,demo-land-001614
10000005376,demo-land-001614
10000005377,demo-land-001614
10000005378,demo-land-001614
10000005379,demo-land-001614
10000005380,demo-land-001614
10000005381,demo-land-001615
10000005382,demo-land-001616
10000005383,demo-land-001617
10000005384,demo-land-001618
10000005385,demo-land-001618
10000005386,demo-land-001619
10000005387,demo-land-001620
10000005388,demo-land-001621
10000005389,demo-land-001621
10000005390,demo-land-001622
10000005391,demo-land-001622
10000005392,demo-land-001623
10000005393,demo-land-001623
10000005394,demo-land-001624
10000005395,demo-land-001624
10000005396,demo-land-001624
10000005397,demo-land-001625
10000005398,demo-land-001625
10000005399,demo-land-001625
10000005400,demo-land-001626
10000005401,demo-land-001627
10000005402,demo-land-001627
10000005403,demo-land-001627
10000005404,demo-land-001628
10000005405,demo-land-001628
10000005406,demo-land-001629
10000005407,demo-land-001629
10000005408,demo-land-001630
10000005409,demo-land-001630
10000005410,demo-land-001631
10000005411,demo-land-001632
10000005412,demo-land-001632
10000005413,demo-land-001632
10000005414,demo-land-001633
10000005415,demo-land-001634
10000005416,demo-land-001634
10000005417,demo-land-001635
10000005418,demo-land-001635
10000005419,demo-land-001636
10000005420,demo-land-001636
10000005421,demo-land-001637
10000005422,demo-land-001638
10000005423,demo-land-001638
10000005424,demo-land-001638
10000005425,demo-land-001639
10000005426,demo-land-001640
10000005427,demo-land-001640
10000005428,demo-land-001641
10000005429,demo-land-001641
10000005430,demo-land-001641
10000005431,demo-land-001642
10000005432,demo-land-001642
10000005433,demo-land-001642
10000005434,demo-land-001643
10000005435,demo-land-001644
10000005436,demo-land-001644
10000005437,demo-land-001645
10000005438,demo-land-001646
10000005439,demo-land-001647
10000005440,demo-land-001647
10000005441,demo-land-001648
10000005442,demo-land-001649
10000005443,demo-land-001649
10000005444,demo-land-001649
10000005445,demo-land-001649
10000005446,demo-land-001649
10000005447,demo-land-001649
10000005448,demo-land-001649
10000005449,demo-land-001649
10000005450,demo-land-001649
10000005451,demo-land-001649
10000005452,demo-land-001649
10000005453,demo-land-001649
10000005454,demo-land-001649
10000005455,demo-land-001649
10000005456,demo-land-001649
10000005457,demo-land-001649
10000005458,demo-land-001649
10000005459,demo-land-001649
10000005460,demo-land-001649
10000005461,demo-land-001649
10000005462,demo-land-001649
10000005463,demo-land-001650
10000005464,demo-land-001650
10000005465,demo-land-001651
10000005466,demo-land-001652
10000005467,demo-land-001652
10000005468,demo-land-001653
10000005469,demo-land-001653
10000005470,demo-land-001653
10000005471,demo-land-001654
10000005472,demo-land-001654
10000005473,demo-land-001655
10000005474,demo-land-001655
10000005475,demo-land-001656
10000005476,demo-land-001656
10000005477,demo-land-001657
10000005478,demo-land-001657
10000005479,demo-land-001658
10000005480,demo-land-001658
10000005481,demo-land-001658
10000005482,demo-land-001659
10000005483,demo-land-001660
10000005484,demo-land-001661
10000005485,demo-land-001661
10000005486,demo-land-001662
10000005487,demo-land-001662
10000005488,demo-land-001662
10000005489,demo-land-001663
10000005490,demo-land-001664
10000005491,demo-land-001664
10000005492,demo-land-001665
10000005493,demo-land-001666
10000005494,demo-land-001666
10000005495,demo-land-001666
10000005496,demo-land-001667
10000005497,demo-land-001667
10000005498,demo-land-001667
10000005499,demo-land-001668
10000005500,demo-land-001668
10000005501,demo-land-001669
10000005502,demo-land-001669
10000005503,demo-land-001669
10000005504,demo-land-001670
10000005505,demo-land-001671
10000005506,demo-land-001671
10000005507,demo-land-001672
10000005508,demo-land-001672
10000005509,demo-land-001672
10000005510,demo-land-001673
10000005511,demo-land-001673
10000005512,demo-land-001673
10000005513,demo-land-001674
10000005514,demo-land-001675
10000005515,demo-land-001675
10000005516,demo-land-001675
10000005517,demo-land-001676
10000005518,demo-land-001676
10000005519,demo-land-001676
10000005520,demo-land-001677
10000005521,demo-land-001678
10000005522,demo-land-001679
10000005523,demo-land-001679
10000005524,demo-land-001680
10000005525,demo-land-001680
10000005526,demo-land-001680
10000005527,demo-land-001680
10000005528,demo-land-001680
10000005529,demo-land-001680
10000005530,demo-land-001680
10000005531,demo-land-001680
10000005532,demo-land-001680
10000005533,demo-land-001680
10000005534,demo-land-001680
10000005535,demo-land-001680
10000005536,demo-land-001680
10000005537,demo-land-001680
10000005538,demo-land-001680
10000005539,demo-land-001680
10000005540,demo-land-001681
10000005541,demo-land-001682
10000005542,demo-land-001683
10000005543,demo-land-001684
10000005544,demo-land-001685
10000005545,demo-land-001685
10000005546,demo-land-001685
10000005547,demo-land-001686
10000005548,demo-land-001687
10000005549,demo-land-001688
10000005550,demo-land-001688
10000005551,demo-land-001688
10000005552,demo-land-001689
10000005553,demo-land-001689
10000005554,demo-land-001689
10000005555,demo-land-001689
10000005556,demo-land-001689
10000005557,demo-land-001689
10000005558,demo-land-001689
10000005559,demo-land-001689
10000005560,demo-land-001689
10000005561,demo-land-001689
10000005562,demo-land-001689
10000005563,demo-land-001689
10000005564,demo-land-001689
10000005565,demo-land-001689
10000005566,demo-land-001689
10000005567,demo-land-001689
10000005568,demo-land-001689
10000005569,demo-land-001689
10000005570,demo-land-001689
10000005571,demo-land-001689
10000005572,demo-land-001689
10000005573,demo-land-001690
10000005574,demo-land-001690
10000005575,demo-land-001691
10000005576,demo-land-001692
10000005577,demo-land-001693
10000005578,demo-land-001693
10000005579,demo-land-001694
10000005580,demo-land-001694
10000005581,demo-land-001694
10000005582,demo-land-001694
10000005583,demo-land-001694
10000005584,demo-land-001694
10000005585,demo-land-001694
10000005586,demo-land-001694
10000005587,demo-land-001694
10000005588,demo-land-001694
10000005589,demo-land-001694
10000005590,demo-land-001694
10000005591,demo-land-001694
10000005592,demo-land-001694
10000005593,demo-land-001694
10000005594,demo-land-001694
10000005595,demo-land-001694
10000005596,demo-land-001694
10000005597,demo-land-001695
10000005598,demo-land-001695
10000005599,demo-land-001695
10000005600,demo-land-001696
10000005601,demo-land-001697
10000005602,demo-land-001698
10000005603,demo-land-001698
10000005604,demo-land-001698
10000005605,demo-land-001699
10000005606,demo-land-001700
10000005607,demo-land-001700
10000005608,demo-land-001701
10000005609,demo-land-001701
10000005610,demo-land-001701
10000005611,demo-land-001702
10000005612,demo-land-001702
10000005613,demo-land-001702
10000005614,demo-land-001703
10000005615,demo-land-001703
10000005616,demo-land-001704
10000005617,demo-land-001705
10000005618,demo-land-001705
10000005619,demo-land-001706
10000005620,demo-land-001707
10000005621,demo-land-001708
10000005622,demo-land-001709
10000005623,demo-land-001710
10000005624,demo-land-001711
10000005625,demo-land-001712
10000005626,demo-land-001712
10000005627,demo-land-001712
10000005628,demo-land-001713
10000005629,demo-land-001714
10000005630,demo-land-001714
10000005631,demo-land-001715
10000005632,demo-land-001715
10000005633,demo-land-001716
10000005634,demo-land-001717
10000005635,demo-land-001717
10000005636,demo-land-001717
10000005637,demo-land-001718
10000005638,demo-land-001718
10000005639,demo-land-001718
10000005640,demo-land-001719
10000005641,demo-land-001720
10000005642,demo-land-001720
10000005643,demo-land-001721
10000005644,demo-land-001722
10000005645,demo-land-001723
10000005646,demo-land-001723
10000005647,demo-land-001724
10000005648,demo-land-001725
10000005649,demo-land-001725
10000005650,demo-land-001725
10000005651,demo-land-001726
10000005652,demo-land-001727
10000005653,demo-land-001728
10000005654,demo-land-001729
10000005655,demo-land-001729
10000005656,demo-land-001730
10000005657,demo-land-001731
10000005658,demo-land-001731
10000005659,demo-land-001732
10000005660,demo-land-001733
10000005661,demo-land-001734
10000005662,demo-land-001735
10000005663,demo-land-001736
10000005664,demo-land-001736
10000005665,demo-land-001736
10000005666,demo-land-001737
10000005667,demo-land-001737
10000005668,demo-land-001738
10000005669,demo-land-001738
10000005670,demo-land-001739
10000005671,demo-land-001739
10000005672,demo-land-001740
10000005673,demo-land-001740
10000005674,demo-land-001740
10000005675,demo-land-001741
10000005676,demo-land-001741
10000005677,demo-land-001741
10000005678,demo-land-001742
10000005679,demo-land-001742
10000005680,demo-land-001742
10000005681,demo-land-001743
10000005682,demo-land-001743
10000005683,demo-land-001743
10000005684,demo-land-001744
10000005685,demo-land-001745
10000005686,demo-land-001746
10000005687,demo-land-001746
10000005688,demo-land-001746
10000005689,demo-land-001747
10000005690,demo-land-001747
10000005691,demo-land-001748
10000005692,demo-land-001749
10000005693,demo-land-001749
10000005694,demo-land-001750
10000005695,demo-land-001750
10000005696,demo-land-001750
10000005697,demo-land-001750
10000005698,demo-land-001750
10000005699,demo-land-001750
10000005700,demo-land-001750
10000005701,demo-land-001750
10000005702,demo-land-001750
10000005703,demo-land-001750
10000005704,demo-land-001750
10000005705,demo-land-001750
10000005706,demo-land-001750
10000005707,demo-land-001750
10000005708,demo-land-001750
10000005709,demo-land-001750
10000005710,demo-land-001750
10000005711,demo-land-001750
10000005712,demo-land-001750
10000005713,demo-land-001750
10000005714,demo-land-001750
10000005715,demo-land-001750
10000005716,demo-land-001750
10000005717,demo-land-001750
10000005718,demo-land-001750
10000005719,demo-land-001750
10000005720,demo-land-001750
10000005721,demo-land-001751
10000005722,demo-land-001751
10000005723,demo-land-001752
10000005724,demo-land-001753
10000005725,demo-land-001754
10000005726,demo-land-001755
10000005727,demo-land-001755
10000005728,demo-land-001755
10000005729,demo-land-001756
10000005730,demo-land-001756
10000005731,demo-land-001756
10000005732,demo-land-001756
10000005733,demo-land-001756
10000005734,demo-land-001756
10000005735,demo-land-001756
10000005736,demo-land-001756
10000005737,demo-land-001756
10000005738,demo-land-001756
10000005739,demo-land-001756
10000005740,demo-land-001756
10000005741,demo-land-001756
10000005742,demo-land-001756
10000005743,demo-land-001756
10000005744,demo-land-001756
10000005745,demo-land-001756
10000005746,demo-land-001756
10000005747,demo-land-001757
10000005748,demo-land-001757
10000005749,demo-land-001758
10000005750,demo-land-001758
10000005751,demo-land-001758
10000005752,demo-land-001759
10000005753,demo-land-001760
10000005754,demo-land-001760
10000005755,demo-land-001761
10000005756,demo-land-001761
10000005757,demo-land-001762
10000005758,demo-land-001763
10000005759,demo-land-001763
10000005760,demo-land-001763
10000005761,demo-land-001764
10000005762,demo-land-001765
10000005763,demo-land-001765
10000005764,demo-land-001766
10000005765,demo-land-001767
10000005766,demo-land-001767
10000005767,demo-land-001768
10000005768,demo-land-001768
10000005769,demo-land-001768
10000005770,demo-land-001769
10000005771,demo-land-001769
10000005772,demo-land-001769
10000005773,demo-land-001770
10000005774,demo-land-001771
10000005775,demo-land-001772
10000005776,demo-land-001772
10000005777,demo-land-001773
10000005778,demo-land-001773
10000005779,demo-land-001774
10000005780,demo-land-001774
10000005781,demo-land-001775
10000005782,demo-land-001775
10000005783,demo-land-001775
10000005784,demo-land-001776
10000005785,demo-land-001776
10000005786,demo-land-001776
10000005787,demo-land-001776
10000005788,demo-land-001776
10000005789,demo-land-001776
10000005790,demo-land-001776
10000005791,demo-land-001776
10000005792,demo-land-001776
10000005793,demo-land-001776
10000005794,demo-land-001776
10000005795,demo-land-001777
10000005796,demo-land-001778
10000005797,demo-land-001779
10000005798,demo-land-001779
10000005799,demo-land-001779
10000005800,demo-land-001779
10000005801,demo-land-001779
10000005802,demo-land-001779
10000005803,demo-land-001779
10000005804,demo-land-001779
10000005805,demo-land-001779
10000005806,demo-land-001779
10000005807,demo-land-001779
10000005808,demo-land-001779
10000005809,demo-land-001779
10000005810,demo-land-001779
10000005811,demo-land-001780
10000005812,demo-land-001781
10000005813,demo-land-001781
10000005814,demo-land-001782
10000005815,demo-land-001782
10000005816,demo-land-001782
10000005817,demo-land-001783
10000005818,demo-land-001783
10000005819,demo-land-001783
10000005820,demo-land-001784
10000005821,demo-land-001785
10000005822,demo-land-001786
10000005823,demo-land-001787
10000005824,demo-land-001787
10000005825,demo-land-001788
10000005826,demo-land-001789
10000005827,demo-land-001789
10000005828,demo-land-001790
10000005829,demo-land-001790
10000005830,demo-land-001790
10000005831,demo-land-001791
10000005832,demo-land-001791
10000005833,demo-land-001791
10000005834,demo-land-001792
10000005835,demo-land-001792
10000005836,demo-land-001792
10000005837,demo-land-001792
10000005838,demo-land-001792
10000005839,demo-land-001792
10000005840,demo-land-001792
10000005841,demo-land-001792
10000005842,demo-land-001792
10000005843,demo-land-001792
10000005844,demo-land-001792
10000005845,demo-land-001792
10000005846,demo-land-001792
10000005847,demo-land-001792
10000005848,demo-land-001792
10000005849,demo-land-001792
10000005850,demo-land-001792
10000005851,demo-land-001792
10000005852,demo-land-001792
10000005853,demo-land-001792
10000005854,demo-land-001793
10000005855,demo-land-001793
10000005856,demo-land-001793
10000005857,demo-land-001793
10000005858,demo-land-001793
10000005859,demo-land-001793
10000005860,demo-land-001793
10000005861,demo-land-001793
10000005862,demo-land-001793
10000005863,demo-land-001793
10000005864,demo-land-001793
10000005865,demo-land-001793
10000005866,demo-land-001793
10000005867,demo-land-001793
10000005868,demo-land-001794
10000005869,demo-land-001795
10000005870,demo-land-001796
10000005871,demo-land-001796
10000005872,demo-land-001797
10000005873,demo-land-001797
10000005874,demo-land-001797
10000005875,demo-land-001798
10000005876,demo-land-001798
10000005877,demo-land-001798
10000005878,demo-land-001799
10000005879,demo-land-001799
10000005880,demo-land-001800
10000005881,demo-land-001800
10000005882,demo-land-001800
10000005883,demo-land-001801
10000005884,demo-land-001802
10000005885,demo-land-001802
10000005886,demo-land-001803
10000005887,demo-land-001803
10000005888,demo-land-001804
10000005889,demo-land-001804
10000005890,demo-land-001805
10000005891,demo-land-001805
10000005892,demo-land-001806
10000005893,demo-land-001806
10000005894,demo-land-001807
10000005895,demo-land-001808
10000005896,demo-land-001809
10000005897,demo-land-001809
10000005898,demo-land-001810
10000005899,demo-land-001811
10000005900,demo-land-001812
10000005901,demo-land-001813
10000005902,demo-land-001813
10000005903,demo-land-001813
10000005904,demo-land-001814
10000005905,demo-land-001814
10000005906,demo-land-001814
10000005907,demo-land-001815
10000005908,demo-land-001816
10000005909,demo-land-001816
10000005910,demo-land-001816
10000005911,demo-land-001817
10000005912,demo-land-001818
10000005913,demo-land-001818
10000005914,demo-land-001818
10000005915,demo-land-001819
10000005916,demo-land-001819
10000005917,demo-land-001819
10000005918,demo-land-001820
10000005919,demo-land-001820
10000005920,demo-land-001820
10000005921,demo-land-001821
10000005922,demo-land-001821
10000005923,demo-land-001821
10000005924,demo-land-001822
10000005925,demo-land-001822
10000005926,demo-land-001822
10000005927,demo-land-001823
10000005928,demo-land-001823
10000005929,demo-land-001823
10000005930,demo-land-001824
10000005931,demo-land-001825
10000005932,demo-land-001825
10000005933,demo-land-001825
10000005934,demo-land-001826
10000005935,demo-land-001826
10000005936,demo-land-001826
10000005937,demo-land-001826
10000005938,demo-land-001826
10000005939,demo-land-001826
10000005940,demo-land-001826
10000005941,demo-land-001826
10000005942,demo-land-001826
10000005943,demo-land-001826
10000005944,demo-land-001826
10000005945,demo-land-001826
10000005946,demo-land-001827
10000005947,demo-land-001827
10000005948,demo-land-001828
10000005949,demo-land-001828
10000005950,demo-land-001828
10000005951,demo-land-001829
10000005952,demo-land-001829
10000005953,demo-land-001830
10000005954,demo-land-001830
10000005955,demo-land-001830
10000005956,demo-land-001831
10000005957,demo-land-001831
10000005958,demo-land-001831
10000005959,demo-land-001832
10000005960,demo-land-001833
10000005961,demo-land-001833
10000005962,demo-land-001833
10000005963,demo-land-001833
10000005964,demo-land-001833
10000005965,demo-land-001833
10000005966,demo-land-001833
10000005967,demo-land-001833
10000005968,demo-land-001833
10000005969,demo-land-001833
10000005970,demo-land-001833
10000005971,demo-land-001833
10000005972,demo-land-001833
10000005973,demo-land-001833
10000005974,demo-land-001833
10000005975,demo-land-001833
10000005976,demo-land-001833
10000005977,demo-land-001833
10000005978,demo-land-001833
10000005979,demo-land-001833
10000005980,demo-land-001833
10000005981,demo-land-001833
10000005982,demo-land-001834
10000005983,demo-land-001835
10000005984,demo-land-001836
10000005985,demo-land-001837
10000005986,demo-land-001838
10000005987,demo-land-001838
10000005988,demo-land-001838
10000005989,demo-land-001839
10000005990,demo-land-001839
10000005991,demo-land-001840
10000005992,demo-land-001841
10000005993,demo-land-001841
10000005994,demo-land-001841
10000005995,demo-land-001841
10000005996,demo-land-001841
10000005997,demo-land-001841
10000005998,demo-land-001841
10000005999,demo-land-001841
10000006000,demo-land-001841
10000006001,demo-land-001841
10000006002,demo-land-001841
10000006003,demo-land-001841
10000006004,demo-land-001841
10000006005,demo-land-001841
10000006006,demo-land-001841
10000006007,demo-land-001841
10000006008,demo-land-001841
10000006009,demo-land-001841
10000006010,demo-land-001841
10000006011,demo-land-001841
10000006012,demo-land-001841
10000006013,demo-land-001841
10000006014,demo-land-001841
10000006015,demo-land-001841
10000006016,demo-land-001841
10000006017,demo-land-001841
10000006018,demo-land-001841
10000006019,demo-land-001842
10000006020,demo-land-001843
10000006021,demo-land-001843
10000006022,demo-land-001844
10000006023,demo-land-001844
10000006024,demo-land-001845
10000006025,demo-land-001845
10000006026,demo-land-001846
10000006027,demo-land-001846
10000006028,demo-land-001847
10000006029,demo-land-001847
10000006030,demo-land-001848
10000006031,demo-land-001848
10000006032,demo-land-001848
10000006033,demo-land-001849
10000006034,demo-land-001849
10000006035,demo-land-001850
10000006036,demo-land-001850
10000006037,demo-land-001851
10000006038,demo-land-001852
10000006039,demo-land-001852
10000006040,demo-land-001853
10000006041,demo-land-001853
10000006042,demo-land-001854
10000006043,demo-land-001855
10000006044,demo-land-001856
10000006045,demo-land-001856
10000006046,demo-land-001857
10000006047,demo-land-001857
10000006048,demo-land-001857
10000006049,demo-land-001858
10000006050,demo-land-001859
10000006051,demo-land-001859
10000006052,demo-land-001859
10000006053,demo-land-001860
10000006054,demo-land-001861
10000006055,demo-land-001862
10000006056,demo-land-001863
10000006057,demo-land-001863
10000006058,demo-land-001864
10000006059,demo-land-001864
10000006060,demo-land-001864
10000006061,demo-land-001864
10000006062,demo-land-001864
10000006063,demo-land-001864
10000006064,demo-land-001864
10000006065,demo-land-001864
10000006066,demo-land-001864
10000006067,demo-land-001864
10000006068,demo-land-001864
10000006069,demo-land-001864
10000006070,demo-land-001864
10000006071,demo-land-001864
10000006072,demo-land-001864
10000006073,demo-land-001864
10000006074,demo-land-001864
10000006075,demo-land-001864
10000006076,demo-land-001864
10000006077,demo-land-001864
10000006078,demo-land-001864
10000006079,demo-land-001865
10000006080,demo-land-001865
10000006081,demo-land-001865
10000006082,demo-land-001866
10000006083,demo-land-001866
10000006084,demo-land-001866
10000006085,demo-land-001867
10000006086,demo-land-001867
10000006087,demo-land-001867
10000006088,demo-land-001868
10000006089,demo-land-001868
10000006090,demo-land-001868
10000006091,demo-land-001868
10000006092,demo-land-001868
10000006093,demo-land-001868
10000006094,demo-land-001868
10000006095,demo-land-001868
10000006096,demo-land-001868
10000006097,demo-land-001868
10000006098,demo-land-001868
10000006099,demo-land-001868
10000006100,demo-land-001869
10000006101,demo-land-001869
10000006102,demo-land-001870
10000006103,demo-land-001871
10000006104,demo-land-001872
10000006105,demo-land-001872
10000006106,demo-land-001872
10000006107,demo-land-001873
10000006108,demo-land-001873
10000006109,demo-land-001874
10000006110,demo-land-001874
10000006111,demo-land-001875
10000006112,demo-land-001876
10000006113,demo-land-001877
10000006114,demo-land-001877
10000006115,demo-land-001878
10000006116,demo-land-001879
10000006117,demo-land-001879
10000006118,demo-land-001879
10000006119,demo-land-001880
10000006120,demo-land-001880
10000006121,demo-land-001881
10000006122,demo-land-001882
10000006123,demo-land-001882
10000006124,demo-land-001883
10000006125,demo-land-001884
10000006126,demo-land-001885
10000006127,demo-land-001885
10000006128,demo-land-001886
10000006129,demo-land-001886
10000006130,demo-land-001887
10000006131,demo-land-001888
10000006132,demo-land-001888
10000006133,demo-land-001888
10000006134,demo-land-001889
10000006135,demo-land-001889
10000006136,demo-land-001889
10000006137,demo-land-001890
10000006138,demo-land-001890
10000006139,demo-land-001890
10000006140,demo-land-001891
10000006141,demo-land-001891
10000006142,demo-land-001892
10000006143,demo-land-001892
10000006144,demo-land-001892
10000006145,demo-land-001893
10000006146,demo-land-001893
10000006147,demo-land-001893
10000006148,demo-land-001894
10000006149,demo-land-001895
10000006150,demo-land-001895
10000006151,demo-land-001896
10000006152,demo-land-001897
10000006153,demo-land-001898
10000006154,demo-land-001898
10000006155,demo-land-001898
10000006156,demo-land-001899
10000006157,demo-land-001900
10000006158,demo-land-001900
10000006159,demo-land-001900
10000006160,demo-land-001901
10000006161,demo-land-001901
10000006162,demo-land-001902
10000006163,demo-land-001903
10000006164,demo-land-001903
10000006165,demo-land-001904
10000006166,demo-land-001905
10000006167,demo-land-001906
10000006168,demo-land-001906
10000006169,demo-land-001906
10000006170,demo-land-001907
10000006171,demo-land-001907
10000006172,demo-land-001907
10000006173,demo-land-001908
10000006174,demo-land-001909
10000006175,demo-land-001910
10000006176,demo-land-001910
10000006177,demo-land-001910
10000006178,demo-land-001911
10000006179,demo-land-001912
10000006180,demo-land-001912
10000006181,demo-land-001913
10000006182,demo-land-001914
10000006183,demo-land-001915
10000006184,demo-land-001916
10000006185,demo-land-001916
10000006186,demo-land-001917
10000006187,demo-land-001918
10000006188,demo-land-001918
10000006189,demo-land-001918
10000006190,demo-land-001918
10000006191,demo-land-001918
10000006192,demo-land-001918
10000006193,demo-land-001918
10000006194,demo-land-001918
10000006195,demo-land-001918
10000006196,demo-land-001918
10000006197,demo-land-001918
10000006198,demo-land-001918
10000006199,demo-land-001918
10000006200,demo-land-001918
10000006201,demo-land-001918
10000006202,demo-land-001918
10000006203,demo-land-001918
10000006204,demo-land-001918
10000006205,demo-land-001918
10000006206,demo-land-001918
10000006207,demo-land-001918
10000006208,demo-land-001919
10000006209,demo-land-001919
10000006210,demo-land-001920
10000006211,demo-land-001920
10000006212,demo-land-001920
10000006213,demo-land-001921
10000006214,demo-land-001921
10000006215,demo-land-001921
10000006216,demo-land-001922
10000006217,demo-land-001922
10000006218,demo-land-001923
10000006219,demo-land-001923
10000006220,demo-land-001923
10000006221,demo-land-001924
10000006222,demo-land-001924
10000006223,demo-land-001924
10000006224,demo-land-001924
10000006225,demo-land-001924
10000006226,demo-land-001924
10000006227,demo-land-001924
10000006228,demo-land-001924
10000006229,demo-land-001924
10000006230,demo-land-001924
10000006231,demo-land-001924
10000006232,demo-land-001925
10000006233,demo-land-001926
10000006234,demo-land-001926
10000006235,demo-land-001926
10000006236,demo-land-001927
10000006237,demo-land-001927
10000006238,demo-land-001927
10000006239,demo-land-001928
10000006240,demo-land-001928
10000006241,demo-land-001929
10000006242,demo-land-001930
10000006243,demo-land-001931
10000006244,demo-land-001931
10000006245,demo-land-001931
10000006246,demo-land-001932
10000006247,demo-land-001933
10000006248,demo-land-001934
10000006249,demo-land-001935
10000006250,demo-land-001935
10000006251,demo-land-001935
10000006252,demo-land-001936
10000006253,demo-land-001937
10000006254,demo-land-001938
10000006255,demo-land-001939
10000006256,demo-land-001940
10000006257,demo-land-001941
10000006258,demo-land-001941
10000006259,demo-land-001941
10000006260,demo-land-001941
10000006261,demo-land-001941
10000006262,demo-land-001941
10000006263,demo-land-001941
10000006264,demo-land-001941
10000006265,demo-land-001941
10000006266,demo-land-001941
10000006267,demo-land-001941
10000006268,demo-land-001941
10000006269,demo-land-001941
10000006270,demo-land-001941
10000006271,demo-land-001941
10000006272,demo-land-001941
10000006273,demo-land-001941
10000006274,demo-land-001941
10000006275,demo-land-001942
10000006276,demo-land-001942
10000006277,demo-land-001943
10000006278,demo-land-001943
10000006279,demo-land-001943
10000006280,demo-land-001944
10000006281,demo-land-001944
10000006282,demo-land-001944
10000006283,demo-land-001945
10000006284,demo-land-001945
10000006285,demo-land-001945
10000006286,demo-land-001946
10000006287,demo-land-001946
10000006288,demo-land-001946
10000006289,demo-land-001947
10000006290,demo-land-001948
10000006291,demo-land-001949
10000006292,demo-land-001950
10000006293,demo-land-001951
10000006294,demo-land-001951
10000006295,demo-land-001951
10000006296,demo-land-001952
10000006297,demo-land-001952
10000006298,demo-land-001952
10000006299,demo-land-001953
10000006300,demo-land-001953
10000006301,demo-land-001953
10000006302,demo-land-001953
10000006303,demo-land-001953
10000006304,demo-land-001953
10000006305,demo-land-001953
10000006306,demo-land-001953
10000006307,demo-land-001953
10000006308,demo-land-001953
10000006309,demo-land-001953
10000006310,demo-land-001953
10000006311,demo-land-001953
10000006312,demo-land-001953
10000006313,demo-land-001953
10000006314,demo-land-001953
10000006315,demo-land-001954
10000006316,demo-land-001954
10000006317,demo-land-001955
10000006318,demo-land-001956
10000006319,demo-land-001956
10000006320,demo-land-001956
10000006321,demo-land-001957
10000006322,demo-land-001958
10000006323,demo-land-001958
10000006324,demo-land-001958
10000006325,demo-land-001959
10000006326,demo-land-001960
10000006327,demo-land-001960
10000006328,demo-land-001961
10000006329,demo-land-001961
10000006330,demo-land-001961
10000006331,demo-land-001962
10000006332,demo-land-001962
10000006333,demo-land-001962
10000006334,demo-land-001963
10000006335,demo-land-001963
10000006336,demo-land-001963
10000006337,demo-land-001964
10000006338,demo-land-001965
10000006339,demo-land-001966
10000006340,demo-land-001967
10000006341,demo-land-001967
10000006342,demo-land-001968
10000006343,demo-land-001968
10000006344,demo-land-001968
10000006345,demo-land-001969
10000006346,demo-land-001969
10000006347,demo-land-001969
10000006348,demo-land-001970
10000006349,demo-land-001970
10000006350,demo-land-001970
10000006351,demo-land-001971
10000006352,demo-land-001972
10000006353,demo-land-001972
10000006354,demo-land-001972
10000006355,demo-land-001973
10000006356,demo-land-001973
10000006357,demo-land-001973
10000006358,demo-land-001974
10000006359,demo-land-001975
10000006360,demo-land-001975
10000006361,demo-land-001975
10000006362,demo-land-001976
10000006363,demo-land-001976
10000006364,demo-land-001976
10000006365,demo-land-001976
10000006366,demo-land-001976
10000006367,demo-land-001976
10000006368,demo-land-001976
10000006369,demo-land-001976
10000006370,demo-land-001976
10000006371,demo-land-001976
10000006372,demo-land-001976
10000006373,demo-land-001976
10000006374,demo-land-001976
10000006375,demo-land-001976
10000006376,demo-land-001976
10000006377,demo-land-001976
10000006378,demo-land-001976
10000006379,demo-land-001976
10000006380,demo-land-001977
10000006381,demo-land-001978
10000006382,demo-land-001979
10000006383,demo-land-001979
10000006384,demo-land-001979
10000006385,demo-land-001980
10000006386,demo-land-001981
10000006387,demo-land-001981
10000006388,demo-land-001982
10000006389,demo-land-001983
10000006390,demo-land-001983
10000006391,demo-land-001984
10000006392,demo-land-001985
10000006393,demo-land-001985
10000006394,demo-land-001986
10000006395,demo-land-001986
10000006396,demo-land-001986
10000006397,demo-land-001987
10000006398,demo-land-001987
10000006399,demo-land-001987
10000006400,demo-land-001988
10000006401,demo-land-001988
10000006402,demo-land-001989
10000006403,demo-land-001989
10000006404,demo-land-001989
10000006405,demo-land-001990
10000006406,demo-land-001990
10000006407,demo-land-001991
10000006408,demo-land-001992
10000006409,demo-land-001992
10000006410,demo-land-001992
10000006411,demo-land-001992
10000006412,demo-land-001992
10000006413,demo-land-001992
10000006414,demo-land-001992
10000006415,demo-land-001992
10000006416,demo-land-001992
10000006417,demo-land-001992
10000006418,demo-land-001992
10000006419,demo-land-001992
10000006420,demo-land-001992
10000006421,demo-land-001992
10000006422,demo-land-001992
10000006423,demo-land-001992
10000006424,demo-land-001992
10000006425,demo-land-001992
10000006426,demo-land-001992
10000006427,demo-land-001992
10000006428,demo-land-001992
10000006429,demo-land-001992
10000006430,demo-land-001993
10000006431,demo-land-001993
10000006432,demo-land-001993
10000006433,demo-land-001994
10000006434,demo-land-001994
10000006435,demo-land-001995
10000006436,demo-land-001995
10000006437,demo-land-001995
10000006438,demo-land-001996
10000006439,demo-land-001996
10000006440,demo-land-001997
10000006441,demo-land-001997
10000006442,demo-land-001997
10000006443,demo-land-001998
10000006444,demo-land-001998
10000006445,demo-land-001998
10000006446,demo-land-001999
10000006447,demo-land-002000
10000006448,demo-land-002000
10000006449,demo-land-002000
10000006450,demo-land-002000
10000006451,demo-land-002000
10000006452,demo-land-002000
10000006453,demo-land-002000
10000006454,demo-land-002000
10000006455,demo-land-002000
10000006456,demo-land-002000
10000006457,demo-land-002000
10000006458,demo-land-002000
10000006459,demo-land-002000
10000006460,demo-land-002000
10000006461,demo-land-002000
10000006462,demo-land-002000
10000006463,demo-land-002000
10000006464,demo-land-002000
10000006465,demo-land-002000
10000006466,demo-land-002000
10000006467,demo-land-002000
10000006468,demo-land-002000
10000006469,demo-land-002000
10000006470,demo-land-002000
10000006471,demo-land-002000
10000006472,demo-land-002000
10000006473,demo-land-002000
10000006474,demo-land-002001
10000006475,demo-land-002001
10000006476,demo-land-002001
10000006477,demo-land-002002
10000006478,demo-land-002002
10000006479,demo-land-002003
10000006480,demo-land-002003
10000006481,demo-land-002004
10000006482,demo-land-002005
10000006483,demo-land-002005
10000006484,demo-land-002006
10000006485,demo-land-002007
10000006486,demo-land-002008
10000006487,demo-land-002008
10000006488,demo-land-002008
10000006489,demo-land-002008
10000006490,demo-land-002008
10000006491,demo-land-002008
10000006492,demo-land-002008
10000006493,demo-land-002008
10000006494,demo-land-002009
10000006495,demo-land-002009
10000006496,demo-land-002010
10000006497,demo-land-002011
10000006498,demo-land-002011
10000006499,demo-land-002011
10000006500,demo-land-002012
10000006501,demo-land-002013
10000006502,demo-land-002014
10000006503,demo-land-002014
10000006504,demo-land-002014
10000006505,demo-land-002014
10000006506,demo-land-002014
10000006507,demo-land-002014
10000006508,demo-land-002014
10000006509,demo-land-002014
10000006510,demo-land-002014
10000006511,demo-land-002014
10000006512,demo-land-002014
10000006513,demo-land-002014
10000006514,demo-land-002014
10000006515,demo-land-002014
10000006516,demo-land-002014
10000006517,demo-land-002014
10000006518,demo-land-002014
10000006519,demo-land-002014
10000006520,demo-land-002014
10000006521,demo-land-002014
10000006522,demo-land-002014
10000006523,demo-land-002014
10000006524,demo-land-002014
10000006525,demo-land-002014
10000006526,demo-land-002014
10000006527,demo-land-002014
10000006528,demo-land-002014
10000006529,demo-land-002015
10000006530,demo-land-002015
10000006531,demo-land-002015
10000006532,demo-land-002016
10000006533,demo-land-002017
10000006534,demo-land-002018
10000006535,demo-land-002018
10000006536,demo-land-002018
10000006537,demo-land-002019
10000006538,demo-land-002020
10000006539,demo-land-002020
10000006540,demo-land-002020
10000006541,demo-land-002021
10000006542,demo-land-002021
10000006543,demo-land-002022
10000006544,demo-land-002022
10000006545,demo-land-002022
10000006546,demo-land-002023
10000006547,demo-land-002024
10000006548,demo-land-002024
10000006549,demo-land-002025
10000006550,demo-land-002025
10000006551,demo-land-002025
10000006552,demo-land-002026
10000006553,demo-land-002027
10000006554,demo-land-002027
10000006555,demo-land-002028
10000006556,demo-land-002029
10000006557,demo-land-002029
10000006558,demo-land-002029
10000006559,demo-land-002030
10000006560,demo-land-002031
10000006561,demo-land-002031
10000006562,demo-land-002031
10000006563,demo-land-002032
10000006564,demo-land-002032
10000006565,demo-land-002032
10000006566,demo-land-002033
10000006567,demo-land-002034
10000006568,demo-land-002034
10000006569,demo-land-002034
10000006570,demo-land-002035
10000006571,demo-land-002035
10000006572,demo-land-002036
10000006573,demo-land-002037
10000006574,demo-land-002037
10000006575,demo-land-002037
10000006576,demo-land-002037
10000006577,demo-land-002037
10000006578,demo-land-002037
10000006579,demo-land-002037
10000006580,demo-land-002037
10000006581,demo-land-002037
10000006582,demo-land-002037
10000006583,demo-land-002037
10000006584,demo-land-002037
10000006585,demo-land-002037
10000006586,demo-land-002037
10000006587,demo-land-002037
10000006588,demo-land-002037
10000006589,demo-land-002037
10000006590,demo-land-002037
10000006591,demo-land-002037
10000006592,demo-land-002037
10000006593,demo-land-002037
10000006594,demo-land-002037
10000006595,demo-land-002037
10000006596,demo-land-002037
10000006597,demo-land-002038
10000006598,demo-land-002039
10000006599,demo-land-002039
10000006600,demo-land-002039
10000006601,demo-land-002040
10000006602,demo-land-002041
10000006603,demo-land-002042
10000006604,demo-land-002042
10000006605,demo-land-002042
10000006606,demo-land-002043
10000006607,demo-land-002043
10000006608,demo-land-002043
10000006609,demo-land-002044
10000006610,demo-land-002045
10000006611,demo-land-002045
10000006612,demo-land-002045
10000006613,demo-land-002045
10000006614,demo-land-002045
10000006615,demo-land-002045
10000006616,demo-land-002045
10000006617,demo-land-002045
10000006618,demo-land-002045
10000006619,demo-land-002045
10000006620,demo-land-002045
10000006621,demo-land-002045
10000006622,demo-land-002045
10000006623,demo-land-002045
10000006624,demo-land-002046
10000006625,demo-land-002047
10000006626,demo-land-002047
10000006627,demo-land-002047
10000006628,demo-land-002047
10000006629,demo-land-002047
10000006630,demo-land-002047
10000006631,demo-land-002047
10000006632,demo-land-002047
10000006633,demo-land-002047
10000006634,demo-land-002047
10000006635,demo-land-002047
10000006636,demo-land-002047
10000006637,demo-land-002047
10000006638,demo-land-002047
10000006639,demo-land-002047
10000006640,demo-land-002047
10000006641,demo-land-002048
10000006642,demo-land-002048
10000006643,demo-land-002048
10000006644,demo-land-002049
10000006645,demo-land-002049
10000006646,demo-land-002050
10000006647,demo-land-002050
10000006648,demo-land-002051
10000006649,demo-land-002051
10000006650,demo-land-002051
10000006651,demo-land-002052
10000006652,demo-land-002052
10000006653,demo-land-002052
10000006654,demo-land-002052
10000006655,demo-land-002052
10000006656,demo-land-002052
10000006657,demo-land-002052
10000006658,demo-land-002052
10000006659,demo-land-002052
10000006660,demo-land-002052
10000006661,demo-land-002052
10000006662,demo-land-002052
10000006663,demo-land-002052
10000006664,demo-land-002052
10000006665,demo-land-002052
10000006666,demo-land-002052
10000006667,demo-land-002053
10000006668,demo-land-002053
10000006669,demo-land-002054
10000006670,demo-land-002055
10000006671,demo-land-002055
10000006672,demo-land-002056
10000006673,demo-land-002056
10000006674,demo-land-002057
10000006675,demo-land-002057
10000006676,demo-land-002058
10000006677,demo-land-002059
10000006678,demo-land-002060
10000006679,demo-land-002060
10000006680,demo-land-002060
10000006681,demo-land-002061
10000006682,demo-land-002061
10000006683,demo-land-002061
10000006684,demo-land-002062
10000006685,demo-land-002062
10000006686,demo-land-002062
10000006687,demo-land-002062
10000006688,demo-land-002062
10000006689,demo-land-002062
10000006690,demo-land-002062
10000006691,demo-land-002062
10000006692,demo-land-002062
10000006693,demo-land-002062
10000006694,demo-land-002062
10000006695,demo-land-002062
10000006696,demo-land-002063
10000006697,demo-land-002063
10000006698,demo-land-002063
10000006699,demo-land-002063
10000006700,demo-land-002063
10000006701,demo-land-002063
10000006702,demo-land-002063
10000006703,demo-land-002063
10000006704,demo-land-002064
10000006705,demo-land-002065
10000006706,demo-land-002066
10000006707,demo-land-002066
10000006708,demo-land-002066
10000006709,demo-land-002067
10000006710,demo-land-002068
10000006711,demo-land-002069
10000006712,demo-land-002070
10000006713,demo-land-002070
10000006714,demo-land-002071
10000006715,demo-land-002071
10000006716,demo-land-002072
10000006717,demo-land-002073
10000006718,demo-land-002074
10000006719,demo-land-002074
10000006720,demo-land-002075
10000006721,demo-land-002075
10000006722,demo-land-002076
10000006723,demo-land-002077
10000006724,demo-land-002078
10000006725,demo-land-002078
10000006726,demo-land-002078
10000006727,demo-land-002079
10000006728,demo-land-002079
10000006729,demo-land-002079
10000006730,demo-land-002079
10000006731,demo-land-002079
10000006732,demo-land-002079
10000006733,demo-land-002079
10000006734,demo-land-002079
10000006735,demo-land-002079
10000006736,demo-land-002079
10000006737,demo-land-002079
10000006738,demo-land-002079
10000006739,demo-land-002079
10000006740,demo-land-002079
10000006741,demo-land-002079
10000006742,demo-land-002079
10000006743,demo-land-002080
10000006744,demo-land-002081
10000006745,demo-land-002081
10000006746,demo-land-002081
10000006747,demo-land-002082
10000006748,demo-land-002082
10000006749,demo-land-002083
10000006750,demo-land-002083
10000006751,demo-land-002084
10000006752,demo-land-002084
10000006753,demo-land-002084
10000006754,demo-land-002085
10000006755,demo-land-002085
10000006756,demo-land-002085
10000006757,demo-land-002085
10000006758,demo-land-002085
10000006759,demo-land-002085
10000006760,demo-land-002085
10000006761,demo-land-002085
10000006762,demo-land-002085
10000006763,demo-land-002085
10000006764,demo-land-002085
10000006765,demo-land-002085
10000006766,demo-land-002085
10000006767,demo-land-002085
10000006768,demo-land-002085
10000006769,demo-land-002085
10000006770,demo-land-002085
10000006771,demo-land-002085
10000006772,demo-land-002085
10000006773,demo-land-002085
10000006774,demo-land-002085
10000006775,demo-land-002085
10000006776,demo-land-002085
10000006777,demo-land-002085
10000006778,demo-land-002086
10000006779,demo-land-002087
10000006780,demo-land-002087
10000006781,demo-land-002087
10000006782,demo-land-002088
10000006783,demo-land-002088
10000006784,demo-land-002088
10000006785,demo-land-002088
10000006786,demo-land-002088
10000006787,demo-land-002088
10000006788,demo-land-002088
10000006789,demo-land-002089
10000006790,demo-land-002089
10000006791,demo-land-002089
10000006792,demo-land-002090
10000006793,demo-land-002091
10000006794,demo-land-002092
10000006795,demo-land-002092
10000006796,demo-land-002093
10000006797,demo-land-002094
10000006798,demo-land-002094
10000006799,demo-land-002095
10000006800,demo-land-002096
10000006801,demo-land-002096
10000006802,demo-land-002096
10000006803,demo-land-002097
10000006804,demo-land-002098
10000006805,demo-land-002099
10000006806,demo-land-002100
10000006807,demo-land-002100
10000006808,demo-land-002100
10000006809,demo-land-002101
10000006810,demo-land-002102
10000006811,demo-land-002102
10000006812,demo-land-002103
10000006813,demo-land-002103
10000006814,demo-land-002104
10000006815,demo-land-002104
10000006816,demo-land-002105
10000006817,demo-land-002105
10000006818,demo-land-002106
10000006819,demo-land-002107
10000006820,demo-land-002107
10000006821,demo-land-002108
10000006822,demo-land-002109
10000006823,demo-land-002110
10000006824,demo-land-002111
10000006825,demo-land-002112
10000006826,demo-land-002112
10000006827,demo-land-002113
10000006828,demo-land-002113
10000006829,demo-land-002113
10000006830,demo-land-002114
10000006831,demo-land-002115
10000006832,demo-land-002115
10000006833,demo-land-002115
10000006834,demo-land-002115
10000006835,demo-land-002115
10000006836,demo-land-002115
10000006837,demo-land-002115
10000006838,demo-land-002115
10000006839,demo-land-002115
10000006840,demo-land-002115
10000006841,demo-land-002115
10000006842,demo-land-002115
10000006843,demo-land-002115
10000006844,demo-land-002115
10000006845,demo-land-002115
10000006846,demo-land-002115
10000006847,demo-land-002115
10000006848,demo-land-002115
10000006849,demo-land-002116
10000006850,demo-land-002116
10000006851,demo-land-002116
10000006852,demo-land-002117
10000006853,demo-land-002117
10000006854,demo-land-002118
10000006855,demo-land-002118
10000006856,demo-land-002118
10000006857,demo-land-002119
10000006858,demo-land-002119
10000006859,demo-land-002119
10000006860,demo-land-002120
10000006861,demo-land-002120
10000006862,demo-land-002121
10000006863,demo-land-002121
10000006864,demo-land-002121
10000006865,demo-land-002121
10000006866,demo-land-002121
10000006867,demo-land-002121
10000006868,demo-land-002121
10000006869,demo-land-002121
10000006870,demo-land-002121
10000006871,demo-land-002121
10000006872,demo-land-002121
10000006873,demo-land-002121
10000006874,demo-land-002121
10000006875,demo-land-002121
10000006876,demo-land-002121
10000006877,demo-land-002121
10000006878,demo-land-002121
10000006879,demo-land-002121
10000006880,demo-land-002122
10000006881,demo-land-002123
10000006882,demo-land-002123
10000006883,demo-land-002124
10000006884,demo-land-002124
10000006885,demo-land-002125
10000006886,demo-land-002125
10000006887,demo-land-002125
10000006888,demo-land-002126
10000006889,demo-land-002127
10000006890,demo-land-002128
10000006891,demo-land-002129
10000006892,demo-land-002130
10000006893,demo-land-002131
10000006894,demo-land-002131
10000006895,demo-land-002132
10000006896,demo-land-002132
10000006897,demo-land-002132
10000006898,demo-land-002133
10000006899,demo-land-002133
10000006900,demo-land-002134
10000006901,demo-land-002135
10000006902,demo-land-002136
10000006903,demo-land-002136
10000006904,demo-land-002136
10000006905,demo-land-002137
10000006906,demo-land-002137
10000006907,demo-land-002138
10000006908,demo-land-002138
10000006909,demo-land-002139
10000006910,demo-land-002140
10000006911,demo-land-002140
10000006912,demo-land-002140
10000006913,demo-land-002141
10000006914,demo-land-002141
10000006915,demo-land-002142
10000006916,demo-land-002142
10000006917,demo-land-002142
10000006918,demo-land-002143
10000006919,demo-land-002143
10000006920,demo-land-002143
10000006921,demo-land-002144
10000006922,demo-land-002145
10000006923,demo-land-002145
10000006924,demo-land-002145
10000006925,demo-land-002145
10000006926,demo-land-002145
10000006927,demo-land-002145
10000006928,demo-land-002145
10000006929,demo-land-002145
10000006930,demo-land-002145
10000006931,demo-land-002145
10000006932,demo-land-002145
10000006933,demo-land-002145
10000006934,demo-land-002145
10000006935,demo-land-002145
10000006936,demo-land-002145
10000006937,demo-land-002145
10000006938,demo-land-002145
10000006939,demo-land-002145
10000006940,demo-land-002145
10000006941,demo-land-002145
10000006942,demo-land-002145
10000006943,demo-land-002145
10000006944,demo-land-002145
10000006945,demo-land-002145
10000006946,demo-land-002145
10000006947,demo-land-002145
10000006948,demo-land-002145
10000006949,demo-land-002146
10000006950,demo-land-002146
10000006951,demo-land-002146
10000006952,demo-land-002146
10000006953,demo-land-002146
10000006954,demo-land-002146
10000006955,demo-land-002146
10000006956,demo-land-002146
10000006957,demo-land-002146
10000006958,demo-land-002147
10000006959,demo-land-002147
10000006960,demo-land-002147
10000006961,demo-land-002147
10000006962,demo-land-002147
10000006963,demo-land-002147
10000006964,demo-land-002147
10000006965,demo-land-002147
10000006966,demo-land-002147
10000006967,demo-land-002147
10000006968,demo-land-002147
10000006969,demo-land-002147
10000006970,demo-land-002147
10000006971,demo-land-002147
10000006972,demo-land-002147
10000006973,demo-land-002147
10000006974,demo-land-002147
10000006975,demo-land-002147
10000006976,demo-land-002147
10000006977,demo-land-002147
10000006978,demo-land-002147
10000006979,demo-land-002147
10000006980,demo-land-002147
10000006981,demo-land-002147
10000006982,demo-land-002148
10000006983,demo-land-002149
10000006984,demo-land-002150
10000006985,demo-land-002150
10000006986,demo-land-002151
10000006987,demo-land-002152
10000006988,demo-land-002152
10000006989,demo-land-002152
10000006990,demo-land-002153
10000006991,demo-land-002154
10000006992,demo-land-002154
10000006993,demo-land-002155
10000006994,demo-land-002155
10000006995,demo-land-002156
10000006996,demo-land-002156
10000006997,demo-land-002157
10000006998,demo-land-002157
10000006999,demo-land-002157
10000007000,demo-land-002158
10000007001,demo-land-002158
10000007002,demo-land-002159
10000007003,demo-land-002160
10000007004,demo-land-002161
10000007005,demo-land-002161
10000007006,demo-land-002162
10000007007,demo-land-002163
10000007008,demo-land-002164
10000007009,demo-land-002164
10000007010,demo-land-002165
10000007011,demo-land-002166
10000007012,demo-land-002166
10000007013,demo-land-002166
10000007014,demo-land-002166
10000007015,demo-land-002166
10000007016,demo-land-002166
10000007017,demo-land-002166
10000007018,demo-land-002166
10000007019,demo-land-002167
10000007020,demo-land-002167
10000007021,demo-land-002167
10000007022,demo-land-002168
10000007023,demo-land-002168
10000007024,demo-land-002169
10000007025,demo-land-002170
10000007026,demo-land-002171
10000007027,demo-land-002172
10000007028,demo-land-002172
10000007029,demo-land-002173
10000007030,demo-land-002174
10000007031,demo-land-002175
10000007032,demo-land-002176
10000007033,demo-land-002177
10000007034,demo-land-002177
10000007035,demo-land-002178
10000007036,demo-land-002178
10000007037,demo-land-002178
10000007038,demo-land-002179
10000007039,demo-land-002180
10000007040,demo-land-002180
10000007041,demo-land-002181
10000007042,demo-land-002182
10000007043,demo-land-002183
10000007044,demo-land-002184
10000007045,demo-land-002184
10000007046,demo-land-002185
10000007047,demo-land-002185
10000007048,demo-land-002185
10000007049,demo-land-002186
10000007050,demo-land-002187
10000007051,demo-land-002188
10000007052,demo-land-002189
10000007053,demo-land-002190
10000007054,demo-land-002190
10000007055,demo-land-002190
10000007056,demo-land-002191
10000007057,demo-land-002191
10000007058,demo-land-002192
10000007059,demo-land-002192
10000007060,demo-land-002193
10000007061,demo-land-002194
10000007062,demo-land-002194
10000007063,demo-land-002194
10000007064,demo-land-002194
10000007065,demo-land-002194
10000007066,demo-land-002194
10000007067,demo-land-002194
10000007068,demo-land-002194
10000007069,demo-land-002194
10000007070,demo-land-002194
10000007071,demo-land-002194
10000007072,demo-land-002194
10000007073,demo-land-002194
10000007074,demo-land-002194
10000007075,demo-land-002195
10000007076,demo-land-002195
10000007077,demo-land-002195
10000007078,demo-land-002196
10000007079,demo-land-002197
10000007080,demo-land-002197
10000007081,demo-land-002198
10000007082,demo-land-002198
10000007083,demo-land-002198
10000007084,demo-land-002198
10000007085,demo-land-002198
10000007086,demo-land-002198
10000007087,demo-land-002198
10000007088,demo-land-002198
10000007089,demo-land-002198
10000007090,demo-land-002198
10000007091,demo-land-002199
10000007092,demo-land-002199
10000007093,demo-land-002199
10000007094,demo-land-002200
10000007095,demo-land-002200
10000007096,demo-land-002200
10000007097,demo-land-002200
10000007098,demo-land-002200
10000007099,demo-land-002200
10000007100,demo-land-002201
10000007101,demo-land-002202
10000007102,demo-land-002203
10000007103,demo-land-002203
10000007104,demo-land-002203
10000007105,demo-land-002204
10000007106,demo-land-002204
10000007107,demo-land-002204
10000007108,demo-land-002205
10000007109,demo-land-002205
10000007110,demo-land-002206
10000007111,demo-land-002207
10000007112,demo-land-002208
10000007113,demo-land-002209
10000007114,demo-land-002209
10000007115,demo-land-002209
10000007116,demo-land-002210
10000007117,demo-land-002210
10000007118,demo-land-002211
10000007119,demo-land-002211
10000007120,demo-land-002211
10000007121,demo-land-002211
10000007122,demo-land-002211
10000007123,demo-land-002211
10000007124,demo-land-002211
10000007125,demo-land-002211
10000007126,demo-land-002211
10000007127,demo-land-002211
10000007128,demo-land-002211
10000007129,demo-land-002211
10000007130,demo-land-002211
10000007131,demo-land-002211
10000007132,demo-land-002211
10000007133,demo-land-002211
10000007134,demo-land-002211
10000007135,demo-land-002211
10000007136,demo-land-002211
10000007137,demo-land-002211
10000007138,demo-land-002211
10000007139,demo-land-002211
10000007140,demo-land-002211
10000007141,demo-land-002211
10000007142,demo-land-002211
10000007143,demo-land-002211
10000007144,demo-land-002211
10000007145,demo-land-002211
10000007146,demo-land-002211
10000007147,demo-land-002211
10000007148,demo-land-002211
10000007149,demo-land-002211
10000007150,demo-land-002211
10000007151,demo-land-002212
10000007152,demo-land-002212
10000007153,demo-land-002212
10000007154,demo-land-002213
10000007155,demo-land-002214
10000007156,demo-land-002215
10000007157,demo-land-002215
10000007158,demo-land-002216
10000007159,demo-land-002217
10000007160,demo-land-002218
10000007161,demo-land-002218
10000007162,demo-land-002219
10000007163,demo-land-002219
10000007164,demo-land-002220
10000007165,demo-land-002221
10000007166,demo-land-002222
10000007167,demo-land-002222
10000007168,demo-land-002222
10000007169,demo-land-002223
10000007170,demo-land-002224
10000007171,demo-land-002225
10000007172,demo-land-002225
10000007173,demo-land-002225
10000007174,demo-land-002226
10000007175,demo-land-002226
10000007176,demo-land-002226
10000007177,demo-land-002227
10000007178,demo-land-002227
10000007179,demo-land-002227
10000007180,demo-land-002228
10000007181,demo-land-002228
10000007182,demo-land-002228
10000007183,demo-land-002228
10000007184,demo-land-002228
10000007185,demo-land-002228
10000007186,demo-land-002228
10000007187,demo-land-002228
10000007188,demo-land-002228
10000007189,demo-land-002228
10000007190,demo-land-002228
10000007191,demo-land-002228
10000007192,demo-land-002228
10000007193,demo-land-002228
10000007194,demo-land-002228
10000007195,demo-land-002228
10000007196,demo-land-002229
10000007197,demo-land-002230
10000007198,demo-land-002230
10000007199,demo-land-002230
10000007200,demo-land-002231
10000007201,demo-land-002232
10000007202,demo-land-002232
10000007203,demo-land-002233
10000007204,demo-land-002234
10000007205,demo-land-002234
10000007206,demo-land-002235
10000007207,demo-land-002236
10000007208,demo-land-002237
