"{DEMO0636-AB61-CD63-CD49-000000000001}",142900,"2019-01-01 00:00","HX2 4WB","D","N","F","35","","DEMO STREET","","HALIFAX","CALDERDALE","WEST YORKSHIRE","A","A"
"{DEMO035D-50F2-73F8-8118-000000000002}",165200,"2019-01-02 00:00","HX1 9HY","S","N","F","74","","DEMO STREET","","HALIFAX","CALDERDALE","WEST YORKSHIRE","A","A"
"{DEMO47B9-7624-3D8D-119E-000000000003}",252300,"2019-01-03 00:00","HX6 8XU","S","N","F","11","","DEMO STREET","","HALIFAX","CALDERDALE","WEST YORKSHIRE","A","A"
"{DEMO6A98-C2DC-B7AC-CC74-000000000004}",69400,"2019-01-03 00:00","HX4 8PH","D","N","F","36","","DEMO STREET","","HALIFAX","CALDERDALE","WEST YORKSHIRE","A","A"
"{DEMO3DBF-803E-B8F3-17B5-000000000005}",61600,"2019-01-04 00:00","HX1 3NE","F","N","L","24","","DEMO STREET","","HALIFAX","CALDERDALE","WEST YORKSHIRE","A","A"
"{DEMOE86D-3B0F-C37D-CA6E-000000000006}",227800,"2019-01-04 00:00","HX6 6AH","S","Y","F","17","","DEMO STREET","","HALIFAX","CALDERDALE","WEST YORKSHIRE","A","A"
"{DEMO6260-3455-93B6-C45F-000000000007}",133400,"2019-01-05 00:00","HX4 2UT","S","N","F","92","","DEMO STREET","","HALIFAX","CALDERDALE","WEST YORKSHIRE","A","A"
"{DEMO6F22-D3BA-0D67-16D5-000000000008}",104200,"2019-01-05 00:00","HX6 7JN","D","N","F","110","","DEMO STREET","","HALIFAX","CALDERDALE","WEST YORKSHIRE","A","A"
"{DEMO4D89-77F5-9F53-32B5-000000000009}",103800,"2019-01-05 00:00","HX2 7QQ","F","N","L","87","","DEMO STREET","","HALIFAX","CALDERDALE","WEST YORKSHIRE","A","A"
"{DEMO3579-791F-A2B6-6D61-00000000000A}",91900,"2019-01-06 00:00","HX2 4FU","D","N","F","67","","DEMO STREET","","HALIFAX","CALDERDALE","WEST YORKSHIRE","A","A"
"{DEMO51BC-04D7-2D55-676C-00000000000B}",241600,"2019-01-07 00:00","HX3 4FW","S","N","F","60","","DEMO STREET","","HALIFAX","CALDERDALE","WEST YORKSHIRE","A","A"
"{DEMO8131-BACF-7D8E-AFE6-00000000000C}",107100,"2019-01-07 00:00","HX4 9YW","S","N","F","71","","DEMO STREET","","HALIFAX","CALDERDALE","WEST YORKSHIRE","A","A"
"{DEMO7934-85FA-D9D3-42FA-00000000000D}",56500,"2019-01-08 00:00","HX3 3AG","D","N","F","10","","DEMO STREET","","HALIFAX","CALDERDALE","WEST YORKSHIRE","A","A"
"{DEMO7C82-5D11-F2EB-9117-00000000000E}",133000,"2019-01-09 00:00","HX7 3DH","S","N","F","45","","DEMO STREET","","HALIFAX","CALDERDALE","WEST YORKSHIRE","A","A"
"{DEMOABD2-0BA3-0B74-1753-00000000000F}",146800,"2019-01-10 00:00","HX6 1EG","S","N","F","60","","DEMO STREET","","HALIFAX","CALDERDALE","WEST YORKSHIRE","A","A"
"{DEMOB65E-8809-41D4-B0A9-000000000010}",79000,"2019-01-10 00:00","HX2 7PZ","D","N","F","68","","DEMO STREET","","HALIFAX","CALDERDALE","WEST YORKSHIRE","A","A"
"{DEMOFE59-B573-F618-C6F6-000000000011}",85800,"2019-01-11 00:00","HX7 3SY","T","N","F","6","","DEMO STREET","","HALIFAX","CALDERDALE","WEST YORKSHIRE","A","A"
"{DEMOBC66-15CB-2593-C6FC-000000000012}",44300,"2019-01-11 00:00","HX3 1SD","T","N","F","60","","DEMO STREET","","HALIFAX","CALDERDALE","WEST YORKSHIRE","A","A"
"{DEMO0763-18EC-DD8D-357E-000000000013}",308000,"2019-01-12 00:00","HX4 8PH","S","N","F","75","","DEMO STREET","","HALIFAX","CALDERDALE","WEST YORKSHIRE","A","A"
"{DEMOD7D0-FA0D-E1CA-48B5-000000000014}",305500,"2019-01-13 00:00","HX6 2GX","S","N","F","108","","DEMO STREET","","HALIFAX","CALDERDALE","WEST YORKSHIRE","A","A"
"{DEMOBC22-E77F-062D-B286-000000000015}",56400,"2019-01-13 00:00","HX4 5QL","D","Y","F","115","","DEMO STREET","","HALIFAX","CALDERDALE","WEST YORKSHIRE","A","A"
"{DEMO49DD-0A05-BE9E-E70D-000000000016}",54700,"2019-01-14 00:00","HX7 2UH","T","N","F","115","","DEMO STREET","","HALIFAX","CALDERDALE","WEST YORKSHIRE","A","A"
"{DEMO9A5D-166F-1105-0420-000000000017}",154800,"2019-01-14 00:00","HX5 3PY","F","N","L","108","","DEMO STREET","","HALIFAX","CALDERDALE","WEST YORKSHIRE","A","A"
"{DEMO7958-C49D-AEA6-63E4-000000000018}",236000,"2019-01-14 00:00","HX2 4AU","D","N","F","33","","DEMO STREET","","HALIFAX","CALDERDALE","WEST YORKSHIRE","A","A"
"{DEMOCDD2-59A0-54D8-6A84-000000000019}",48200,"2019-01-14 00:00","HX1 6DP","T","N","F","81","","DEMO STREET","","HALIFAX","CALDERDALE","WEST YORKSHIRE","A","A"
"{DEMO4F74-2451-CBA2-3B0B-00000000001A}",145300,"2019-01-14 00:00","HX5 4DR","D","Y","F","114","","DEMO STREET","","HALIFAX","CALDERDALE","WEST YORKSHIRE","A","A"
"{DEMOD666-FDEA-4700-02BB-00000000001B}",55500,"2019-01-16 00:00","HX1 4HX","F","N","L","8","","DEMO STREET","","HALIFAX","CALDERDALE","WEST YORKSHIRE","A","A"
"{DEMO33BB-CB97-6C8A-4B45-00000000001C}",68600,"2019-01-16 00:00","HX6 3FB","T","N","F","5","","DEMO STREET","","HALIFAX","CALDERDALE","WEST YORKSHIRE","A","A"
"{DEMO6E86-9ECD-730A-8395-00000000001D}",108000,"2019-01-16 00:00","HX2 1ZA","T","Y","F","98","","DEMO STREET","","HALIFAX","CALDERDALE","WEST YORKSHIRE","A","A"
"{DEMO89C6-D328-C0E5-892F-00000000001E}",111100,"2019-01-17 00:00","HX3 1HW","D","N","F","12","","DEMO STREET","","HALIFAX","CALDERDALE","WEST YORKSHIRE","A","A"
"{DEMO493F-E23A-EBB1-90FB-00000000001F}",157400,"2019-01-17 00:00","HX2 8FA","T","N","F","43","","DEMO STREET","","HALIFAX","CALDERDALE","WEST YORKSHIRE","A","A"
"{DEMOED09-300C-34B4-4A37-000000000020}",134400,"2019-01-17 00:00","HX7 4YX","S","Y","F","44","","DEMO STREET","","HALIFAX","CALDERDALE","WEST YORKSHIRE","A","A"
"{DEMO989E-009B-850D-EB5B-000000000021}",216800,"2019-01-18 00:00","HX4 5EG","F","N","L","8","","DEMO STREET","","HALIFAX","CALDERDALE","WEST YORKSHIRE","A","A"
"{DEMO90A6-D26E-4734-E574-000000000022}",55100,"2019-01-18 00:00","HX7 3BX","T","N","F","76","","DEMO STREET","","HALIFAX","CALDERDALE","WEST YORKSHIRE","A","A"
"{DEMO6F5C-9B43-69A1-B7B6-000000000023}",47900,"2019-01-18 00:00","HX5 4WY","D","N","F","8","","DEMO STREET","","HALIFAX","CALDERDALE","WEST YORKSHIRE","A","A"
"{DEMO722A-F486-2392-0A03-000000000024}",148600,"2019-01-19 00:00","HX6 9UT","D","N","F","116","","DEMO STREET","","HALIFAX","CALDERDALE","WEST YORKSHIRE","A","A"
"{DEMO45EF-719E-CE4D-62EB-000000000025}",151300,"2019-01-22 00:00","HX2 4SP","S","Y","F","76","","DEMO STREET","","HALIFAX","CALDERDALE","WEST YORKSHIRE","A","A"
"{DEMO48FB-E418-F8E8-000B-000000000026}",78000,"2019-01-24 00:00","HX4 8QR","T","N","F","110","","DEMO STREET","","HALIFAX","CALDERDALE","WEST YORKSHIRE","A","A"
"{DEMO8151-C6CF-CC9D-977D-000000000027}",681200,"2019-01-24 00:00","HX6 9XZ","S","N","F","84","","DEMO STREET","","HALIFAX","CALDERDALE","WEST YORKSHIRE","A","A"
"{DEMOCE55-012D-3A79-FE4E-000000000028}",32700,"2019-01-25 00:00","HX4 5FR","D","N","F","99","","DEMO STREET","","HALIFAX","CALDERDALE","WEST YORKSHIRE","A","A"
"{DEMO2755-9A5B-AAD7-F600-000000000029}",33600,"2019-01-25 00:00","HX7 9HG","S","N","F","91","","DEMO STREET","","HALIFAX","CALDERDALE","WEST YORKSHIRE","A","A"
"{DEMO9AA0-4D7D-F56F-F95E-00000000002A}",115500,"2019-01-26 00:00","HX4 6PW","T","N","F","21","","DEMO STREET","","HALIFAX","CALDERDALE","WEST YORKSHIRE","A","A"
"{DEMO8D6B-A557-C347-DFB8-00000000002B}",86800,"2019-01-26 00:00","HX3 3AG","S","N","F","107","","DEMO STREET","","HALIFAX","CALDERDALE","WEST YORKSHIRE","A","A"
"{DEMOAE2B-2112-0114-B97A-00000000002C}",57800,"2019-01-27 00:00","HX4 8RJ","F","N","L","95","","DEMO STREET","","HALIFAX","CALDERDALE","WEST YORKSHIRE","A","A"
"{DEMO15B0-C561-8AA1-2A9D-00000000002D}",172800,"2019-01-28 00:00","HX5 4ZB","S","N","F","99","","DEMO STREET","","HALIFAX","CALDERDALE","WEST YORKSHIRE","A","A"
"{DEMO4BC2-7CA3-BB85-A074-00000000002E}",411500,"2019-01-28 00:00","HX4 7QZ","F","N","L","63","","DEMO STREET","","HALIFAX","CALDERDALE","WEST YORKSHIRE","A","A"
"{DEMO95B0-1CBC-4E06-FC82-00000000002F}",226900,"2019-02-01 00:00","HX2 4WB","S","N","F","111","","DEMO STREET","","HALIFAX","CALDERDALE","WEST YORKSHIRE","A","A"
"{DEMOA8FD-98D2-66E0-1E84-000000000030}",148200,"2019-02-02 00:00","HX6 5WE","T","N","F","42","","DEMO STREET","","HALIFAX","CALDERDALE","WEST YORKSHIRE","A","A"
"{DEMOECE8-F7D6-4D55-4BE9-000000000031}",352100,"2019-02-03 00:00","HX1 8NT","D","N","F","48","","DEMO STREET","","HALIFAX","CALDERDALE","WEST YORKSHIRE","A","A"
"{DEMO9F3C-AA8C-5813-A63D-000000000032}",187900,"2019-02-03 00:00","HX2 5QD","T","Y","F","81","","DEMO STREET","","HALIFAX","CALDERDALE","WEST YORKSHIRE","A","A"
"{DEMO4A5A-F5BE-C89D-B74B-000000000033}",87200,"2019-02-04 00:00","HX4 6XY","T","N","F","47","","DEMO STREET","","HALIFAX","CALDERDALE","WEST YORKSHIRE","A","A"
"{DEMO08F2-70B2-D2B4-576E-000000000034}",117300,"2019-02-04 00:00","HX2 6TP","T","N","F","74","","DEMO STREET","","HALIFAX","CALDERDALE","WEST YORKSHIRE","A","A"
"{DEMOF018-FE91-78A6-87D6-000000000035}",532400,"2019-02-04 00:00","HX2 0NP","S","N","F","82","","DEMO STREET","","HALIFAX","CALDERDALE","WEST YORKSHIRE","A","A"
"{DEMOC626-F12E-4068-8584-000000000036}",108000,"2019-02-05 00:00","HX7 5RW","S","N","F","95","","DEMO STREET","","HALIFAX","CALDERDALE","WEST YORKSHIRE","A","A"
"{DEMO2BF4-344F-C4E8-A928-000000000037}",91500,"2019-02-05 00:00","HX2 7HR","T","N","F","43","","DEMO STREET","","HALIFAX","CALDERDALE","WEST YORKSHIRE","A","A"
"{DEMO8CD9-4FE5-34E1-8DA6-000000000038}",255300,"2019-02-06 00:00","HX4 5JJ","T","N","F","94","","DEMO STREET","","HALIFAX","CALDERDALE","WEST YORKSHIRE","A","A"
"{DEMOAAFA-6456-71F0-A691-000000000039}",26900,"2019-02-06 00:00","HX3 9XS","T","N","F","24","","DEMO STREET","","HALIFAX","CALDERDALE","WEST YORKSHIRE","A","A"
"{DEMO3715-970C-36F8-AAE5-00000000003A}",71500,"2019-02-06 00:00","HX4 4WR","T","Y","F","24","","DEMO STREET","","HALIFAX","CALDERDALE","WEST YORKSHIRE","A","A"
"{DEMO7B63-4EE7-418A-15AD-00000000003B}",198500,"2019-02-07 00:00","HX6 9EY","T","N","F","62","","DEMO STREET","","HALIFAX","CALDERDALE","WEST YORKSHIRE","A","A"
"{DEMO0B59-F372-8591-8005-00000000003C}",35700,"2019-02-07 00:00","HX6 5ST","D","N","F","104","","DEMO STREET","","HALIFAX","CALDERDALE","WEST YORKSHIRE","A","A"
"{DEMO646F-65B0-D455-6636-00000000003D}",105100,"2019-02-07 00:00","HX1 6YL","F","N","L","21","","DEMO STREET","","HALIFAX","CALDERDALE","WEST YORKSHIRE","A","A"
"{DEMO04EC-4790-0E31-1063-00000000003E}",81900,"2019-02-08 00:00","HX3 2TA","D","N","F","25","","DEMO STREET","","HALIFAX","CALDERDALE","WEST YORKSHIRE","A","A"
"{DEMO998A-81DD-9FDD-B862-00000000003F}",635200,"2019-02-09 00:00","HX4 5JJ","D","N","F","114","","DEMO STREET","","HALIFAX","CALDERDALE","WEST YORKSHIRE","A","A"
"{DEMO98B3-72A9-3E09-A780-000000000040}",192900,"2019-02-09 00:00","HX4 1PQ","F","N","L","107","","DEMO STREET","","HALIFAX","CALDERDALE","WEST YORKSHIRE","A","A"
"{DEMO4442-0A96-858C-09F8-000000000041}",97500,"2019-02-11 00:00","HX4 9SD","T","N","F","28","","DEMO STREET","","HALIFAX","CALDERDALE","WEST YORKSHIRE","A","A"
"{DEMOE2D2-7070-C447-0079-000000000042}",148100,"2019-02-11 00:00","HX7 1XQ","T","N","F","105","","DEMO STREET","","HALIFAX","CALDERDALE","WEST YORKSHIRE","A","A"
"{DEMO0066-9492-0BA0-1E25-000000000043}",393900,"2019-02-12 00:00","HX2 2SE","F","N","L","5","","DEMO STREET","","HALIFAX","CALDERDALE","WEST YORKSHIRE","A","A"
"{DEMO75F2-CA20-5C76-45AB-000000000044}",104800,"2019-02-13 00:00","HX2 4GU","S","N","F","53","","DEMO STREET","","HALIFAX","CALDERDALE","WEST YORKSHIRE","A","A"
"{DEMO021A-5F66-1F71-089A-000000000045}",112500,"2019-02-13 00:00","HX4 7HF","T","N","F","77","","DEMO STREET","","HALIFAX","CALDERDALE","WEST YORKSHIRE","A","A"
"{DEMO830A-809E-3FFB-D38B-000000000046}",55900,"2019-02-15 00:00","HX3 8LW","S","N","F","74","","DEMO STREET","","HALIFAX","CALDERDALE","WEST YORKSHIRE","A","A"
"{DEMO6B65-59EB-F3A5-4A3C-000000000047}",216600,"2019-02-16 00:00","HX4 8PH","T","N","F","105","","DEMO STREET","","HALIFAX","CALDERDALE","WEST YORKSHIRE","A","A"
"{DEMO177E-0A91-D9DF-09F2-000000000048}",145300,"2019-02-17 00:00","HX6 8FA","T","N","F","99","","DEMO STREET","","HALIFAX","CALDERDALE","WEST YORKSHIRE","A","A"
"{DEMO9FC8-0C0B-5BBC-0F41-000000000049}",135100,"2019-02-19 00:00","HX4 1UA","F","N","L","38","","DEMO STREET","","HALIFAX","CALDERDALE","WEST YORKSHIRE","A","A"
"{DEMOF0E3-DE1A-6EF8-5FFD-00000000004A}",52400,"2019-02-19 00:00","HX6 7DY","F","Y","L","64","","DEMO STREET","","HALIFAX","CALDERDALE","WEST YORKSHIRE","A","A"
"{DEMO0D51-FE2D-2B5D-4961-00000000004B}",109400,"2019-02-21 00:00","HX2 7QQ","D","N","F","19","","DEMO STREET","","HALIFAX","CALDERDALE","WEST YORKSHIRE","A","A"
"{DEMO180B-C21D-09CF-CB29-00000000004C}",376900,"2019-02-22 00:00","HX6 3GE","T","N","F","23","","DEMO STREET","","HALIFAX","CALDERDALE","WEST YORKSHIRE","A","A"
"{DEMOFE2E-0E52-D1BE-B877-00000000004D}",35300,"2019-02-23 00:00","HX5 3HD","D","N","F","105","","DEMO STREET","","HALIFAX","CALDERDALE","WEST YORKSHIRE","A","A"
"{DEMO85CD-ED79-E9E7-4B78-00000000004E}",110500,"2019-02-26 00:00","HX1 9JL","S","N","F","31","","DEMO STREET","","HALIFAX","CALDERDALE","WEST YORKSHIRE","A","A"
"{DEMOD20C-2375-4088-B903-00000000004F}",171600,"2019-02-27 00:00","HX6 5QR","S","N","F","33","","DEMO STREET","","HALIFAX","CALDERDALE","WEST YORKSHIRE","A","A"
"{DEMO9738-B728-FDAA-8C2D-000000000050}",158500,"2019-02-27 00:00","HX2 4SZ","T","N","F","88","","DEMO STREET","","HALIFAX","CALDERDALE","WEST YORKSHIRE","A","A"
"{DEMO6214-624F-45F7-2C5B-000000000051}",123200,"2019-02-28 00:00","HX4 2UZ","S","N","F","39","","DEMO STREET","","HALIFAX","CALDERDALE","WEST YORKSHIRE","A","A"
"{DEMO3E31-751C-9E71-E15B-000000000052}",102600,"2019-03-01 00:00","HX2 8FA","S","N","F","114","","DEMO STREET","","HALIFAX","CALDERDALE","WEST YORKSHIRE","A","A"
"{DEMOA9F7-58CD-79CD-D4DB-000000000053}",443100,"2019-03-01 00:00","HX5 4DR","S","N","F","21","","DEMO STREET","","HALIFAX","CALDERDALE","WEST YORKSHIRE","A","A"
"{DEMO8755-6618-ED0C-CE13-000000000054}",476700,"2019-03-02 00:00","HX3 1HW","S","N","F","71","","DEMO STREET","","HALIFAX","CALDERDALE","WEST YORKSHIRE","A","A"
"{DEMO3C53-B18A-0382-E2CA-000000000055}",104000,"2019-03-02 00:00","HX5 0QY","S","N","F","96","","DEMO STREET","","HALIFAX","CALDERDALE","WEST YORKSHIRE","A","A"
"{DEMOD14A-1DAF-33D7-1EC3-000000000056}",176100,"2019-03-03 00:00","HX5 2WG","S","N","F","74","","DEMO STREET","","HALIFAX","CALDERDALE","WEST YORKSHIRE","A","A"
"{DEMOBACD-D1F3-F69E-C968-000000000057}",96900,"2019-03-04 00:00","HX2 5QD","T","N","F","39","","DEMO STREET","","HALIFAX","CALDERDALE","WEST YORKSHIRE","A","A"
"{DEMO696F-85B5-BFFE-DA8D-000000000058}",76000,"2019-03-04 00:00","HX2 9BR","T","N","F","6","","DEMO STREET","","HALIFAX","CALDERDALE","WEST YORKSHIRE","A","A"
"{DEMO48F1-FBBF-0CAE-6F4B-000000000059}",84700,"2019-03-04 00:00","HX5 9PL","D","N","F","10","","DEMO STREET","","HALIFAX","CALDERDALE","WEST YORKSHIRE","A","A"
"{DEMO6BF6-90C2-E8CD-19D1-00000000005A}",155300,"2019-03-04 00:00","HX3 5TA","T","N","F","49","","DEMO STREET","","HALIFAX","CALDERDALE","WEST YORKSHIRE","A","A"
"{DEMO0DD9-D80A-930F-21A7-00000000005B}",120200,"2019-03-06 00:00","HX3 2FX","T","N","F","106","","DEMO STREET","","HALIFAX","CALDERDALE","WEST YORKSHIRE","A","A"
"{DEMO5D1A-440A-95D4-1784-00000000005C}",177300,"2019-03-06 00:00","HX2 3AG","T","N","F","56","","DEMO STREET","","HALIFAX","CALDERDALE","WEST YORKSHIRE","A","A"
"{DEMOFCDB-D9D0-AC4B-B297-00000000005D}",170500,"2019-03-06 00:00","HX6 3BA","T","N","F","48","","DEMO STREET","","HALIFAX","CALDERDALE","WEST YORKSHIRE","A","A"
"{DEMO0531-5F10-D9B3-DEF4-00000000005E}",71100,"2019-03-07 00:00","HX3 2RD","S","N","F","66","","DEMO STREET","","HALIFAX","CALDERDALE","WEST YORKSHIRE","A","A"
"{DEMO68FC-3F22-1238-E1D2-00000000005F}",168400,"2019-03-07 00:00","HX6 0EW","S","Y","F","9","","DEMO STREET","","HALIFAX","CALDERDALE","WEST YORKSHIRE","A","A"
"{DEMOE909-EDF2-0C5F-991E-000000000060}",105700,"2019-03-08 00:00","HX1 6UP","S","N","F","2","","DEMO STREET","","HALIFAX","CALDERDALE","WEST YORKSHIRE","A","A"
"{DEMO0B33-AF4D-93B0-53E2-000000000061}",46100,"2019-03-09 00:00","HX5 9NP","T","N","F","36","","DEMO STREET","","HALIFAX","CALDERDALE","WEST YORKSHIRE","A","A"
"{DEMOA1E0-CE65-4DF7-39ED-000000000062}",275400,"2019-03-09 00:00","HX4 8PJ","F","Y","L","58","","DEMO STREET","","HALIFAX","CALDERDALE","WEST YORKSHIRE","A","A"
"{DEMO9ECA-BFBD-E6C3-1CB3-000000000063}",34400,"2019-03-10 00:00","HX3 6RR","F","N","L","26","","DEMO STREET","","HALIFAX","CALDERDALE","WEST YORKSHIRE","A","A"
"{DEMO2696-EDED-FCE8-FC9F-000000000064}",91900,"2019-03-11 00:00","HX3 4ZD","T","N","F","101","","DEMO STREET","","HALIFAX","CALDERDALE","WEST YORKSHIRE","A","A"
"{DEMO31A2-B5C0-D64C-CAB8-000000000065}",60800,"2019-03-11 00:00","HX4 6LF","D","N","F","29","","DEMO STREET","","HALIFAX","CALDERDALE","WEST YORKSHIRE","A","A"
"{DEMO5188-28B9-FB13-EEB5-000000000066}",140900,"2019-03-12 00:00","HX5 7QF","F","N","L","26","","DEMO STREET","","HALIFAX","CALDERDALE","WEST YORKSHIRE","A","A"
"{DEMO3116-525A-3CBA-FE4C-000000000067}",755200,"2019-03-13 00:00","HX3 4FW","T","N","F","93","","DEMO STREET","","HALIFAX","CALDERDALE","WEST YORKSHIRE","A","A"
"{DEMO8F9C-D869-5F5C-0F8F-000000000068}",242900,"2019-03-13 00:00","HX3 3JH","S","N","F","44","","DEMO STREET","","HALIFAX","CALDERDALE","WEST YORKSHIRE","A","A"
"{DEMO96DF-CB52-D07D-AD57-000000000069}",138000,"2019-03-14 00:00","HX6 8AH","T","N","F","111","","DEMO STREET","","HALIFAX","CALDERDALE","WEST YORKSHIRE","A","A"
"{DEMOD756-C027-1377-B2F3-00000000006A}",54400,"2019-03-14 00:00","HX4 8PJ","T","N","F","69","","DEMO STREET","","HALIFAX","CALDERDALE","WEST YORKSHIRE","A","A"
"{DEMO2F39-F1B5-0E36-1C6F-00000000006B}",179600,"2019-03-15 00:00","HX5 2GH","D","N","F","120","","DEMO STREET","","HALIFAX","CALDERDALE","WEST YORKSHIRE","A","A"
"{DEMOFB6B-6294-BB96-0500-00000000006C}",120700,"2019-03-15 00:00","HX2 4WB","D","N","F","68","","DEMO STREET","","HALIFAX","CALDERDALE","WEST YORKSHIRE","A","A"
"{DEMO7008-9F5C-4EA4-35B8-00000000006D}",138800,"2019-03-15 00:00","HX6 7FQ","T","Y","F","104","","DEMO STREET","","HALIFAX","CALDERDALE","WEST YORKSHIRE","A","A"
"{DEMO7308-D1BB-9061-D207-00000000006E}",113400,"2019-03-16 00:00","HX7 3YD","D","N","F","5","","DEMO STREET","","HALIFAX","CALDERDALE","WEST YORKSHIRE","A","A"
"{DEMO4CCB-A78E-4109-F625-00000000006F}",664600,"2019-03-17 00:00","HX5 9LJ","T","N","F","72","","DEMO STREET","","HALIFAX","CALDERDALE","WEST YORKSHIRE","A","A"
"{DEMO9D31-E1C7-DD07-1132-000000000070}",39700,"2019-03-17 00:00","HX7 9WY","T","N","F","66","","DEMO STREET","","HALIFAX","CALDERDALE","WEST YORKSHIRE","A","A"
"{DEMO20E1-935A-5964-B5C8-000000000071}",118400,"2019-03-18 00:00","HX6 6XZ","S","N","F","105","","DEMO STREET","","HALIFAX","CALDERDALE","WEST YORKSHIRE","A","A"
"{DEMO8511-B034-C41C-6EBD-000000000072}",199500,"2019-03-18 00:00","HX6 4NR","D","N","F","79","","DEMO STREET","","HALIFAX","CALDERDALE","WEST YORKSHIRE","A","A"
"{DEMO98E9-E36C-C691-D9B8-000000000073}",450100,"2019-03-18 00:00","HX1 9HY","T","N","F","98","","DEMO STREET","","HALIFAX","CALDERDALE","WEST YORKSHIRE","A","A"
"{DEMOF8BA-E3F1-2ACA-54BC-000000000074}",150700,"2019-03-18 00:00","HX2 3ZG","F","Y","L","46","","DEMO STREET","","HALIFAX","CALDERDALE","WEST YORKSHIRE","A","A"
"{DEMO31A0-551B-D3AD-079F-000000000075}",178800,"2019-03-19 00:00","HX6 8DU","T","N","F","89","","DEMO STREET","","HALIFAX","CALDERDALE","WEST YORKSHIRE","A","A"
"{DEMO798E-839B-0A74-E6C9-000000000076}",307500,"2019-03-20 00:00","HX4 8PU","S","N","F","70","","DEMO STREET","","HALIFAX","CALDERDALE","WEST YORKSHIRE","A","A"
"{DEMO4422-D156-2152-6F44-000000000077}",145900,"2019-03-20 00:00","HX3 2BL","S","Y","F","115","","DEMO STREET","","HALIFAX","CALDERDALE","WEST YORKSHIRE","A","A"
"{DEMO1A3D-39CC-19E3-BE6D-000000000078}",143900,"2019-03-21 00:00","HX4 9PP","S","N","F","94","","DEMO STREET","","HALIFAX","CALDERDALE","WEST YORKSHIRE","A","A"
"{DEMOC6F8-9420-F656-F0B0-000000000079}",207700,"2019-03-21 00:00","HX6 8FQ","T","N","F","77","","DEMO STREET","","HALIFAX","CALDERDALE","WEST YORKSHIRE","A","A"
"{DEMOF15D-6D7C-53DF-E40E-00000000007A}",358200,"2019-03-21 00:00","HX2 4WD","D","Y","F","94","","DEMO STREET","","HALIFAX","CALDERDALE","WEST YORKSHIRE","A","A"
"{DEMO7738-B133-34FD-BEE4-00000000007B}",195400,"2019-03-22 00:00","HX3 1TU","D","N","F","112","","DEMO STREET","","HALIFAX","CALDERDALE","WEST YORKSHIRE","A","A"
"{DEMOF281-EC74-C237-4D1D-00000000007C}",138300,"2019-03-22 00:00","HX2 9PN","S","N","F","90","","DEMO STREET","","HALIFAX","CALDERDALE","WEST YORKSHIRE","A","A"
"{DEMOD210-1A82-257A-7E19-00000000007D}",93400,"2019-03-22 00:00","HX7 3UQ","T","N","F","83","","DEMO STREET","","HALIFAX","CALDERDALE","WEST YORKSHIRE","A","A"
"{DEMOE235-0170-DD0F-7B2F-00000000007E}",102400,"2019-03-22 00:00","HX4 2UT","S","N","F","32","","DEMO STREET","","HALIFAX","CALDERDALE","WEST YORKSHIRE","A","A"
"{DEMO14B4-E551-9F93-1EA5-00000000007F}",78700,"2019-03-22 00:00","HX1 5ZD","S","N","F","70","","DEMO STREET","","HALIFAX","CALDERDALE","WEST YORKSHIRE","A","A"
"{DEMOB523-01BE-6CFA-FE0A-000000000080}",77900,"2019-03-22 00:00","HX2 4FU","S","N","F","74","","DEMO STREET","","HALIFAX","CALDERDALE","WEST YORKSHIRE","A","A"
"{DEMO82FD-6BC4-AF93-CB8C-000000000081}",418000,"2019-03-22 00:00","HX6 6XQ","S","Y","F","37","","DEMO STREET","","HALIFAX","CALDERDALE","WEST YORKSHIRE","A","A"
"{DEMO4793-3B4E-A053-79A4-000000000082}",132800,"2019-03-23 00:00","HX2 4SZ","D","N","F","117","","DEMO STREET","","HALIFAX","CALDERDALE","WEST YORKSHIRE","A","A"
"{DEMOA5B6-9B93-3409-7509-000000000083}",271800,"2019-03-24 00:00","HX3 9FR","S","N","F","30","","DEMO STREET","","HALIFAX","CALDERDALE","WEST YORKSHIRE","A","A"
"{DEMODACF-1183-CA06-7F6E-000000000084}",307600,"2019-03-24 00:00","HX6 5QU","D","N","F","19","","DEMO STREET","","HALIFAX","CALDERDALE","WEST YORKSHIRE","A","A"
"{DEMOB81B-3E97-CEF9-C911-000000000085}",82900,"2019-03-25 00:00","HX4 8PH","S","N","F","70","","DEMO STREET","","HALIFAX","CALDERDALE","WEST YORKSHIRE","A","A"
"{DEMOA4A9-986B-E00D-A637-000000000086}",216800,"2019-03-26 00:00","HX4 7DP","T","N","F","95","","DEMO STREET","","HALIFAX","CALDERDALE","WEST YORKSHIRE","A","A"
"{DEMO5254-7F6E-B955-5EA8-000000000087}",93100,"2019-03-26 00:00","HX7 2PT","S","N","F","70","","DEMO STREET","","HALIFAX","CALDERDALE","WEST YORKSHIRE","A","A"
"{DEMO08BD-8971-8ED6-61C3-000000000088}",128700,"2019-03-26 00:00","HX7 3UQ","F","N","L","23","","DEMO STREET","","HALIFAX","CALDERDALE","WEST YORKSHIRE","A","A"
"{DEMO33A6-7291-78A6-E0BE-000000000089}",74900,"2019-03-26 00:00","HX7 4DP","S","N","F","54","","DEMO STREET","","HALIFAX","CALDERDALE","WEST YORKSHIRE","A","A"
"{DEMO0E70-3551-F02D-32B8-00000000008A}",82400,"2019-03-27 00:00","HX1 5SR","D","N","F","48","","DEMO STREET","","HALIFAX","CALDERDALE","WEST YORKSHIRE","A","A"
"{DEMO1E4E-CFF5-7D33-D377-00000000008B}",275600,"2019-04-01 00:00","HX4 6PF","D","N","F","27","","DEMO STREET","","HALIFAX","CALDERDALE","WEST YORKSHIRE","A","A"
"{DEMOD01D-5F80-9709-4CD5-00000000008C}",76100,"2019-04-01 00:00","HX1 6PP","F","N","L","58","","DEMO STREET","","HALIFAX","CALDERDALE","WEST YORKSHIRE","A","A"
"{DEMODC88-019F-D0E5-D3F2-00000000008D}",330700,"2019-04-02 00:00","HX1 6BJ","S","N","F","57","","DEMO STREET","","HALIFAX","CALDERDALE","WEST YORKSHIRE","A","A"
"{DEMO662D-709C-BF0A-0536-00000000008E}",83100,"2019-04-02 00:00","HX1 4US","D","N","F","76","","DEMO STREET","","HALIFAX","CALDERDALE","WEST YORKSHIRE","A","A"
"{DEMOFAB0-B813-9F66-019B-00000000008F}",44600,"2019-04-02 00:00","HX6 0QF","T","N","F","98","","DEMO STREET","","HALIFAX","CALDERDALE","WEST YORKSHIRE","A","A"
"{DEMO7A28-2C91-BC6F-2A4D-000000000090}",43800,"2019-04-03 00:00","HX3 7HX","S","N","F","55","","DEMO STREET","","HALIFAX","CALDERDALE","WEST YORKSHIRE","A","A"
"{DEMO475D-001B-3127-166D-000000000091}",97400,"2019-04-04 00:00","HX2 6JG","T","N","F","25","","DEMO STREET","","HALIFAX","CALDERDALE","WEST YORKSHIRE","A","A"
"{DEMO2660-6F8A-7232-329D-000000000092}",162600,"2019-04-05 00:00","HX6 0GY","D","N","F","90","","DEMO STREET","","HALIFAX","CALDERDALE","WEST YORKSHIRE","A","A"
"{DEMO33FC-0A1A-0A9C-EF51-000000000093}",143300,"2019-04-05 00:00","HX7 3UY","D","N","F","116","","DEMO STREET","","HALIFAX","CALDERDALE","WEST YORKSHIRE","A","A"
"{DEMOD0D0-4504-8D92-71F8-000000000094}",127000,"2019-04-05 00:00","HX1 6SG","D","N","F","120","","DEMO STREET","","HALIFAX","CALDERDALE","WEST YORKSHIRE","A","A"
"{DEMO8C12-E915-DF5B-5E55-000000000095}",178100,"2019-04-06 00:00","HX2 3HG","D","N","F","110","","DEMO STREET","","HALIFAX","CALDERDALE","WEST YORKSHIRE","A","A"
"{DEMO46A8-4744-5939-4C53-000000000096}",102900,"2019-04-07 00:00","HX4 3LN","T","N","F","25","","DEMO STREET","","HALIFAX","CALDERDALE","WEST YORKSHIRE","A","A"
"{DEMO930E-78F9-B350-C7E2-000000000097}",171600,"2019-04-07 00:00","HX1 6PP","D","N","F","75","","DEMO STREET","","HALIFAX","CALDERDALE","WEST YORKSHIRE","A","A"
"{DEMOA142-6205-02E7-6DFA-000000000098}",174100,"2019-04-07 00:00","HX3 5WF","F","N","L","1","","DEMO STREET","","HALIFAX","CALDERDALE","WEST YORKSHIRE","A","A"
"{DEMOA99D-59E6-7D8A-6532-000000000099}",88000,"2019-04-08 00:00","HX4 7TX","T","Y","F","97","","DEMO STREET","","HALIFAX","CALDERDALE","WEST YORKSHIRE","A","A"
"{DEMOEC5A-CC77-E9E8-AC57-00000000009A}",157800,"2019-04-09 00:00","HX7 5NX","S","N","F","9","","DEMO STREET","","HALIFAX","CALDERDALE","WEST YORKSHIRE","A","A"
"{DEMOC23C-76B6-571E-DC41-00000000009B}",157000,"2019-04-09 00:00","HX6 1BF","S","N","F","105","","DEMO STREET","","HALIFAX","CALDERDALE","WEST YORKSHIRE","A","A"
"{DEMO24F5-B805-C058-2368-00000000009C}",133400,"2019-04-10 00:00","HX3 4LZ","T","N","F","114","","DEMO STREET","","HALIFAX","CALDERDALE","WEST YORKSHIRE","A","A"
"{DEMOAA81-35F9-D442-859A-00000000009D}",148500,"2019-04-10 00:00","HX6 0GE","D","N","F","100","","DEMO STREET","","HALIFAX","CALDERDALE","WEST YORKSHIRE","A","A"
"{DEMOBB9E-94C5-FC50-DB30-00000000009E}",100600,"2019-04-11 00:00","HX4 0NX","S","N","F","119","","DEMO STREET","","HALIFAX","CALDERDALE","WEST YORKSHIRE","A","A"
"{DEMODE70-BE5D-8AB3-CE21-00000000009F}",270400,"2019-04-12 00:00","HX4 8XW","F","N","L","45","","DEMO STREET","","HALIFAX","CALDERDALE","WEST YORKSHIRE","A","A"
"{DEMO29C4-FF2A-1A9E-9454-0000000000A0}",100100,"2019-04-12 00:00","HX4 7YS","D","N","F","95","","DEMO STREET","","HALIFAX","CALDERDALE","WEST YORKSHIRE","A","A"
"{DEMO912B-A3CD-41F9-C755-0000000000A1}",191500,"2019-04-12 00:00","HX2 4NP","T","N","F","13","","DEMO STREET","","HALIFAX","CALDERDALE","WEST YORKSHIRE","A","A"
"{DEMO5E52-7437-763A-6EE7-0000000000A2}",65400,"2019-04-13 00:00","HX4 1WG","D","N","F","2","","DEMO STREET","","HALIFAX","CALDERDALE","WEST YORKSHIRE","A","A"
"{DEMOAC71-CF7B-C830-E246-0000000000A3}",96700,"2019-04-14 00:00","HX1 3NE","F","N","L","75","","DEMO STREET","","HALIFAX","CALDERDALE","WEST YORKSHIRE","A","A"
"{DEMO47A3-D0D7-C636-4DE9-0000000000A4}",77000,"2019-04-15 00:00","HX4 6PF","S","N","F","40","","DEMO STREET","","HALIFAX","CALDERDALE","WEST YORKSHIRE","A","A"
"{DEMO46AD-D59E-B381-1671-0000000000A5}",118100,"2019-04-15 00:00","HX2 0SJ","S","N","F","53","","DEMO STREET","","HALIFAX","CALDERDALE","WEST YORKSHIRE","A","A"
"{DEMOD4BF-1C44-33FA-2214-0000000000A6}",72300,"2019-04-16 00:00","HX4 5FR","F","N","L","67","","DEMO STREET","","HALIFAX","CALDERDALE","WEST YORKSHIRE","A","A"
"{DEMO0581-4943-8374-0E13-0000000000A7}",36100,"2019-04-16 00:00","HX6 3FB","S","N","F","90","","DEMO STREET","","HALIFAX","CALDERDALE","WEST YORKSHIRE","A","A"
"{DEMO1096-36DB-DF14-51F5-0000000000A8}",121400,"2019-04-17 00:00","HX2 9EZ","T","N","F","5","","DEMO STREET","","HALIFAX","CALDERDALE","WEST YORKSHIRE","A","A"
"{DEMOBD73-7366-CBE4-FD20-0000000000A9}",43300,"2019-04-17 00:00","HX5 3PY","D","N","F","4","","DEMO STREET","","HALIFAX","CALDERDALE","WEST YORKSHIRE","A","A"
"{DEMOD577-A4D4-8D30-DA87-0000000000AA}",138600,"2019-04-17 00:00","HX5 9ZG","S","N","F","11","","DEMO STREET","","HALIFAX","CALDERDALE","WEST YORKSHIRE","A","A"
"{DEMO9DF5-D10D-59AE-3445-0000000000AB}",240500,"2019-04-17 00:00","HX7 3SY","S","N","F","54","","DEMO STREET","","HALIFAX","CALDERDALE","WEST YORKSHIRE","A","A"
"{DEMO1A96-44C7-6C6C-0B3C-0000000000AC}",85700,"2019-04-17 00:00","HX1 5PY","S","N","F","87","","DEMO STREET","","HALIFAX","CALDERDALE","WEST YORKSHIRE","A","A"
"{DEMO25B9-F7E9-3C79-EADE-0000000000AD}",81600,"2019-04-18 00:00","HX4 1LL","S","N","F","13","","DEMO STREET","","HALIFAX","CALDERDALE","WEST YORKSHIRE","A","A"
"{DEMO81F2-5C21-4F29-7554-0000000000AE}",204300,"2019-04-18 00:00","HX7 9ZN","T","N","F","51","","DEMO STREET","","HALIFAX","CALDERDALE","WEST YORKSHIRE","A","A"
"{DEMO1AF2-C127-E572-8902-0000000000AF}",195800,"2019-04-19 00:00","HX3 7ZE","T","N","F","29","","DEMO STREET","","HALIFAX","CALDERDALE","WEST YORKSHIRE","A","A"
"{DEMOBF57-9D80-A0D1-BCE0-0000000000B0}",151500,"2019-04-21 00:00","HX5 0ED","T","N","F","105","","DEMO STREET","","HALIFAX","CALDERDALE","WEST YORKSHIRE","A","A"
"{DEMOAD45-F1BD-56FA-D893-0000000000B1}",95900,"2019-04-21 00:00","HX5 2DJ","D","N","F","54","","DEMO STREET","","HALIFAX","CALDERDALE","WEST YORKSHIRE","A","A"
"{DEMOFBB3-25E8-2BE6-ACF5-0000000000B2}",151600,"2019-04-21 00:00","HX4 1FT","T","N","F","45","","DEMO STREET","","HALIFAX","CALDERDALE","WEST YORKSHIRE","A","A"
"{DEMO5F5D-B9DC-2ACB-161C-0000000000B3}",100000,"2019-04-21 00:00","HX6 5QU","D","N","F","48","","DEMO STREET","","HALIFAX","CALDERDALE","WEST YORKSHIRE","A","A"
"{DEMOE372-4F02-0A76-BBD6-0000000000B4}",122200,"2019-04-22 00:00","HX1 0AY","T","N","F","49","","DEMO STREET","","HALIFAX","CALDERDALE","WEST YORKSHIRE","A","A"
"{DEMOFB6E-F690-8ECB-4091-0000000000B5}",54100,"2019-04-22 00:00","HX6 9UT","T","N","F","2","","DEMO STREET","","HALIFAX","CALDERDALE","WEST YORKSHIRE","A","A"
"{DEMO6995-D160-E9D9-80BD-0000000000B6}",103200,"2019-04-22 00:00","HX6 4JU","D","N","F","97","","DEMO STREET","","HALIFAX","CALDERDALE","WEST YORKSHIRE","A","A"
"{DEMOFF92-B771-9946-F35F-0000000000B7}",166600,"2019-04-22 00:00","HX7 9FE","S","N","F","111","","DEMO STREET","","HALIFAX","CALDERDALE","WEST YORKSHIRE","A","A"
"{DEMO2485-529F-DE5A-69D3-0000000000B8}",257300,"2019-04-23 00:00","HX7 3FQ","D","N","F","60","","DEMO STREET","","HALIFAX","CALDERDALE","WEST YORKSHIRE","A","A"
"{DEMO018B-6C45-B708-0847-0000000000B9}",88100,"2019-04-23 00:00","HX6 0FP","S","N","F","63","","DEMO STREET","","HALIFAX","CALDERDALE","WEST YORKSHIRE","A","A"
"{DEMOB01C-229A-96A0-91C8-0000000000BA}",341100,"2019-04-23 00:00","HX5 3FN","T","N","F","24","","DEMO STREET","","HALIFAX","CALDERDALE","WEST YORKSHIRE","A","A"
"{DEMOFE4B-01DA-597E-D80D-0000000000BB}",71100,"2019-04-24 00:00","HX4 8XW","S","N","F","51","","DEMO STREET","","HALIFAX","CALDERDALE","WEST YORKSHIRE","A","A"
"{DEMO068F-D769-AFE8-D322-0000000000BC}",41800,"2019-04-24 00:00","HX4 3LN","T","N","F","73","","DEMO STREET","","HALIFAX","CALDERDALE","WEST YORKSHIRE","A","A"
"{DEMO2DD9-5989-8F58-9871-0000000000BD}",186100,"2019-04-24 00:00","HX3 2EW","D","N","F","40","","DEMO STREET","","HALIFAX","CALDERDALE","WEST YORKSHIRE","A","A"
"{DEMO1340-B280-3355-373F-0000000000BE}",101800,"2019-04-25 00:00","HX2 1WY","S","N","F","90","","DEMO STREET","","HALIFAX","CALDERDALE","WEST YORKSHIRE","A","A"
"{DEMO4102-1121-0D02-0C18-0000000000BF}",165400,"2019-04-25 00:00","HX3 0SL","F","N","L","74","","DEMO STREET","","HALIFAX","CALDERDALE","WEST YORKSHIRE","A","A"
"{DEMO4BF8-5467-2E8F-FF2C-0000000000C0}",113100,"2019-04-26 00:00","HX2 4NP","S","N","F","102","","DEMO STREET","","HALIFAX","CALDERDALE","WEST YORKSHIRE","A","A"
"{DEMOE4C0-DBAB-DD36-9100-0000000000C1}",253100,"2019-04-27 00:00","HX7 2XS","S","N","F","60","","DEMO STREET","","HALIFAX","CALDERDALE","WEST YORKSHIRE","A","A"
"{DEMOB319-1E15-15A7-D05B-0000000000C2}",394800,"2019-04-27 00:00","HX1 2QT","S","N","F","36","","DEMO STREET","","HALIFAX","CALDERDALE","WEST YORKSHIRE","A","A"
"{DEMO70C5-7238-083E-D832-0000000000C3}",67400,"2019-04-28 00:00","HX3 4FW","D","N","F","24","","DEMO STREET","","HALIFAX","CALDERDALE","WEST YORKSHIRE","A","A"
"{DEMOE70C-697F-C6B0-EE2F-0000000000C4}",134900,"2019-04-28 00:00","HX4 0AS","S","N","F","118","","DEMO STREET","","HALIFAX","CALDERDALE","WEST YORKSHIRE","A","A"
"{DEMO6F0A-8763-DF35-A91B-0000000000C5}",94600,"2019-04-28 00:00","HX3 5TA","D","N","F","88","","DEMO STREET","","HALIFAX","CALDERDALE","WEST YORKSHIRE","A","A"
"{DEMO6CDB-5042-AEA5-EE67-0000000000C6}",100900,"2019-05-02 00:00","HX6 6SJ","D","N","F","60","","DEMO STREET","","HALIFAX","CALDERDALE","WEST YORKSHIRE","A","A"
"{DEMO40B5-DEF9-041F-F0AF-0000000000C7}",45000,"2019-05-02 00:00","HX4 6LF","T","N","F","45","","DEMO STREET","","HALIFAX","CALDERDALE","WEST YORKSHIRE","A","A"
"{DEMO764B-0C5A-CCFA-65BA-0000000000C8}",172500,"2019-05-02 00:00","HX7 0GD","D","N","F","80","","DEMO STREET","","HALIFAX","CALDERDALE","WEST YORKSHIRE","A","A"
"{DEMO8820-106F-7671-33AC-0000000000C9}",441600,"2019-05-03 00:00","HX3 4EE","T","N","F","23","","DEMO STREET","","HALIFAX","CALDERDALE","WEST YORKSHIRE","A","A"
"{DEMO8022-F1B0-5D99-35BF-0000000000CA}",174500,"2019-05-04 00:00","HX4 5FR","D","N","F","5","","DEMO STREET","","HALIFAX","CALDERDALE","WEST YORKSHIRE","A","A"
"{DEMO5CF3-FCF6-CE98-56E0-0000000000CB}",144800,"2019-05-04 00:00","HX5 6WT","S","N","F","15","","DEMO STREET","","HALIFAX","CALDERDALE","WEST YORKSHIRE","A","A"
"{DEMO8614-2F29-F9FB-90B6-0000000000CC}",39200,"2019-05-05 00:00","HX1 9JZ","S","N","F","39","","DEMO STREET","","HALIFAX","CALDERDALE","WEST YORKSHIRE","A","A"
"{DEMOD67B-4A46-DA1F-783F-0000000000CD}",62600,"2019-05-06 00:00","HX3 8FY","F","N","L","58","","DEMO STREET","","HALIFAX","CALDERDALE","WEST YORKSHIRE","A","A"
"{DEMOB586-B709-0095-244E-0000000000CE}",136000,"2019-05-06 00:00","HX6 1SG","T","N","F","59","","DEMO STREET","","HALIFAX","CALDERDALE","WEST YORKSHIRE","A","A"
"{DEMO3DE6-238C-B1C4-E5DB-0000000000CF}",101700,"2019-05-06 00:00","HX1 1DG","D","Y","F","24","","DEMO STREET","","HALIFAX","CALDERDALE","WEST YORKSHIRE","A","A"
"{DEMOD768-E0D2-7C4E-1622-0000000000D0}",166200,"2019-05-08 00:00","HX7 3DH","S","N","F","93","","DEMO STREET","","HALIFAX","CALDERDALE","WEST YORKSHIRE","A","A"
"{DEMOA1E2-9B53-F570-61FE-0000000000D1}",139200,"2019-05-08 00:00","HX7 3JZ","S","N","F","22","","DEMO STREET","","HALIFAX","CALDERDALE","WEST YORKSHIRE","A","A"
"{DEMO65E9-1277-DED5-FACB-0000000000D2}",50100,"2019-05-09 00:00","HX4 5JJ","D","N","F","30","","DEMO STREET","","HALIFAX","CALDERDALE","WEST YORKSHIRE","A","A"
"{DEMO0922-3D88-122C-0B87-0000000000D3}",61100,"2019-05-09 00:00","HX4 0DR","T","N","F","22","","DEMO STREET","","HALIFAX","CALDERDALE","WEST YORKSHIRE","A","A"
"{DEMO40E4-922B-A563-9B04-0000000000D4}",45100,"2019-05-09 00:00","HX7 2UH","T","N","F","90","","DEMO STREET","","HALIFAX","CALDERDALE","WEST YORKSHIRE","A","A"
"{DEMO0525-D0A8-3669-B894-0000000000D5}",108800,"2019-05-09 00:00","HX2 1LH","S","N","F","117","","DEMO STREET","","HALIFAX","CALDERDALE","WEST YORKSHIRE","A","A"
"{DEMO5AD5-6904-CBB4-16DF-0000000000D6}",139700,"2019-05-10 00:00","HX1 0AY","T","N","F","10","","DEMO STREET","","HALIFAX","CALDERDALE","WEST YORKSHIRE","A","A"
"{DEMO57C9-F480-CE8B-C1AC-0000000000D7}",154800,"2019-05-10 00:00","HX1 9HY","T","N","F","22","","DEMO STREET","","HALIFAX","CALDERDALE","WEST YORKSHIRE","A","A"
"{DEMO4FCE-2332-EC14-C9C6-0000000000D8}",168700,"2019-05-10 00:00","HX3 0PJ","T","N","F","51","","DEMO STREET","","HALIFAX","CALDERDALE","WEST YORKSHIRE","A","A"
"{DEMO1A76-FE98-15BD-8767-0000000000D9}",165500,"2019-05-12 00:00","HX3 2FX","S","N","F","54","","DEMO STREET","","HALIFAX","CALDERDALE","WEST YORKSHIRE","A","A"
"{DEMODB59-8FBB-EDAB-BAEE-0000000000DA}",278700,"2019-05-12 00:00","HX2 0SA","T","N","F","27","","DEMO STREET","","HALIFAX","CALDERDALE","WEST YORKSHIRE","A","A"
"{DEMOE0BC-6009-A993-D026-0000000000DB}",226100,"2019-05-12 00:00","HX6 1BA","D","N","F","28","","DEMO STREET","","HALIFAX","CALDERDALE","WEST YORKSHIRE","A","A"
"{DEMO8D90-A691-3F88-B499-0000000000DC}",87400,"2019-05-13 00:00","HX1 9HY","S","N","F","27","","DEMO STREET","","HALIFAX","CALDERDALE","WEST YORKSHIRE","A","A"
"{DEMOF507-7D9D-8836-1378-0000000000DD}",65400,"2019-05-14 00:00","HX1 6SG","S","N","F","15","","DEMO STREET","","HALIFAX","CALDERDALE","WEST YORKSHIRE","A","A"
"{DEMO64CA-939A-30AD-C980-0000000000DE}",71900,"2019-05-14 00:00","HX2 1LH","S","N","F","36","","DEMO STREET","","HALIFAX","CALDERDALE","WEST YORKSHIRE","A","A"
"{DEMOCF98-43C4-11D0-534A-0000000000DF}",161600,"2019-05-14 00:00","HX5 2FL","T","Y","F","4","","DEMO STREET","","HALIFAX","CALDERDALE","WEST YORKSHIRE","A","A"
"{DEMO1612-A984-98DC-4EAC-0000000000E0}",127100,"2019-05-15 00:00","HX4 8XW","D","N","F","19","","DEMO STREET","","HALIFAX","CALDERDALE","WEST YORKSHIRE","A","A"
"{DEMOD601-A216-B8DA-4F92-0000000000E1}",108200,"2019-05-15 00:00","HX3 5JR","S","N","F","32","","DEMO STREET","","HALIFAX","CALDERDALE","WEST YORKSHIRE","A","A"
"{DEMO78AC-2279-C7BB-0F7F-0000000000E2}",299800,"2019-05-15 00:00","HX5 4DR","S","N","F","77","","DEMO STREET","","HALIFAX","CALDERDALE","WEST YORKSHIRE","A","A"
"{DEMOB52D-26E9-7293-A222-0000000000E3}",218700,"2019-05-15 00:00","HX2 9WA","F","N","L","99","","DEMO STREET","","HALIFAX","CALDERDALE","WEST YORKSHIRE","A","A"
"{DEMO3A42-3AF5-BEF3-69D9-0000000000E4}",75000,"2019-05-15 00:00","HX6 8FA","T","N","F","29","","DEMO STREET","","HALIFAX","CALDERDALE","WEST YORKSHIRE","A","A"
"{DEMOBD17-3E67-58AA-4888-0000000000E5}",48600,"2019-05-15 00:00","HX5 8BP","T","N","F","71","","DEMO STREET","","HALIFAX","CALDERDALE","WEST YORKSHIRE","A","A"
"{DEMOF497-7D0C-368B-3FEE-0000000000E6}",175700,"2019-05-16 00:00","HX6 8AH","F","N","L","44","","DEMO STREET","","HALIFAX","CALDERDALE","WEST YORKSHIRE","A","A"
"{DEMO57CE-A639-5D4E-A107-0000000000E7}",269100,"2019-05-16 00:00","HX2 4RU","D","N","F","57","","DEMO STREET","","HALIFAX","CALDERDALE","WEST YORKSHIRE","A","A"
"{DEMO7602-3774-0DE2-F67E-0000000000E8}",154000,"2019-05-17 00:00","HX7 9RB","S","N","F","1","","DEMO STREET","","HALIFAX","CALDERDALE","WEST YORKSHIRE","A","A"
"{DEMO6E91-7B51-62C0-6102-0000000000E9}",242600,"2019-05-18 00:00","HX7 5AU","S","N","F","108","","DEMO STREET","","HALIFAX","CALDERDALE","WEST YORKSHIRE","A","A"
"{DEMO5A23-52A0-144B-4C70-0000000000EA}",119200,"2019-05-19 00:00","HX7 0RQ","S","Y","F","103","","DEMO STREET","","HALIFAX","CALDERDALE","WEST YORKSHIRE","A","A"
"{DEMO971F-D195-17B6-73C3-0000000000EB}",50900,"2019-05-20 00:00","HX4 1FT","S","N","F","19","","DEMO STREET","","HALIFAX","CALDERDALE","WEST YORKSHIRE","A","A"
"{DEMO3FAF-3DEE-37D2-3DC5-0000000000EC}",116000,"2019-05-21 00:00","HX4 1UA","F","N","L","95","","DEMO STREET","","HALIFAX","CALDERDALE","WEST YORKSHIRE","A","A"
"{DEMO7E20-4081-C809-27A6-0000000000ED}",221900,"2019-05-23 00:00","HX3 4FW","D","N","F","95","","DEMO STREET","","HALIFAX","CALDERDALE","WEST YORKSHIRE","A","A"
"{DEMO358B-1DF2-B57D-532A-0000000000EE}",254500,"2019-05-23 00:00","HX1 1WS","S","N","F","116","","DEMO STREET","","HALIFAX","CALDERDALE","WEST YORKSHIRE","A","A"
"{DEMOD624-8766-50FE-17DE-0000000000EF}",78000,"2019-05-23 00:00","HX6 4PT","S","N","F","63","","DEMO STREET","","HALIFAX","CALDERDALE","WEST YORKSHIRE","A","A"
"{DEMODF1A-5874-B700-7487-0000000000F0}",91600,"2019-05-23 00:00","HX4 6QX","D","N","F","14","","DEMO STREET","","HALIFAX","CALDERDALE","WEST YORKSHIRE","A","A"
"{DEMOFDB6-1072-40F7-5079-0000000000F1}",199600,"2019-05-23 00:00","HX1 1EL","S","N","F","65","","DEMO STREET","","HALIFAX","CALDERDALE","WEST YORKSHIRE","A","A"
"{DEMODEAD-EC10-F123-D4A4-0000000000F2}",188300,"2019-05-23 00:00","HX7 9RB","T","N","F","26","","DEMO STREET","","HALIFAX","CALDERDALE","WEST YORKSHIRE","A","A"
"{DEMO40C3-2A6C-D06E-28A3-0000000000F3}",30600,"2019-05-23 00:00","HX5 3HP","T","N","F","109","","DEMO STREET","","HALIFAX","CALDERDALE","WEST YORKSHIRE","A","A"
"{DEMO22D5-9E99-5C29-877B-0000000000F4}",298600,"2019-05-24 00:00","HX5 0RE","T","Y","F","103","","DEMO STREET","","HALIFAX","CALDERDALE","WEST YORKSHIRE","A","A"
"{DEMO4C3B-E580-83AF-5DA0-0000000000F5}",242600,"2019-05-25 00:00","HX1 6YL","F","N","L","24","","DEMO STREET","","HALIFAX","CALDERDALE","WEST YORKSHIRE","A","A"
"{DEMO6BA6-7EB7-B964-5878-0000000000F6}",282900,"2019-05-26 00:00","HX5 8JF","S","N","F","67","","DEMO STREET","","HALIFAX","CALDERDALE","WEST YORKSHIRE","A","A"
"{DEMO1306-D6B0-A4D8-2A12-0000000000F7}",130300,"2019-05-27 00:00","HX3 2QF","F","N","L","21","","DEMO STREET","","HALIFAX","CALDERDALE","WEST YORKSHIRE","A","A"
"{DEMOA422-5B63-456F-E20B-0000000000F8}",124400,"2019-05-27 00:00","HX1 0HT","S","N","F","40","","DEMO STREET","","HALIFAX","CALDERDALE","WEST YORKSHIRE","A","A"
"{DEMOB05D-8C91-E24B-519D-0000000000F9}",138100,"2019-06-01 00:00","HX4 5SW","S","N","F","28","","DEMO STREET","","HALIFAX","CALDERDALE","WEST YORKSHIRE","A","A"
"{DEMO7ECF-0C3C-C26D-DB55-0000000000FA}",100300,"2019-06-01 00:00","HX6 3QQ","S","N","F","8","","DEMO STREET","","HALIFAX","CALDERDALE","WEST YORKSHIRE","A","A"
"{DEMO65E2-350F-7DDD-0457-0000000000FB}",59300,"2019-06-02 00:00","HX5 3YW","T","N","F","119","","DEMO STREET","","HALIFAX","CALDERDALE","WEST YORKSHIRE","A","A"
"{DEMOEF88-578E-736A-BAA3-0000000000FC}",94600,"2019-06-02 00:00","HX6 4NR","T","N","F","85","","DEMO STREET","","HALIFAX","CALDERDALE","WEST YORKSHIRE","A","A"
"{DEMOEE72-793E-CB69-3D7B-0000000000FD}",156300,"2019-06-02 00:00","HX5 4WY","S","N","F","22","","DEMO STREET","","HALIFAX","CALDERDALE","WEST YORKSHIRE","A","A"
"{DEMO7119-7CB9-75C7-FDDE-0000000000FE}",135800,"2019-06-03 00:00","HX1 0TT","S","N","F","49","","DEMO STREET","","HALIFAX","CALDERDALE","WEST YORKSHIRE","A","A"
"{DEMOAC83-759E-F080-E778-0000000000FF}",216000,"2019-06-03 00:00","HX7 5ZH","T","N","F","108","","DEMO STREET","","HALIFAX","CALDERDALE","WEST YORKSHIRE","A","A"
"{DEMO096A-B548-48E5-75C4-000000000100}",202100,"2019-06-04 00:00","HX4 7HF","S","N","F","75","","DEMO STREET","","HALIFAX","CALDERDALE","WEST YORKSHIRE","A","A"
"{DEMO7DB0-5910-A8B9-E794-000000000101}",53500,"2019-06-04 00:00","HX6 2YG","T","N","F","96","","DEMO STREET","","HALIFAX","CALDERDALE","WEST YORKSHIRE","A","A"
"{DEMO6345-55BC-612A-089E-000000000102}",336500,"2019-06-05 00:00","HX5 0ED","T","N","F","38","","DEMO STREET","","HALIFAX","CALDERDALE","WEST YORKSHIRE","A","A"
"{DEMOF994-58A9-5DD7-D294-000000000103}",111200,"2019-06-05 00:00","HX5 2GH","D","N","F","103","","DEMO STREET","","HALIFAX","CALDERDALE","WEST YORKSHIRE","A","A"
"{DEMO283F-8B52-20A6-8184-000000000104}",79700,"2019-06-05 00:00","HX3 9FR","T","N","F","92","","DEMO STREET","","HALIFAX","CALDERDALE","WEST YORKSHIRE","A","A"
"{DEMOC3F7-4CA1-5ED5-14C3-000000000105}",349000,"2019-06-05 00:00","HX3 5UU","S","N","F","107","","DEMO STREET","","HALIFAX","CALDERDALE","WEST YORKSHIRE","A","A"
"{DEMO3FD7-492B-BE49-E5A3-000000000106}",191500,"2019-06-06 00:00","HX4 0DR","S","N","F","115","","DEMO STREET","","HALIFAX","CALDERDALE","WEST YORKSHIRE","A","A"
"{DEMO4E8A-D0A5-8791-FB63-000000000107}",62300,"2019-06-06 00:00","HX6 5QR","T","N","F","90","","DEMO STREET","","HALIFAX","CALDERDALE","WEST YORKSHIRE","A","A"
"{DEMO991E-9D7E-3397-4C60-000000000108}",48100,"2019-06-10 00:00","HX1 9HY","T","N","F","47","","DEMO STREET","","HALIFAX","CALDERDALE","WEST YORKSHIRE","A","A"
"{DEMO9D7E-837D-E180-65F6-000000000109}",189200,"2019-06-10 00:00","HX7 3JG","F","N","L","97","","DEMO STREET","","HALIFAX","CALDERDALE","WEST YORKSHIRE","A","A"
"{DEMO21EF-1F3D-02C5-7C3A-00000000010A}",143800,"2019-06-11 00:00","HX6 1LG","S","N","F","87","","DEMO STREET","","HALIFAX","CALDERDALE","WEST YORKSHIRE","A","A"
"{DEMO878B-3392-1277-D0B3-00000000010B}",120500,"2019-06-11 00:00","HX1 0HT","S","N","F","50","","DEMO STREET","","HALIFAX","CALDERDALE","WEST YORKSHIRE","A","A"
"{DEMOA1EA-39C6-E793-3DB1-00000000010C}",189900,"2019-06-12 00:00","HX6 8FQ","D","N","F","36","","DEMO STREET","","HALIFAX","CALDERDALE","WEST YORKSHIRE","A","A"
"{DEMO4A3C-AB11-3537-276B-00000000010D}",57100,"2019-06-12 00:00","HX3 8WA","S","N","F","49","","DEMO STREET","","HALIFAX","CALDERDALE","WEST YORKSHIRE","A","A"
"{DEMOCE60-70CF-DCDF-E818-00000000010E}",180900,"2019-06-14 00:00","HX2 1AG","S","N","F","32","","DEMO STREET","","HALIFAX","CALDERDALE","WEST YORKSHIRE","A","A"
"{DEMO4386-F7D8-DD8B-8CE9-00000000010F}",87100,"2019-06-15 00:00","HX1 9HY","T","N","F","18","","DEMO STREET","","HALIFAX","CALDERDALE","WEST YORKSHIRE","A","A"
"{DEMOB693-66EA-928B-F307-000000000110}",321100,"2019-06-15 00:00","HX1 6DP","F","N","L","111","","DEMO STREET","","HALIFAX","CALDERDALE","WEST YORKSHIRE","A","A"
"{DEMO02C6-C113-E4B0-90F4-000000000111}",687400,"2019-06-15 00:00","HX2 4RU","T","N","F","9","","DEMO STREET","","HALIFAX","CALDERDALE","WEST YORKSHIRE","A","A"
"{DEMO1F6E-BEF4-DEA7-A484-000000000112}",108200,"2019-06-16 00:00","HX4 7HQ","D","N","F","53","","DEMO STREET","","HALIFAX","CALDERDALE","WEST YORKSHIRE","A","A"
"{DEMO76BB-1B7C-552F-37A2-000000000113}",54800,"2019-06-16 00:00","HX4 6PW","D","N","F","92","","DEMO STREET","","HALIFAX","CALDERDALE","WEST YORKSHIRE","A","A"
"{DEMO0004-2B8C-54BD-E0D6-000000000114}",104300,"2019-06-17 00:00","HX5 3YW","T","N","F","69","","DEMO STREET","","HALIFAX","CALDERDALE","WEST YORKSHIRE","A","A"
"{DEMO18FF-3989-2AA3-3B74-000000000115}",178300,"2019-06-17 00:00","HX6 5QU","T","N","F","40","","DEMO STREET","","HALIFAX","CALDERDALE","WEST YORKSHIRE","A","A"
"{DEMOB4E0-0881-F2DF-FE61-000000000116}",71400,"2019-06-17 00:00","HX2 6UP","T","N","F","81","","DEMO STREET","","HALIFAX","CALDERDALE","WEST YORKSHIRE","A","A"
"{DEMO9D19-BDB8-B6B8-2C53-000000000117}",66600,"2019-06-19 00:00","HX2 9RZ","D","N","F","26","","DEMO STREET","","HALIFAX","CALDERDALE","WEST YORKSHIRE","A","A"
"{DEMO263B-E872-0A65-D3E8-000000000118}",88400,"2019-06-19 00:00","HX6 8XH","D","N","F","65","","DEMO STREET","","HALIFAX","CALDERDALE","WEST YORKSHIRE","A","A"
"{DEMOF29D-DE9E-9F92-4BA7-000000000119}",164000,"2019-06-20 00:00","HX7 6HQ","F","N","L","97","","DEMO STREET","","HALIFAX","CALDERDALE","WEST YORKSHIRE","A","A"
"{DEMOA22D-5254-9DF1-2436-00000000011A}",140800,"2019-06-21 00:00","HX4 6QX","D","N","F","15","","DEMO STREET","","HALIFAX","CALDERDALE","WEST YORKSHIRE","A","A"
"{DEMOA094-05CA-E60F-BBF0-00000000011B}",93300,"2019-06-21 00:00","HX4 8PH","D","N","F","1","","DEMO STREET","","HALIFAX","CALDERDALE","WEST YORKSHIRE","A","A"
"{DEMO1195-D83C-DCCA-52B4-00000000011C}",191300,"2019-06-22 00:00","HX3 4LZ","S","N","F","26","","DEMO STREET","","HALIFAX","CALDERDALE","WEST YORKSHIRE","A","A"
"{DEMO34F7-C2EA-3FF2-0B36-00000000011D}",24200,"2019-06-23 00:00","HX7 8JT","D","N","F","116","","DEMO STREET","","HALIFAX","CALDERDALE","WEST YORKSHIRE","A","A"
"{DEMO6673-8FA7-EC78-ED09-00000000011E}",65500,"2019-06-23 00:00","HX3 8ZT","S","N","F","87","","DEMO STREET","","HALIFAX","CALDERDALE","WEST YORKSHIRE","A","A"
"{DEMODC4B-892E-6452-5DFF-00000000011F}",218500,"2019-06-24 00:00","HX1 8NT","S","N","F","50","","DEMO STREET","","HALIFAX","CALDERDALE","WEST YORKSHIRE","A","A"
"{DEMO64A8-42F6-B371-3BFE-000000000120}",224000,"2019-06-26 00:00","HX1 9HY","S","N","F","57","","DEMO STREET","","HALIFAX","CALDERDALE","WEST YORKSHIRE","A","A"
"{DEMO1A11-6E7C-AA58-F68C-000000000121}",342500,"2019-06-26 00:00","HX6 2YG","S","N","F","116","","DEMO STREET","","HALIFAX","CALDERDALE","WEST YORKSHIRE","A","A"
"{DEMOA3F5-6BAC-215C-2EBE-000000000122}",79700,"2019-06-27 00:00","HX1 0AY","D","N","F","109","","DEMO STREET","","HALIFAX","CALDERDALE","WEST YORKSHIRE","A","A"
"{DEMO7EA7-E43F-536D-D75E-000000000123}",153200,"2019-06-27 00:00","HX6 2GE","S","N","F","53","","DEMO STREET","","HALIFAX","CALDERDALE","WEST YORKSHIRE","A","A"
"{DEMOB5B5-4CA6-490C-7274-000000000124}",156600,"2019-06-27 00:00","HX6 5BX","T","N","F","30","","DEMO STREET","","HALIFAX","CALDERDALE","WEST YORKSHIRE","A","A"
"{DEMO5082-1E1B-5717-B47D-000000000125}",162000,"2019-07-02 00:00","HX3 0SL","D","N","F","4","","DEMO STREET","","HALIFAX","CALDERDALE","WEST YORKSHIRE","A","A"
"{DEMOE55D-5174-5639-6575-000000000126}",109400,"2019-07-02 00:00","HX3 5WF","F","Y","L","56","","DEMO STREET","","HALIFAX","CALDERDALE","WEST YORKSHIRE","A","A"
"{DEMO037C-A82A-1011-CF97-000000000127}",153600,"2019-07-03 00:00","HX3 6RR","F","N","L","81","","DEMO STREET","","HALIFAX","CALDERDALE","WEST YORKSHIRE","A","A"
"{DEMOEB78-E9AF-1080-6F3A-000000000128}",70200,"2019-07-04 00:00","HX7 5NX","D","N","F","106","","DEMO STREET","","HALIFAX","CALDERDALE","WEST YORKSHIRE","A","A"
"{DEMO603A-CC1C-5F3B-7AA1-000000000129}",113600,"2019-07-05 00:00","HX1 5ZD","S","N","F","90","","DEMO STREET","","HALIFAX","CALDERDALE","WEST YORKSHIRE","A","A"
"{DEMOC9AA-BC43-D84D-7379-00000000012A}",305400,"2019-07-05 00:00","HX7 3UA","D","N","F","45","","DEMO STREET","","HALIFAX","CALDERDALE","WEST YORKSHIRE","A","A"
"{DEMO73C5-33B8-72FC-497F-00000000012B}",63600,"2019-07-06 00:00","HX1 1YE","S","N","F","90","","DEMO STREET","","HALIFAX","CALDERDALE","WEST YORKSHIRE","A","A"
"{DEMOE8FA-F7B4-7154-A642-00000000012C}",65800,"2019-07-07 00:00","HX4 1UA","D","N","F","81","","DEMO STREET","","HALIFAX","CALDERDALE","WEST YORKSHIRE","A","A"
"{DEMO2657-89F8-AF59-EB02-00000000012D}",147700,"2019-07-07 00:00","HX5 3HD","T","N","F","4","","DEMO STREET","","HALIFAX","CALDERDALE","WEST YORKSHIRE","A","A"
"{DEMOFCF4-7208-9E21-34AE-00000000012E}",219600,"2019-07-07 00:00","HX3 5ZT","S","N","F","72","","DEMO STREET","","HALIFAX","CALDERDALE","WEST YORKSHIRE","A","A"
"{DEMO906E-ACFB-7CCA-428A-00000000012F}",159800,"2019-07-07 00:00","HX3 0ZW","F","Y","L","10","","DEMO STREET","","HALIFAX","CALDERDALE","WEST YORKSHIRE","A","A"
"{DEMO69B9-E40B-7F86-99F7-000000000130}",117200,"2019-07-08 00:00","HX7 9HG","T","N","F","94","","DEMO STREET","","HALIFAX","CALDERDALE","WEST YORKSHIRE","A","A"
"{DEMO5B3D-5825-8292-C038-000000000131}",196800,"2019-07-08 00:00","HX5 9PX","T","N","F","116","","DEMO STREET","","HALIFAX","CALDERDALE","WEST YORKSHIRE","A","A"
"{DEMO0239-C5FB-836D-28D8-000000000132}",95100,"2019-07-08 00:00","HX4 2UZ","S","N","F","3","","DEMO STREET","","HALIFAX","CALDERDALE","WEST YORKSHIRE","A","A"
"{DEMOA61E-6076-036E-7AEB-000000000133}",84000,"2019-07-10 00:00","HX4 5HR","S","N","F","74","","DEMO STREET","","HALIFAX","CALDERDALE","WEST YORKSHIRE","A","A"
"{DEMO56F7-A9DB-A3E2-6576-000000000134}",131100,"2019-07-10 00:00","HX6 4JU","S","N","F","107","","DEMO STREET","","HALIFAX","CALDERDALE","WEST YORKSHIRE","A","A"
"{DEMO62BE-3487-BC5B-A084-000000000135}",180500,"2019-07-10 00:00","HX6 4PT","S","N","F","93","","DEMO STREET","","HALIFAX","CALDERDALE","WEST YORKSHIRE","A","A"
"{DEMOEC87-5818-0213-8247-000000000136}",90500,"2019-07-11 00:00","HX6 8XU","D","N","F","84","","DEMO STREET","","HALIFAX","CALDERDALE","WEST YORKSHIRE","A","A"
"{DEMOF7A0-CAD5-48AE-0449-000000000137}",113400,"2019-07-13 00:00","HX3 1PS","D","N","F","87","","DEMO STREET","","HALIFAX","CALDERDALE","WEST YORKSHIRE","A","A"
"{DEMOEA44-E948-176E-0C5C-000000000138}",59100,"2019-07-13 00:00","HX3 8QF","S","N","F","82","","DEMO STREET","","HALIFAX","CALDERDALE","WEST YORKSHIRE","A","A"
"{DEMO7851-D716-2E09-EBE4-000000000139}",67900,"2019-07-13 00:00","HX3 0ET","S","N","F","99","","DEMO STREET","","HALIFAX","CALDERDALE","WEST YORKSHIRE","A","A"
"{DEMOE7E6-5AC6-9D39-CC1A-00000000013A}",192500,"2019-07-14 00:00","HX6 2EA","S","N","F","114","","DEMO STREET","","HALIFAX","CALDERDALE","WEST YORKSHIRE","A","A"
"{DEMOF4D8-95B1-34AA-39F6-00000000013B}",69000,"2019-07-14 00:00","HX3 0NQ","T","Y","F","78","","DEMO STREET","","HALIFAX","CALDERDALE","WEST YORKSHIRE","A","A"
"{DEMO052A-12A4-2EE9-57D6-00000000013C}",389200,"2019-07-15 00:00","HX7 1XQ","T","N","F","59","","DEMO STREET","","HALIFAX","CALDERDALE","WEST YORKSHIRE","A","A"
"{DEMO1DB4-EDD3-0FDB-0185-00000000013D}",132100,"2019-07-15 00:00","HX5 2EE","D","N","F","108","","DEMO STREET","","HALIFAX","CALDERDALE","WEST YORKSHIRE","A","A"
"{DEMO1EE8-E28B-EB0F-1DDD-00000000013E}",47300,"2019-07-16 00:00","HX6 9RP","F","N","L","62","","DEMO STREET","","HALIFAX","CALDERDALE","WEST YORKSHIRE","A","A"
"{DEMOFB96-58BE-EE28-1B78-00000000013F}",132400,"2019-07-16 00:00","HX6 5WE","T","N","F","32","","DEMO STREET","","HALIFAX","CALDERDALE","WEST YORKSHIRE","A","A"
"{DEMOB4D1-C365-AB3C-D070-000000000140}",84300,"2019-07-16 00:00","HX3 2QF","S","N","F","64","","DEMO STREET","","HALIFAX","CALDERDALE","WEST YORKSHIRE","A","A"
"{DEMO4D2F-4201-BEC8-B997-000000000141}",122200,"2019-07-16 00:00","HX2 9XG","S","N","F","17","","DEMO STREET","","HALIFAX","CALDERDALE","WEST YORKSHIRE","A","A"
"{DEMO5BC5-B556-EDC1-2ABF-000000000142}",472700,"2019-07-16 00:00","HX2 8WY","D","N","F","70","","DEMO STREET","","HALIFAX","CALDERDALE","WEST YORKSHIRE","A","A"
"{DEMO6EBF-9ECF-4E9B-814F-000000000143}",86400,"2019-07-17 00:00","HX5 1HA","D","N","F","71","","DEMO STREET","","HALIFAX","CALDERDALE","WEST YORKSHIRE","A","A"
"{DEMO9269-3D97-4885-6C53-000000000144}",175600,"2019-07-17 00:00","HX6 8WY","D","N","F","71","","DEMO STREET","","HALIFAX","CALDERDALE","WEST YORKSHIRE","A","A"
"{DEMOAE46-6457-837A-5C05-000000000145}",342100,"2019-07-17 00:00","HX5 3HD","T","N","F","55","","DEMO STREET","","HALIFAX","CALDERDALE","WEST YORKSHIRE","A","A"
"{DEMO248A-E4CC-C67E-85E4-000000000146}",144900,"2019-07-17 00:00","HX7 5ZH","S","N","F","48","","DEMO STREET","","HALIFAX","CALDERDALE","WEST YORKSHIRE","A","A"
"{DEMO2146-10C0-3FF3-CF8A-000000000147}",112200,"2019-07-18 00:00","HX5 5WZ","S","N","F","55","","DEMO STREET","","HALIFAX","CALDERDALE","WEST YORKSHIRE","A","A"
"{DEMO31A9-7033-1C00-E86C-000000000148}",264300,"2019-07-18 00:00","HX4 0AS","S","N","F","71","","DEMO STREET","","HALIFAX","CALDERDALE","WEST YORKSHIRE","A","A"
"{DEMOFC90-4B37-5A44-529E-000000000149}",62900,"2019-07-18 00:00","HX4 6TY","T","N","F","49","","DEMO STREET","","HALIFAX","CALDERDALE","WEST YORKSHIRE","A","A"
"{DEMOBDC0-D6DE-24E1-648D-00000000014A}",142800,"2019-07-19 00:00","HX3 4LZ","S","N","F","43","","DEMO STREET","","HALIFAX","CALDERDALE","WEST YORKSHIRE","A","A"
"{DEMO4724-BFC1-031A-8EED-00000000014B}",70300,"2019-07-19 00:00","HX7 1TQ","S","N","F","113","","DEMO STREET","","HALIFAX","CALDERDALE","WEST YORKSHIRE","A","A"
"{DEMOA86B-89AF-200E-FD9B-00000000014C}",275200,"2019-07-20 00:00","HX6 5WE","D","N","F","39","","DEMO STREET","","HALIFAX","CALDERDALE","WEST YORKSHIRE","A","A"
"{DEMO63F5-56DC-7C84-E824-00000000014D}",326300,"2019-07-21 00:00","HX7 4ST","D","N","F","66","","DEMO STREET","","HALIFAX","CALDERDALE","WEST YORKSHIRE","A","A"
"{DEMOC767-6208-F43E-9C86-00000000014E}",171300,"2019-07-22 00:00","HX2 6SR","S","N","F","18","","DEMO STREET","","HALIFAX","CALDERDALE","WEST YORKSHIRE","A","A"
"{DEMO5AAA-7C37-03CD-7662-00000000014F}",177500,"2019-07-24 00:00","HX2 0AS","T","N","F","80","","DEMO STREET","","HALIFAX","CALDERDALE","WEST YORKSHIRE","A","A"
"{DEMOC870-10CC-63C0-C8E7-000000000150}",36200,"2019-07-25 00:00","HX5 6ED","T","N","F","106","","DEMO STREET","","HALIFAX","CALDERDALE","WEST YORKSHIRE","A","A"
"{DEMO3447-3FA4-3AB1-C6DB-000000000151}",91600,"2019-07-26 00:00","HX3 1HW","D","N","F","83","","DEMO STREET","","HALIFAX","CALDERDALE","WEST YORKSHIRE","A","A"
"{DEMOD37E-AF1A-2743-ED07-000000000152}",141000,"2019-07-27 00:00","HX4 9PP","F","N","L","45","","DEMO STREET","","HALIFAX","CALDERDALE","WEST YORKSHIRE","A","A"
"{DEMOD038-4C1C-9305-7BD1-000000000153}",262400,"2019-07-27 00:00","HX2 1LH","F","N","L","17","","DEMO STREET","","HALIFAX","CALDERDALE","WEST YORKSHIRE","A","A"
"{DEMOEE89-4FA1-C095-59A3-000000000154}",140800,"2019-07-27 00:00","HX2 2EL","T","N","F","16","","DEMO STREET","","HALIFAX","CALDERDALE","WEST YORKSHIRE","A","A"
"{DEMO71D3-FF95-44C5-B7AE-000000000155}",44300,"2019-07-27 00:00","HX5 9LJ","D","Y","F","119","","DEMO STREET","","HALIFAX","CALDERDALE","WEST YORKSHIRE","A","A"
"{DEMO80EF-499F-E2D0-D4C3-000000000156}",97900,"2019-07-28 00:00","HX4 8PJ","F","N","L","51","","DEMO STREET","","HALIFAX","CALDERDALE","WEST YORKSHIRE","A","A"
"{DEMOE59B-21A8-ECF0-98F4-000000000157}",329100,"2019-07-28 00:00","HX2 1AG","T","N","F","15","","DEMO STREET","","HALIFAX","CALDERDALE","WEST YORKSHIRE","A","A"
"{DEMO820D-89F4-2DFA-AD77-000000000158}",190400,"2019-08-01 00:00","HX3 2FX","S","N","F","6","","DEMO STREET","","HALIFAX","CALDERDALE","WEST YORKSHIRE","A","A"
"{DEMOCDAB-357F-EE24-42FD-000000000159}",179200,"2019-08-01 00:00","HX4 4XT","S","N","F","82","","DEMO STREET","","HALIFAX","CALDERDALE","WEST YORKSHIRE","A","A"
"{DEMO54FB-EE1A-4BBB-BA13-00000000015A}",155000,"2019-08-01 00:00","HX6 7GA","S","N","F","41","","DEMO STREET","","HALIFAX","CALDERDALE","WEST YORKSHIRE","A","A"
"{DEMO4C0E-CB1E-012E-7F4F-00000000015B}",196800,"2019-08-01 00:00","HX5 2BY","S","N","F","51","","DEMO STREET","","HALIFAX","CALDERDALE","WEST YORKSHIRE","A","A"
"{DEMO452F-6A3A-5DC8-34FE-00000000015C}",126600,"2019-08-02 00:00","HX6 8FQ","T","N","F","109","","DEMO STREET","","HALIFAX","CALDERDALE","WEST YORKSHIRE","A","A"
"{DEMOBCF5-58C9-30D0-719D-00000000015D}",123100,"2019-08-02 00:00","HX1 6BJ","T","N","F","105","","DEMO STREET","","HALIFAX","CALDERDALE","WEST YORKSHIRE","A","A"
"{DEMO7155-A194-1680-F98F-00000000015E}",123700,"2019-08-03 00:00","HX5 1SE","T","N","F","40","","DEMO STREET","","HALIFAX","CALDERDALE","WEST YORKSHIRE","A","A"
"{DEMOF049-2B25-EDA4-4422-00000000015F}",96200,"2019-08-03 00:00","HX4 1UA","S","N","F","102","","DEMO STREET","","HALIFAX","CALDERDALE","WEST YORKSHIRE","A","A"
"{DEMOBA87-E894-2AAB-D2C4-000000000160}",111600,"2019-08-03 00:00","HX5 2EE","D","Y","F","81","","DEMO STREET","","HALIFAX","CALDERDALE","WEST YORKSHIRE","A","A"
"{DEMO387B-BB8B-C74A-2152-000000000161}",134200,"2019-08-04 00:00","HX3 4SF","S","N","F","86","","DEMO STREET","","HALIFAX","CALDERDALE","WEST YORKSHIRE","A","A"
"{DEMO993A-EB1C-96B8-1BF5-000000000162}",191600,"2019-08-04 00:00","HX4 3QH","T","N","F","95","","DEMO STREET","","HALIFAX","CALDERDALE","WEST YORKSHIRE","A","A"
"{DEMOE6EC-E212-A90C-D9D3-000000000163}",101400,"2019-08-06 00:00","HX4 8PH","S","N","F","9","","DEMO STREET","","HALIFAX","CALDERDALE","WEST YORKSHIRE","A","A"
"{DEMO799C-F902-396B-2E88-000000000164}",134100,"2019-08-06 00:00","HX6 5QU","S","Y","F","40","","DEMO STREET","","HALIFAX","CALDERDALE","WEST YORKSHIRE","A","A"
"{DEMOA86A-1DE2-1230-3643-000000000165}",171800,"2019-08-07 00:00","HX5 3HD","T","N","F","55","","DEMO STREET","","HALIFAX","CALDERDALE","WEST YORKSHIRE","A","A"
"{DEMO2686-2E2C-EFC5-17DE-000000000166}",219200,"2019-08-07 00:00","HX1 0HT","S","N","F","20","","DEMO STREET","","HALIFAX","CALDERDALE","WEST YORKSHIRE","A","A"
"{DEMO5EF4-ACB0-4F76-C25C-000000000167}",65300,"2019-08-08 00:00","HX5 9NP","T","N","F","75","","DEMO STREET","","HALIFAX","CALDERDALE","WEST YORKSHIRE","A","A"
"{DEMO18D8-2244-4887-5C71-000000000168}",67200,"2019-08-09 00:00","HX6 5QR","S","N","F","38","","DEMO STREET","","HALIFAX","CALDERDALE","WEST YORKSHIRE","A","A"
"{DEMODA97-92AA-A6DA-61DB-000000000169}",447500,"2019-08-09 00:00","HX1 1EL","T","N","F","88","","DEMO STREET","","HALIFAX","CALDERDALE","WEST YORKSHIRE","A","A"
"{DEMO0E49-EC48-197D-00F8-00000000016A}",138100,"2019-08-11 00:00","HX5 8QZ","S","N","F","49","","DEMO STREET","","HALIFAX","CALDERDALE","WEST YORKSHIRE","A","A"
"{DEMOBEF9-00F8-5034-C0A4-00000000016B}",251200,"2019-08-11 00:00","HX1 6PP","T","N","F","55","","DEMO STREET","","HALIFAX","CALDERDALE","WEST YORKSHIRE","A","A"
"{DEMOE936-92F7-3580-425A-00000000016C}",73400,"2019-08-12 00:00","HX6 5QR","D","N","F","105","","DEMO STREET","","HALIFAX","CALDERDALE","WEST YORKSHIRE","A","A"
"{DEMOAFF8-25E1-DDAE-8848-00000000016D}",109700,"2019-08-12 00:00","HX3 2RS","D","N","F","39","","DEMO STREET","","HALIFAX","CALDERDALE","WEST YORKSHIRE","A","A"
"{DEMOE6C2-5132-BB28-D175-00000000016E}",228400,"2019-08-12 00:00","HX7 3JZ","S","N","F","16","","DEMO STREET","","HALIFAX","CALDERDALE","WEST YORKSHIRE","A","A"
"{DEMO9898-7CFA-429B-4D7E-00000000016F}",178000,"2019-08-12 00:00","HX5 2EE","D","N","F","22","","DEMO STREET","","HALIFAX","CALDERDALE","WEST YORKSHIRE","A","A"
"{DEMOB974-1F37-61EE-2135-000000000170}",66600,"2019-08-13 00:00","HX7 5XT","T","N","F","117","","DEMO STREET","","HALIFAX","CALDERDALE","WEST YORKSHIRE","A","A"
"{DEMO5E25-D2DF-F385-D06D-000000000171}",175200,"2019-08-13 00:00","HX1 9HY","S","N","F","69","","DEMO STREET","","HALIFAX","CALDERDALE","WEST YORKSHIRE","A","A"
"{DEMO7B38-6588-D73F-93A9-000000000172}",96800,"2019-08-13 00:00","HX7 2JG","D","Y","F","48","","DEMO STREET","","HALIFAX","CALDERDALE","WEST YORKSHIRE","A","A"
"{DEMOF46C-8921-5BD2-A77D-000000000173}",82200,"2019-08-14 00:00","HX2 1WY","T","N","F","31","","DEMO STREET","","HALIFAX","CALDERDALE","WEST YORKSHIRE","A","A"
"{DEMOA4C9-576A-6884-F73A-000000000174}",93700,"2019-08-14 00:00","HX7 3GB","D","N","F","101","","DEMO STREET","","HALIFAX","CALDERDALE","WEST YORKSHIRE","A","A"
"{DEMOD73B-094B-7E01-3F56-000000000175}",72600,"2019-08-14 00:00","HX1 1DG","D","N","F","30","","DEMO STREET","","HALIFAX","CALDERDALE","WEST YORKSHIRE","A","A"
"{DEMO8C41-C11F-B20C-6F49-000000000176}",211400,"2019-08-15 00:00","HX5 9ND","S","N","F","37","","DEMO STREET","","HALIFAX","CALDERDALE","WEST YORKSHIRE","A","A"
"{DEMOF25C-0EAE-74EC-39B3-000000000177}",217200,"2019-08-15 00:00","HX5 5LN","D","N","F","77","","DEMO STREET","","HALIFAX","CALDERDALE","WEST YORKSHIRE","A","A"
"{DEMOB7CD-129B-AFAC-064B-000000000178}",32100,"2019-08-16 00:00","HX2 9HD","T","N","F","63","","DEMO STREET","","HALIFAX","CALDERDALE","WEST YORKSHIRE","A","A"
"{DEMO3A19-C9AC-F164-DFD7-000000000179}",56800,"2019-08-16 00:00","HX6 5QR","D","N","F","2","","DEMO STREET","","HALIFAX","CALDERDALE","WEST YORKSHIRE","A","A"
"{DEMOA6DC-BE6C-D5CE-67B6-00000000017A}",49300,"2019-08-16 00:00","HX6 4NR","T","N","F","101","","DEMO STREET","","HALIFAX","CALDERDALE","WEST YORKSHIRE","A","A"
"{DEMO3312-C3AA-76F3-03FD-00000000017B}",127900,"2019-08-16 00:00","HX2 0UU","D","N","F","7","","DEMO STREET","","HALIFAX","CALDERDALE","WEST YORKSHIRE","A","A"
"{DEMO5CCE-BEBF-DE15-E139-00000000017C}",144200,"2019-08-17 00:00","HX5 9ZX","S","N","F","96","","DEMO STREET","","HALIFAX","CALDERDALE","WEST YORKSHIRE","A","A"
"{DEMOCC32-37D7-94E7-38EB-00000000017D}",80200,"2019-08-18 00:00","HX6 7DY","D","N","F","26","","DEMO STREET","","HALIFAX","CALDERDALE","WEST YORKSHIRE","A","A"
"{DEMO6389-E135-2EC0-F792-00000000017E}",659400,"2019-08-20 00:00","HX5 2FY","T","N","F","75","","DEMO STREET","","HALIFAX","CALDERDALE","WEST YORKSHIRE","A","A"
"{DEMOC526-1C5C-97B8-5C4F-00000000017F}",140300,"2019-08-22 00:00","HX2 2RT","T","N","F","13","","DEMO STREET","","HALIFAX","CALDERDALE","WEST YORKSHIRE","A","A"
"{DEMOD559-5C81-7C48-250F-000000000180}",178500,"2019-08-22 00:00","HX7 3UQ","T","N","F","36","","DEMO STREET","","HALIFAX","CALDERDALE","WEST YORKSHIRE","A","A"
"{DEMOD6F1-3758-9533-84DE-000000000181}",84000,"2019-08-22 00:00","HX2 4XF","F","N","L","23","","DEMO STREET","","HALIFAX","CALDERDALE","WEST YORKSHIRE","A","A"
"{DEMO215E-41D6-0876-6201-000000000182}",62700,"2019-08-22 00:00","HX5 1SN","T","N","F","29","","DEMO STREET","","HALIFAX","CALDERDALE","WEST YORKSHIRE","A","A"
"{DEMO937A-F386-B493-B6D7-000000000183}",215300,"2019-08-23 00:00","HX6 7FQ","D","N","F","41","","DEMO STREET","","HALIFAX","CALDERDALE","WEST YORKSHIRE","A","A"
"{DEMOE9BE-F1E0-A764-1CD0-000000000184}",220700,"2019-08-24 00:00","HX2 0PF","S","N","F","119","","DEMO STREET","","HALIFAX","CALDERDALE","WEST YORKSHIRE","A","A"
"{DEMOCF7A-EC5E-A9B9-1DAB-000000000185}",110600,"2019-08-25 00:00","HX1 1WS","T","N","F","75","","DEMO STREET","","HALIFAX","CALDERDALE","WEST YORKSHIRE","A","A"
"{DEMOB1FB-1CCA-07F8-F1EE-000000000186}",106700,"2019-08-25 00:00","HX7 0XY","S","N","F","36","","DEMO STREET","","HALIFAX","CALDERDALE","WEST YORKSHIRE","A","A"
"{DEMOB717-EA33-52C1-A666-000000000187}",134700,"2019-08-25 00:00","HX2 5YH","S","N","F","55","","DEMO STREET","","HALIFAX","CALDERDALE","WEST YORKSHIRE","A","A"
"{DEMO27AD-9494-351B-0FDF-000000000188}",125200,"2019-08-25 00:00","HX5 9ZG","D","N","F","85","","DEMO STREET","","HALIFAX","CALDERDALE","WEST YORKSHIRE","A","A"
"{DEMOFA31-C6FF-F227-B654-000000000189}",119000,"2019-08-26 00:00","HX1 9UU","S","N","F","117","","DEMO STREET","","HALIFAX","CALDERDALE","WEST YORKSHIRE","A","A"
"{DEMO842B-B5D4-570B-C11F-00000000018A}",194100,"2019-08-26 00:00","HX2 1LH","D","N","F","44","","DEMO STREET","","HALIFAX","CALDERDALE","WEST YORKSHIRE","A","A"
"{DEMO8437-7F7A-428A-8B55-00000000018B}",255400,"2019-08-28 00:00","HX6 2EA","S","N","F","52","","DEMO STREET","","HALIFAX","CALDERDALE","WEST YORKSHIRE","A","A"
"{DEMOBFA4-7C46-2C54-96C9-00000000018C}",41400,"2019-09-02 00:00","HX6 4JU","S","N","F","98","","DEMO STREET","","HALIFAX","CALDERDALE","WEST YORKSHIRE","A","A"
"{DEMO9CE4-284F-DED4-1522-00000000018D}",46300,"2019-09-02 00:00","HX2 1LH","T","N","F","4","","DEMO STREET","","HALIFAX","CALDERDALE","WEST YORKSHIRE","A","A"
"{DEMO61E7-8F72-3624-BD07-00000000018E}",114100,"2019-09-02 00:00","HX5 9PX","T","N","F","41","","DEMO STREET","","HALIFAX","CALDERDALE","WEST YORKSHIRE","A","A"
"{DEMO1348-E6F3-B413-401C-00000000018F}",75300,"2019-09-04 00:00","HX3 6SA","T","N","F","82","","DEMO STREET","","HALIFAX","CALDERDALE","WEST YORKSHIRE","A","A"
"{DEMO2CAF-7A80-EFC4-EB95-000000000190}",53700,"2019-09-04 00:00","HX6 6LX","S","N","F","58","","DEMO STREET","","HALIFAX","CALDERDALE","WEST YORKSHIRE","A","A"
"{DEMO3AD5-ECB0-02AE-FEE6-000000000191}",142500,"2019-09-05 00:00","HX3 2TA","T","N","F","12","","DEMO STREET","","HALIFAX","CALDERDALE","WEST YORKSHIRE","A","A"
"{DEMODCD6-2234-BA46-CEF8-000000000192}",160800,"2019-09-05 00:00","HX5 5BE","S","N","F","63","","DEMO STREET","","HALIFAX","CALDERDALE","WEST YORKSHIRE","A","A"
"{DEMODD35-2F98-7E90-A3BB-000000000193}",75100,"2019-09-05 00:00","HX6 3FB","T","N","F","51","","DEMO STREET","","HALIFAX","CALDERDALE","WEST YORKSHIRE","A","A"
"{DEMODE5A-E808-9E19-7A1F-000000000194}",187200,"2019-09-07 00:00","HX1 8NT","D","N","F","51","","DEMO STREET","","HALIFAX","CALDERDALE","WEST YORKSHIRE","A","A"
"{DEMO3998-F672-6172-AD48-000000000195}",107600,"2019-09-09 00:00","HX6 6PY","S","N","F","112","","DEMO STREET","","HALIFAX","CALDERDALE","WEST YORKSHIRE","A","A"
"{DEMODF8E-DD64-3FE3-6A06-000000000196}",201500,"2019-09-09 00:00","HX5 2GH","T","N","F","45","","DEMO STREET","","HALIFAX","CALDERDALE","WEST YORKSHIRE","A","A"
"{DEMO04F4-1AA3-E830-8FC3-000000000197}",236300,"2019-09-09 00:00","HX7 3UQ","S","N","F","107","","DEMO STREET","","HALIFAX","CALDERDALE","WEST YORKSHIRE","A","A"
"{DEMOEDD1-F33D-2BAD-C12F-000000000198}",95600,"2019-09-10 00:00","HX7 4UL","T","N","F","39","","DEMO STREET","","HALIFAX","CALDERDALE","WEST YORKSHIRE","A","A"
"{DEMO5F18-FE8E-8A48-90C6-000000000199}",117000,"2019-09-10 00:00","HX2 2AZ","S","N","F","61","","DEMO STREET","","HALIFAX","CALDERDALE","WEST YORKSHIRE","A","A"
"{DEMOE770-37CC-1C2D-522B-00000000019A}",95500,"2019-09-10 00:00","HX6 2GJ","F","Y","L","60","","DEMO STREET","","HALIFAX","CALDERDALE","WEST YORKSHIRE","A","A"
"{DEMOC2B2-3A7F-9969-82C2-00000000019B}",498700,"2019-09-11 00:00","HX4 5EG","F","N","L","48","","DEMO STREET","","HALIFAX","CALDERDALE","WEST YORKSHIRE","A","A"
"{DEMOC9EA-6535-5FA4-EA3F-00000000019C}",79600,"2019-09-11 00:00","HX6 5QR","F","N","L","21","","DEMO STREET","","HALIFAX","CALDERDALE","WEST YORKSHIRE","A","A"
"{DEMO18D6-6995-F311-D3AA-00000000019D}",567700,"2019-09-11 00:00","HX7 9FE","S","N","F","114","","DEMO STREET","","HALIFAX","CALDERDALE","WEST YORKSHIRE","A","A"
"{DEMOA2EC-9284-5E6C-194A-00000000019E}",107000,"2019-09-14 00:00","HX6 6XQ","D","N","F","4","","DEMO STREET","","HALIFAX","CALDERDALE","WEST YORKSHIRE","A","A"
"{DEMO9182-4C22-3899-B4E4-00000000019F}",190300,"2019-09-14 00:00","HX5 9AS","S","N","F","84","","DEMO STREET","","HALIFAX","CALDERDALE","WEST YORKSHIRE","A","A"
"{DEMO4BC9-CE7F-AB4B-52F1-0000000001A0}",40500,"2019-09-15 00:00","HX5 5WZ","S","N","F","77","","DEMO STREET","","HALIFAX","CALDERDALE","WEST YORKSHIRE","A","A"
"{DEMOAF47-C480-23AD-75B0-0000000001A1}",523600,"2019-09-15 00:00","HX6 2GJ","F","N","L","96","","DEMO STREET","","HALIFAX","CALDERDALE","WEST YORKSHIRE","A","A"
"{DEMO0DF1-A0C9-FDCF-E9AB-0000000001A2}",288500,"2019-09-15 00:00","HX2 9PN","T","N","F","82","","DEMO STREET","","HALIFAX","CALDERDALE","WEST YORKSHIRE","A","A"
"{DEMOCCB2-6C20-DBF5-8301-0000000001A3}",552500,"2019-09-15 00:00","HX3 2QF","T","N","F","115","","DEMO STREET","","HALIFAX","CALDERDALE","WEST YORKSHIRE","A","A"
"{DEMO3062-CD6C-87EB-0056-0000000001A4}",47600,"2019-09-15 00:00","HX7 0AU","S","Y","F","91","","DEMO STREET","","HALIFAX","CALDERDALE","WEST YORKSHIRE","A","A"
"{DEMO83D6-94B0-6857-70E5-0000000001A5}",215200,"2019-09-17 00:00","HX7 5NX","D","N","F","15","","DEMO STREET","","HALIFAX","CALDERDALE","WEST YORKSHIRE","A","A"
"{DEMOF895-1BA2-5E90-3A9A-0000000001A6}",96100,"2019-09-19 00:00","HX7 6UU","T","N","F","42","","DEMO STREET","","HALIFAX","CALDERDALE","WEST YORKSHIRE","A","A"
"{DEMODA1E-BB81-90CC-2133-0000000001A7}",44900,"2019-09-20 00:00","HX4 3UT","T","N","F","74","","DEMO STREET","","HALIFAX","CALDERDALE","WEST YORKSHIRE","A","A"
"{DEMO4560-4CC7-45D2-483D-0000000001A8}",197200,"2019-09-21 00:00","HX5 0QY","S","N","F","22","","DEMO STREET","","HALIFAX","CALDERDALE","WEST YORKSHIRE","A","A"
"{DEMOD32F-A33E-97EA-80AC-0000000001A9}",243800,"2019-09-21 00:00","HX1 3JL","S","N","F","87","","DEMO STREET","","HALIFAX","CALDERDALE","WEST YORKSHIRE","A","A"
"{DEMO5829-73B2-E89D-73B4-0000000001AA}",97600,"2019-09-22 00:00","HX4 1ZW","S","N","F","42","","DEMO STREET","","HALIFAX","CALDERDALE","WEST YORKSHIRE","A","A"
"{DEMOF6EE-EC69-32C7-869C-0000000001AB}",159000,"2019-09-22 00:00","HX7 3SY","S","N","F","54","","DEMO STREET","","HALIFAX","CALDERDALE","WEST YORKSHIRE","A","A"
"{DEMOA2FD-83E3-E909-B36E-0000000001AC}",247300,"2019-09-23 00:00","HX2 0EA","S","N","F","47","","DEMO STREET","","HALIFAX","CALDERDALE","WEST YORKSHIRE","A","A"
"{DEMO6774-FA69-F181-4853-0000000001AD}",211100,"2019-09-23 00:00","HX4 9YW","T","N","F","9","","DEMO STREET","","HALIFAX","CALDERDALE","WEST YORKSHIRE","A","A"
"{DEMO2529-E976-B178-EDBE-0000000001AE}",70800,"2019-09-24 00:00","HX6 6PY","D","N","F","47","","DEMO STREET","","HALIFAX","CALDERDALE","WEST YORKSHIRE","A","A"
"{DEMO6656-1AD8-AC2A-CA5F-0000000001AF}",60800,"2019-09-24 00:00","HX3 9FR","S","N","F","21","","DEMO STREET","","HALIFAX","CALDERDALE","WEST YORKSHIRE","A","A"
"{DEMO2534-5BA1-0A38-B4A7-0000000001B0}",121100,"2019-09-25 00:00","HX3 4TN","F","N","L","66","","DEMO STREET","","HALIFAX","CALDERDALE","WEST YORKSHIRE","A","A"
"{DEMOF7CD-8890-44DA-3381-0000000001B1}",149900,"2019-09-25 00:00","HX5 0QY","T","N","F","1","","DEMO STREET","","HALIFAX","CALDERDALE","WEST YORKSHIRE","A","A"
"{DEMOC2A6-36DE-385D-9EDF-0000000001B2}",101100,"2019-09-26 00:00","HX2 3AG","S","N","F","15","","DEMO STREET","","HALIFAX","CALDERDALE","WEST YORKSHIRE","A","A"
"{DEMO0467-09CC-5DAF-B171-0000000001B3}",124100,"2019-09-26 00:00","HX6 7FQ","F","N","L","9","","DEMO STREET","","HALIFAX","CALDERDALE","WEST YORKSHIRE","A","A"
"{DEMO9115-92FA-2057-0CF9-0000000001B4}",139700,"2019-09-26 00:00","HX7 3UA","S","N","F","100","","DEMO STREET","","HALIFAX","CALDERDALE","WEST YORKSHIRE","A","A"
"{DEMOF2FF-41F5-7956-E6C7-0000000001B5}",211000,"2019-09-27 00:00","HX6 9RP","T","N","F","112","","DEMO STREET","","HALIFAX","CALDERDALE","WEST YORKSHIRE","A","A"
"{DEMOB4FE-A1E9-9B1A-0838-0000000001B6}",773500,"2019-09-27 00:00","HX6 2YJ","S","N","F","44","","DEMO STREET","","HALIFAX","CALDERDALE","WEST YORKSHIRE","A","A"
"{DEMO5568-C1F8-70D2-14F5-0000000001B7}",245700,"2019-09-28 00:00","HX1 6DP","S","N","F","31","","DEMO STREET","","HALIFAX","CALDERDALE","WEST YORKSHIRE","A","A"
"{DEMOF92B-4A5E-AD8D-5BBB-0000000001B8}",91700,"2019-10-01 00:00","HX2 6JG","T","N","F","115","","DEMO STREET","","HALIFAX","CALDERDALE","WEST YORKSHIRE","A","A"
"{DEMO7E2C-36AE-6641-046F-0000000001B9}",111900,"2019-10-02 00:00","HX2 1WY","D","N","F","2","","DEMO STREET","","HALIFAX","CALDERDALE","WEST YORKSHIRE","A","A"
"{DEMO9D3C-864D-F2C5-A68B-0000000001BA}",268000,"2019-10-02 00:00","HX1 8NT","S","N","F","108","","DEMO STREET","","HALIFAX","CALDERDALE","WEST YORKSHIRE","A","A"
"{DEMO9216-8AB2-AB51-0855-0000000001BB}",182500,"2019-10-03 00:00","HX4 8PH","T","N","F","25","","DEMO STREET","","HALIFAX","CALDERDALE","WEST YORKSHIRE","A","A"
"{DEMO9DCC-43EB-0C1B-60A2-0000000001BC}",185600,"2019-10-04 00:00","HX1 1ET","S","N","F","26","","DEMO STREET","","HALIFAX","CALDERDALE","WEST YORKSHIRE","A","A"
"{DEMO5B1D-28BC-44AB-412F-0000000001BD}",60400,"2019-10-04 00:00","HX3 4SF","T","N","F","80","","DEMO STREET","","HALIFAX","CALDERDALE","WEST YORKSHIRE","A","A"
"{DEMO4606-73A6-71AE-1610-0000000001BE}",119400,"2019-10-05 00:00","HX5 2WG","T","N","F","16","","DEMO STREET","","HALIFAX","CALDERDALE","WEST YORKSHIRE","A","A"
"{DEMOEEA4-DC22-A2D7-91B1-0000000001BF}",587200,"2019-10-05 00:00","HX7 3RQ","D","N","F","49","","DEMO STREET","","HALIFAX","CALDERDALE","WEST YORKSHIRE","A","A"
"{DEMOF0D2-1AA8-C10D-2F21-0000000001C0}",177700,"2019-10-05 00:00","HX7 7LP","T","N","F","51","","DEMO STREET","","HALIFAX","CALDERDALE","WEST YORKSHIRE","A","A"
"{DEMO1B81-7A10-2820-A2BE-0000000001C1}",145200,"2019-10-05 00:00","HX3 3DT","S","N","F","120","","DEMO STREET","","HALIFAX","CALDERDALE","WEST YORKSHIRE","A","A"
"{DEMOCEE5-6468-FA1A-9795-0000000001C2}",297500,"2019-10-06 00:00","HX6 3HR","D","N","F","12","","DEMO STREET","","HALIFAX","CALDERDALE","WEST YORKSHIRE","A","A"
"{DEMOB1B2-7B57-2AAC-9BF6-0000000001C3}",197900,"2019-10-07 00:00","HX5 4ZB","D","N","F","39","","DEMO STREET","","HALIFAX","CALDERDALE","WEST YORKSHIRE","A","A"
"{DEMO7DD5-F70E-9211-F9B2-0000000001C4}",135300,"2019-10-07 00:00","HX6 5ST","F","N","L","87","","DEMO STREET","","HALIFAX","CALDERDALE","WEST YORKSHIRE","A","A"
"{DEMOA946-7668-1000-F7D6-0000000001C5}",232900,"2019-10-08 00:00","HX1 2AE","D","N","F","4","","DEMO STREET","","HALIFAX","CALDERDALE","WEST YORKSHIRE","A","A"
"{DEMOBCBD-4B3B-4108-B01C-0000000001C6}",53300,"2019-10-08 00:00","HX3 8BX","T","N","F","106","","DEMO STREET","","HALIFAX","CALDERDALE","WEST YORKSHIRE","A","A"
"{DEMO1A3F-C7C1-75BF-8363-0000000001C7}",432900,"2019-10-09 00:00","HX4 7DP","S","N","F","38","","DEMO STREET","","HALIFAX","CALDERDALE","WEST YORKSHIRE","A","A"
"{DEMO7640-6A40-92CE-E6E0-0000000001C8}",129200,"2019-10-09 00:00","HX4 9SD","S","N","F","13","","DEMO STREET","","HALIFAX","CALDERDALE","WEST YORKSHIRE","A","A"
"{DEMO8444-FC0D-1DD8-2A96-0000000001C9}",21000,"2019-10-09 00:00","HX2 5JS","S","N","F","111","","DEMO STREET","","HALIFAX","CALDERDALE","WEST YORKSHIRE","A","A"
"{DEMO7A10-703E-87CC-9B49-0000000001CA}",126300,"2019-10-10 00:00","HX4 8PJ","S","N","F","16","","DEMO STREET","","HALIFAX","CALDERDALE","WEST YORKSHIRE","A","A"
"{DEMO34E3-319A-74FD-0E79-0000000001CB}",269600,"2019-10-10 00:00","HX3 2RS","F","N","L","12","","DEMO STREET","","HALIFAX","CALDERDALE","WEST YORKSHIRE","A","A"
"{DEMO5404-FEEA-A272-766F-0000000001CC}",206100,"2019-10-10 00:00","HX7 4DP","D","N","F","23","","DEMO STREET","","HALIFAX","CALDERDALE","WEST YORKSHIRE","A","A"
"{DEMO4A0A-9A5E-8A9B-0ECE-0000000001CD}",148100,"2019-10-11 00:00","HX4 6QX","S","N","F","87","","DEMO STREET","","HALIFAX","CALDERDALE","WEST YORKSHIRE","A","A"
"{DEMO1BE3-1F20-0A67-0335-0000000001CE}",157600,"2019-10-11 00:00","HX5 0YA","S","N","F","10","","DEMO STREET","","HALIFAX","CALDERDALE","WEST YORKSHIRE","A","A"
"{DEMOC403-B080-A881-0B80-0000000001CF}",221800,"2019-10-11 00:00","HX2 3PY","D","N","F","3","","DEMO STREET","","HALIFAX","CALDERDALE","WEST YORKSHIRE","A","A"
"{DEMO5AC0-8568-F0CE-067F-0000000001D0}",126900,"2019-10-12 00:00","HX5 0RE","F","N","L","33","","DEMO STREET","","HALIFAX","CALDERDALE","WEST YORKSHIRE","A","A"
"{DEMO8A24-E8EC-EC1B-7B80-0000000001D1}",159700,"2019-10-13 00:00","HX2 4PA","T","N","F","27","","DEMO STREET","","HALIFAX","CALDERDALE","WEST YORKSHIRE","A","A"
"{DEMOE37D-4E1E-215D-7D0C-0000000001D2}",108400,"2019-10-14 00:00","HX1 3NE","T","N","F","36","","DEMO STREET","","HALIFAX","CALDERDALE","WEST YORKSHIRE","A","A"
"{DEMOBD3C-5531-82CB-F173-0000000001D3}",89900,"2019-10-14 00:00","HX2 1LH","S","N","F","101","","DEMO STREET","","HALIFAX","CALDERDALE","WEST YORKSHIRE","A","A"
"{DEMOCAFF-30AB-BB45-5436-0000000001D4}",301700,"2019-10-14 00:00","HX1 3ZW","S","N","F","51","","DEMO STREET","","HALIFAX","CALDERDALE","WEST YORKSHIRE","A","A"
"{DEMO53FD-8696-03A4-5ACA-0000000001D5}",132800,"2019-10-16 00:00","HX3 1HW","D","N","F","27","","DEMO STREET","","HALIFAX","CALDERDALE","WEST YORKSHIRE","A","A"
"{DEMO49D0-0F21-FEA9-A4B4-0000000001D6}",189100,"2019-10-17 00:00","HX2 5QD","S","N","F","23","","DEMO STREET","","HALIFAX","CALDERDALE","WEST YORKSHIRE","A","A"
"{DEMO3305-C491-9159-AE62-0000000001D7}",123000,"2019-10-17 00:00","HX1 6UP","T","N","F","115","","DEMO STREET","","HALIFAX","CALDERDALE","WEST YORKSHIRE","A","A"
"{DEMO33B4-32DE-A720-48D2-0000000001D8}",160000,"2019-10-17 00:00","HX1 3JL","T","N","F","20","","DEMO STREET","","HALIFAX","CALDERDALE","WEST YORKSHIRE","A","A"
"{DEMO904B-91B3-8AFD-2BDF-0000000001D9}",255200,"2019-10-17 00:00","HX4 7HF","F","N","L","78","","DEMO STREET","","HALIFAX","CALDERDALE","WEST YORKSHIRE","A","A"
"{DEMO861E-9B03-13B0-8014-0000000001DA}",132600,"2019-10-18 00:00","HX6 5BX","S","N","F","58","","DEMO STREET","","HALIFAX","CALDERDALE","WEST YORKSHIRE","A","A"
"{DEMO90CE-0F0C-7EF6-44B2-0000000001DB}",260800,"2019-10-18 00:00","HX2 6UP","S","N","F","8","","DEMO STREET","","HALIFAX","CALDERDALE","WEST YORKSHIRE","A","A"
"{DEMOBE5D-77EA-28EC-937E-0000000001DC}",62500,"2019-10-19 00:00","HX2 9RU","S","N","F","21","","DEMO STREET","","HALIFAX","CALDERDALE","WEST YORKSHIRE","A","A"
"{DEMO8E3B-AA25-81AD-2A05-0000000001DD}",115000,"2019-10-20 00:00","HX6 8FQ","F","N","L","116","","DEMO STREET","","HALIFAX","CALDERDALE","WEST YORKSHIRE","A","A"
"{DEMO00DD-7E1E-AE4C-BD66-0000000001DE}",272500,"2019-10-20 00:00","HX4 0WL","S","N","F","21","","DEMO STREET","","HALIFAX","CALDERDALE","WEST YORKSHIRE","A","A"
"{DEMO7805-F236-E6F2-ED34-0000000001DF}",136000,"2019-10-20 00:00","HX6 4JU","T","N","F","34","","DEMO STREET","","HALIFAX","CALDERDALE","WEST YORKSHIRE","A","A"
"{DEMO2956-0442-D86A-A879-0000000001E0}",58000,"2019-10-20 00:00","HX2 1WY","D","N","F","75","","DEMO STREET","","HALIFAX","CALDERDALE","WEST YORKSHIRE","A","A"
"{DEMO97FC-B511-0448-EBFF-0000000001E1}",106600,"2019-10-21 00:00","HX5 9LJ","S","N","F","85","","DEMO STREET","","HALIFAX","CALDERDALE","WEST YORKSHIRE","A","A"
"{DEMOBA9E-9FBE-1D72-7054-0000000001E2}",354700,"2019-10-22 00:00","HX6 4NR","T","N","F","20","","DEMO STREET","","HALIFAX","CALDERDALE","WEST YORKSHIRE","A","A"
"{DEMO3864-E855-9F57-9AB1-0000000001E3}",206900,"2019-10-23 00:00","HX3 0PJ","D","N","F","13","","DEMO STREET","","HALIFAX","CALDERDALE","WEST YORKSHIRE","A","A"
"{DEMO5197-3CA4-6567-E22B-0000000001E4}",140700,"2019-10-23 00:00","HX6 6UU","T","Y","F","50","","DEMO STREET","","HALIFAX","CALDERDALE","WEST YORKSHIRE","A","A"
"{DEMO6E2B-0C62-00EB-CBB1-0000000001E5}",76000,"2019-10-24 00:00","HX5 0ZG","S","N","F","18","","DEMO STREET","","HALIFAX","CALDERDALE","WEST YORKSHIRE","A","A"
"{DEMO8380-C2AD-4B88-FFB7-0000000001E6}",69900,"2019-10-24 00:00","HX4 0TZ","D","N","F","69","","DEMO STREET","","HALIFAX","CALDERDALE","WEST YORKSHIRE","A","A"
"{DEMOB11A-2F0E-F848-57DA-0000000001E7}",105900,"2019-10-24 00:00","HX2 4FU","D","N","F","65","","DEMO STREET","","HALIFAX","CALDERDALE","WEST YORKSHIRE","A","A"
"{DEMOF637-D927-1985-079C-0000000001E8}",75400,"2019-10-25 00:00","HX2 3ZG","S","N","F","11","","DEMO STREET","","HALIFAX","CALDERDALE","WEST YORKSHIRE","A","A"
"{DEMO670C-1148-9153-E8C9-0000000001E9}",136700,"2019-10-25 00:00","HX6 5WE","D","N","F","68","","DEMO STREET","","HALIFAX","CALDERDALE","WEST YORKSHIRE","A","A"
"{DEMO52E6-B294-B723-EA1F-0000000001EA}",110500,"2019-10-25 00:00","HX2 4GX","S","N","F","90","","DEMO STREET","","HALIFAX","CALDERDALE","WEST YORKSHIRE","A","A"
"{DEMO08BF-0588-C73A-489A-0000000001EB}",322700,"2019-10-27 00:00","HX3 3JH","T","N","F","64","","DEMO STREET","","HALIFAX","CALDERDALE","WEST YORKSHIRE","A","A"
"{DEMO4AF2-E7CB-28EC-5DEB-0000000001EC}",64000,"2019-10-27 00:00","HX2 4AU","S","N","F","53","","DEMO STREET","","HALIFAX","CALDERDALE","WEST YORKSHIRE","A","A"
"{DEMO5E18-5145-6EBD-CF5C-0000000001ED}",231200,"2019-10-27 00:00","HX3 4YX","D","Y","F","88","","DEMO STREET","","HALIFAX","CALDERDALE","WEST YORKSHIRE","A","A"
"{DEMO2762-9642-A5BA-7036-0000000001EE}",20900,"2019-10-28 00:00","HX2 1WY","D","N","F","21","","DEMO STREET","","HALIFAX","CALDERDALE","WEST YORKSHIRE","A","A"
"{DEMO9957-0E7B-F580-1E49-0000000001EF}",109500,"2019-11-01 00:00","HX6 9UT","S","N","F","56","","DEMO STREET","","HALIFAX","CALDERDALE","WEST YORKSHIRE","A","A"
"{DEMO3727-301A-16A6-6D8C-0000000001F0}",187100,"2019-11-01 00:00","HX1 1WS","D","N","F","44","","DEMO STREET","","HALIFAX","CALDERDALE","WEST YORKSHIRE","A","A"
"{DEMO59A4-057A-ED43-8D8F-0000000001F1}",110500,"2019-11-03 00:00","HX7 3GH","T","N","F","75","","DEMO STREET","","HALIFAX","CALDERDALE","WEST YORKSHIRE","A","A"
"{DEMO8CA4-08D0-4FE0-264D-0000000001F2}",113100,"2019-11-03 00:00","HX6 5XD","S","N","F","79","","DEMO STREET","","HALIFAX","CALDERDALE","WEST YORKSHIRE","A","A"
"{DEMOA621-F0DD-E227-DBCC-0000000001F3}",117100,"2019-11-04 00:00","HX1 0RJ","S","N","F","104","","DEMO STREET","","HALIFAX","CALDERDALE","WEST YORKSHIRE","A","A"
"{DEMOB6AB-787E-4298-9611-0000000001F4}",48400,"2019-11-05 00:00","HX2 2ES","F","N","L","101","","DEMO STREET","","HALIFAX","CALDERDALE","WEST YORKSHIRE","A","A"
"{DEMO3D85-372D-205A-7916-0000000001F5}",115400,"2019-11-05 00:00","HX6 4ZZ","S","Y","F","5","","DEMO STREET","","HALIFAX","CALDERDALE","WEST YORKSHIRE","A","A"
"{DEMO9088-4DDB-33A9-4604-0000000001F6}",132100,"2019-11-06 00:00","HX3 1EP","S","N","F","31","","DEMO STREET","","HALIFAX","CALDERDALE","WEST YORKSHIRE","A","A"
"{DEMO4E2E-471E-BB8A-8838-0000000001F7}",56400,"2019-11-06 00:00","HX3 8BX","T","N","F","64","","DEMO STREET","","HALIFAX","CALDERDALE","WEST YORKSHIRE","A","A"
"{DEMO577B-358A-60E0-1B53-0000000001F8}",190900,"2019-11-06 00:00","HX6 5JB","T","N","F","63","","DEMO STREET","","HALIFAX","CALDERDALE","WEST YORKSHIRE","A","A"
"{DEMO29E2-A497-07D0-89CF-0000000001F9}",141400,"2019-11-07 00:00","HX6 7ZZ","T","N","F","87","","DEMO STREET","","HALIFAX","CALDERDALE","WEST YORKSHIRE","A","A"
"{DEMOD688-ED0D-5585-CED7-0000000001FA}",103900,"2019-11-07 00:00","HX3 1AT","S","N","F","104","","DEMO STREET","","HALIFAX","CALDERDALE","WEST YORKSHIRE","A","A"
"{DEMOC316-EF46-B5CF-BDCE-0000000001FB}",306600,"2019-11-08 00:00","HX5 9LJ","T","N","F","119","","DEMO STREET","","HALIFAX","CALDERDALE","WEST YORKSHIRE","A","A"
"{DEMO5158-C75B-9C9C-4A16-0000000001FC}",101000,"2019-11-08 00:00","HX6 7FQ","F","N","L","60","","DEMO STREET","","HALIFAX","CALDERDALE","WEST YORKSHIRE","A","A"
"{DEMOF8E4-6E93-932B-C6DB-0000000001FD}",142700,"2019-11-09 00:00","HX1 2YA","D","N","F","55","","DEMO STREET","","HALIFAX","CALDERDALE","WEST YORKSHIRE","A","A"
"{DEMO38E9-E520-F1F0-66E6-0000000001FE}",59500,"2019-11-09 00:00","HX1 2YA","S","N","F","5","","DEMO STREET","","HALIFAX","CALDERDALE","WEST YORKSHIRE","A","A"
"{DEMO06B7-2B78-D985-32DE-0000000001FF}",95600,"2019-11-11 00:00","HX6 6XU","T","N","F","22","","DEMO STREET","","HALIFAX","CALDERDALE","WEST YORKSHIRE","A","A"
"{DEMOF271-9BBE-6D99-CBDC-000000000200}",112100,"2019-11-11 00:00","HX4 4BU","S","N","F","115","","DEMO STREET","","HALIFAX","CALDERDALE","WEST YORKSHIRE","A","A"
"{DEMOA011-4A71-A16D-2EE2-000000000201}",372800,"2019-11-11 00:00","HX4 6XY","T","N","F","24","","DEMO STREET","","HALIFAX","CALDERDALE","WEST YORKSHIRE","A","A"
"{DEMOEE17-8186-713B-117E-000000000202}",167900,"2019-11-12 00:00","HX6 8WY","F","N","L","42","","DEMO STREET","","HALIFAX","CALDERDALE","WEST YORKSHIRE","A","A"
"{DEMO8D4D-A615-E878-5A27-000000000203}",37100,"2019-11-13 00:00","HX3 8QF","D","N","F","8","","DEMO STREET","","HALIFAX","CALDERDALE","WEST YORKSHIRE","A","A"
"{DEMO9F76-24C6-CE37-2276-000000000204}",324600,"2019-11-13 00:00","HX3 3DN","S","N","F","73","","DEMO STREET","","HALIFAX","CALDERDALE","WEST YORKSHIRE","A","A"
"{DEMOD4CF-AC79-D363-6692-000000000205}",410100,"2019-11-14 00:00","HX2 5GQ","S","Y","F","9","","DEMO STREET","","HALIFAX","CALDERDALE","WEST YORKSHIRE","A","A"
"{DEMOB559-ED69-8C88-F2C8-000000000206}",32000,"2019-11-15 00:00","HX4 5JJ","S","N","F","109","","DEMO STREET","","HALIFAX","CALDERDALE","WEST YORKSHIRE","A","A"
"{DEMOB25F-9479-8D29-CFB2-000000000207}",127400,"2019-11-15 00:00","HX2 4PA","S","N","F","16","","DEMO STREET","","HALIFAX","CALDERDALE","WEST YORKSHIRE","A","A"
"{DEMO720D-89C9-F6E6-DD6C-000000000208}",94800,"2019-11-16 00:00","HX1 0ZA","T","N","F","60","","DEMO STREET","","HALIFAX","CALDERDALE","WEST YORKSHIRE","A","A"
"{DEMO1A70-7465-449A-7709-000000000209}",200200,"2019-11-16 00:00","HX2 1LH","F","N","L","49","","DEMO STREET","","HALIFAX","CALDERDALE","WEST YORKSHIRE","A","A"
"{DEMO2995-9E98-BC6D-8656-00000000020A}",42700,"2019-11-17 00:00","HX6 4AP","T","N","F","32","","DEMO STREET","","HALIFAX","CALDERDALE","WEST YORKSHIRE","A","A"
"{DEMOC201-05B4-C58A-C804-00000000020B}",227200,"2019-11-17 00:00","HX6 7ZZ","T","N","F","83","","DEMO STREET","","HALIFAX","CALDERDALE","WEST YORKSHIRE","A","A"
"{DEMO92F5-3CCE-4008-4516-00000000020C}",43700,"2019-11-17 00:00","HX3 1PZ","D","N","F","114","","DEMO STREET","","HALIFAX","CALDERDALE","WEST YORKSHIRE","A","A"
"{DEMOAF3D-9EBE-FC3C-16B2-00000000020D}",415700,"2019-11-18 00:00","HX7 5AU","T","N","F","21","","DEMO STREET","","HALIFAX","CALDERDALE","WEST YORKSHIRE","A","A"
"{DEMOAA97-3E25-2A1C-7E82-00000000020E}",228500,"2019-11-18 00:00","HX3 2RS","S","N","F","91","","DEMO STREET","","HALIFAX","CALDERDALE","WEST YORKSHIRE","A","A"
"{DEMO9986-C913-9286-8A61-00000000020F}",65100,"2019-11-18 00:00","HX3 4YX","F","N","L","5","","DEMO STREET","","HALIFAX","CALDERDALE","WEST YORKSHIRE","A","A"
"{DEMO9554-1B17-F16A-B667-000000000210}",127300,"2019-11-19 00:00","HX2 0XS","T","N","F","25","","DEMO STREET","","HALIFAX","CALDERDALE","WEST YORKSHIRE","A","A"
"{DEMO634D-CACE-DD10-77F4-000000000211}",104400,"2019-11-20 00:00","HX6 2GX","D","N","F","55","","DEMO STREET","","HALIFAX","CALDERDALE","WEST YORKSHIRE","A","A"
"{DEMO56BC-53AF-4FDC-7BAF-000000000212}",66900,"2019-11-21 00:00","HX4 1ZW","D","N","F","90","","DEMO STREET","","HALIFAX","CALDERDALE","WEST YORKSHIRE","A","A"
"{DEMO69B6-D21B-06E0-72A3-000000000213}",75000,"2019-11-21 00:00","HX3 4SF","F","N","L","116","","DEMO STREET","","HALIFAX","CALDERDALE","WEST YORKSHIRE","A","A"
"{DEMO14A5-5021-9842-2027-000000000214}",77000,"2019-11-21 00:00","HX7 0XY","S","N","F","52","","DEMO STREET","","HALIFAX","CALDERDALE","WEST YORKSHIRE","A","A"
"{DEMO522E-F172-1A4C-A39D-000000000215}",100100,"2019-11-21 00:00","HX1 6PP","S","N","F","67","","DEMO STREET","","HALIFAX","CALDERDALE","WEST YORKSHIRE","A","A"
"{DEMO415B-D194-FF1F-522D-000000000216}",443800,"2019-11-22 00:00","HX5 9LJ","D","N","F","56","","DEMO STREET","","HALIFAX","CALDERDALE","WEST YORKSHIRE","A","A"
"{DEMO428E-1FEA-E9FB-64BF-000000000217}",154200,"2019-11-22 00:00","HX3 2SG","T","N","F","76","","DEMO STREET","","HALIFAX","CALDERDALE","WEST YORKSHIRE","A","A"
"{DEMOBAF6-AC4F-5CC5-0CD5-000000000218}",173700,"2019-11-23 00:00","HX6 6UU","D","N","F","33","","DEMO STREET","","HALIFAX","CALDERDALE","WEST YORKSHIRE","A","A"
"{DEMOD11C-7627-12D4-1E09-000000000219}",84000,"2019-11-23 00:00","HX2 5US","F","N","L","41","","DEMO STREET","","HALIFAX","CALDERDALE","WEST YORKSHIRE","A","A"
"{DEMOF8E0-7BD6-12AE-FFB2-00000000021A}",171300,"2019-11-24 00:00","HX4 1UA","S","N","F","57","","DEMO STREET","","HALIFAX","CALDERDALE","WEST YORKSHIRE","A","A"
"{DEMO8771-11D5-7238-38BC-00000000021B}",211600,"2019-11-27 00:00","HX7 6TW","S","N","F","65","","DEMO STREET","","HALIFAX","CALDERDALE","WEST YORKSHIRE","A","A"
"{DEMO4F4B-49EC-1F85-03C3-00000000021C}",58000,"2019-11-27 00:00","HX6 0UE","T","N","F","5","","DEMO STREET","","HALIFAX","CALDERDALE","WEST YORKSHIRE","A","A"
"{DEMO90B6-9EE7-C743-0FC3-00000000021D}",82600,"2019-11-28 00:00","HX2 6UB","S","N","F","55","","DEMO STREET","","HALIFAX","CALDERDALE","WEST YORKSHIRE","A","A"
"{DEMO5C29-2CC3-A87F-6517-00000000021E}",32800,"2019-11-28 00:00","HX5 8BP","T","N","F","20","","DEMO STREET","","HALIFAX","CALDERDALE","WEST YORKSHIRE","A","A"
"{DEMOA843-368E-85A7-937F-00000000021F}",93100,"2019-12-02 00:00","HX3 5UY","D","N","F","56","","DEMO STREET","","HALIFAX","CALDERDALE","WEST YORKSHIRE","A","A"
"{DEMO31FF-ADF1-5B48-7C5B-000000000220}",243400,"2019-12-03 00:00","HX3 6RR","F","N","L","59","","DEMO STREET","","HALIFAX","CALDERDALE","WEST YORKSHIRE","A","A"
"{DEMO1945-936B-0EB7-E2C2-000000000221}",269800,"2019-12-04 00:00","HX4 8PH","F","N","L","15","","DEMO STREET","","HALIFAX","CALDERDALE","WEST YORKSHIRE","A","A"
"{DEMOE5F7-43DD-E006-1001-000000000222}",408000,"2019-12-05 00:00","HX1 8PX","T","N","F","120","","DEMO STREET","","HALIFAX","CALDERDALE","WEST YORKSHIRE","A","A"
"{DEMO6A6A-3406-2E9F-784D-000000000223}",91400,"2019-12-05 00:00","HX6 0JY","F","N","L","112","","DEMO STREET","","HALIFAX","CALDERDALE","WEST YORKSHIRE","A","A"
"{DEMOCB72-8AEC-E1E6-226F-000000000224}",303500,"2019-12-05 00:00","HX7 0XY","T","Y","F","74","","DEMO STREET","","HALIFAX","CALDERDALE","WEST YORKSHIRE","A","A"
"{DEMOD9CE-8D53-EE2E-FED8-000000000225}",77000,"2019-12-07 00:00","HX2 5UJ","S","N","F","33","","DEMO STREET","","HALIFAX","CALDERDALE","WEST YORKSHIRE","A","A"
"{DEMOBD92-69C6-FF24-7230-000000000226}",246800,"2019-12-07 00:00","HX3 6AR","T","N","F","50","","DEMO STREET","","HALIFAX","CALDERDALE","WEST YORKSHIRE","A","A"
"{DEMOFE0C-EC56-9C55-02D5-000000000227}",169900,"2019-12-08 00:00","HX7 3ZJ","S","N","F","43","","DEMO STREET","","HALIFAX","CALDERDALE","WEST YORKSHIRE","A","A"
"{DEMOCCEE-6FEF-2727-800E-000000000228}",247900,"2019-12-08 00:00","HX5 7QF","S","N","F","3","","DEMO STREET","","HALIFAX","CALDERDALE","WEST YORKSHIRE","A","A"
"{DEMO9949-68C9-FE04-AC38-000000000229}",128100,"2019-12-08 00:00","HX4 6XA","F","N","L","79","","DEMO STREET","","HALIFAX","CALDERDALE","WEST YORKSHIRE","A","A"
"{DEMO0213-8437-8CB0-A056-00000000022A}",80300,"2019-12-09 00:00","HX2 9RZ","D","N","F","51","","DEMO STREET","","HALIFAX","CALDERDALE","WEST YORKSHIRE","A","A"
"{DEMO61B9-D844-C36B-7A00-00000000022B}",152000,"2019-12-11 00:00","HX2 1RJ","D","N","F","72","","DEMO STREET","","HALIFAX","CALDERDALE","WEST YORKSHIRE","A","A"
"{DEMO9282-393A-863F-DC12-00000000022C}",87100,"2019-12-12 00:00","HX5 6SY","F","N","L","118","","DEMO STREET","","HALIFAX","CALDERDALE","WEST YORKSHIRE","A","A"
"{DEMO92B2-6237-386F-1704-00000000022D}",211300,"2019-12-12 00:00","HX3 1PS","S","N","F","27","","DEMO STREET","","HALIFAX","CALDERDALE","WEST YORKSHIRE","A","A"
"{DEMO74BC-0625-29CA-DBD7-00000000022E}",99200,"2019-12-12 00:00","HX7 4DP","D","N","F","99","","DEMO STREET","","HALIFAX","CALDERDALE","WEST YORKSHIRE","A","A"
"{DEMO54B0-377B-EBEA-1B12-00000000022F}",189600,"2019-12-12 00:00","HX4 0NX","D","N","F","65","","DEMO STREET","","HALIFAX","CALDERDALE","WEST YORKSHIRE","A","A"
"{DEMOCF51-5D21-412C-DEB1-000000000230}",81800,"2019-12-15 00:00","HX4 1WG","S","N","F","48","","DEMO STREET","","HALIFAX","CALDERDALE","WEST YORKSHIRE","A","A"
"{DEMOB789-47D5-544E-81FD-000000000231}",141000,"2019-12-15 00:00","HX5 9NP","S","Y","F","66","","DEMO STREET","","HALIFAX","CALDERDALE","WEST YORKSHIRE","A","A"
"{DEMOCF0A-FC82-6E4B-CE27-000000000232}",211300,"2019-12-16 00:00","HX1 6PP","D","N","F","112","","DEMO STREET","","HALIFAX","CALDERDALE","WEST YORKSHIRE","A","A"
"{DEMO3A5E-2292-4DAC-0AA6-000000000233}",95100,"2019-12-16 00:00","HX3 1JT","F","N","L","74","","DEMO STREET","","HALIFAX","CALDERDALE","WEST YORKSHIRE","A","A"
"{DEMO853E-066B-962C-DD61-000000000234}",57300,"2019-12-17 00:00","HX6 8TJ","D","N","F","92","","DEMO STREET","","HALIFAX","CALDERDALE","WEST YORKSHIRE","A","A"
"{DEMOF926-3428-2729-9520-000000000235}",520100,"2019-12-17 00:00","HX4 2UT","S","N","F","37","","DEMO STREET","","HALIFAX","CALDERDALE","WEST YORKSHIRE","A","A"
"{DEMO5C53-6C4D-06A8-161C-000000000236}",113900,"2019-12-18 00:00","HX1 9QZ","D","N","F","88","","DEMO STREET","","HALIFAX","CALDERDALE","WEST YORKSHIRE","A","A"
"{DEMODA81-80FE-FE78-7FDF-000000000237}",60500,"2019-12-21 00:00","HX3 6AR","T","N","F","68","","DEMO STREET","","HALIFAX","CALDERDALE","WEST YORKSHIRE","A","A"
"{DEMOA780-2395-1F43-A4EC-000000000238}",128600,"2019-12-22 00:00","HX2 5JS","T","N","F","102","","DEMO STREET","","HALIFAX","CALDERDALE","WEST YORKSHIRE","A","A"
"{DEMOC565-6163-CE4D-846E-000000000239}",39200,"2019-12-22 00:00","HX6 5QU","S","N","F","33","","DEMO STREET","","HALIFAX","CALDERDALE","WEST YORKSHIRE","A","A"
"{DEMOB938-FFB7-47CC-5A5F-00000000023A}",110600,"2019-12-23 00:00","HX4 8LE","S","N","F","50","","DEMO STREET","","HALIFAX","CALDERDALE","WEST YORKSHIRE","A","A"
"{DEMOBB14-2B5E-6F7D-8378-00000000023B}",124900,"2019-12-24 00:00","HX4 4SQ","D","N","F","107","","DEMO STREET","","HALIFAX","CALDERDALE","WEST YORKSHIRE","A","A"
"{DEMO1EAF-DB79-CB93-3F51-00000000023C}",336900,"2019-12-24 00:00","HX2 2RT","T","N","F","105","","DEMO STREET","","HALIFAX","CALDERDALE","WEST YORKSHIRE","A","A"
"{DEMOD05F-C14B-DC32-F351-00000000023D}",132700,"2019-12-24 00:00","HX7 3AF","D","N","F","61","","DEMO STREET","","HALIFAX","CALDERDALE","WEST YORKSHIRE","A","A"
"{DEMOD4F1-BA1B-3AB4-6DA1-00000000023E}",117400,"2019-12-24 00:00","HX5 5LN","D","Y","F","41","","DEMO STREET","","HALIFAX","CALDERDALE","WEST YORKSHIRE","A","A"
"{DEMOF9F2-616C-201F-B576-00000000023F}",183300,"2019-12-27 00:00","HX2 0SJ","T","N","F","38","","DEMO STREET","","HALIFAX","CALDERDALE","WEST YORKSHIRE","A","A"
"{DEMO9E95-8381-C2B2-4D05-000000000240}",276300,"2019-12-28 00:00","HX2 1LH","S","N","F","38","","DEMO STREET","","HALIFAX","CALDERDALE","WEST YORKSHIRE","A","A"
"{DEMO11C1-21B1-9C21-5BB3-000000000241}",152600,"2020-01-01 00:00","HX3 2FX","S","N","F","79","","DEMO STREET","","HALIFAX","CALDERDALE","WEST YORKSHIRE","A","A"
"{DEMO9546-BD99-7ADB-BC7A-000000000242}",138200,"2020-01-02 00:00","HX6 1LG","S","N","F","82","","DEMO STREET","","HALIFAX","CALDERDALE","WEST YORKSHIRE","A","A"
"{DEMO4146-B7FD-1282-3EEC-000000000243}",179200,"2020-01-02 00:00","HX6 5ST","T","N","F","64","","DEMO STREET","","HALIFAX","CALDERDALE","WEST YORKSHIRE","A","A"
"{DEMO9F2A-CCE1-74FF-E808-000000000244}",88300,"2020-01-02 00:00","HX3 9XS","F","N","L","3","","DEMO STREET","","HALIFAX","CALDERDALE","WEST YORKSHIRE","A","A"
"{DEMOFB12-773B-E8F3-96D1-000000000245}",178700,"2020-01-02 00:00","HX3 7ZB","D","N","F","27","","DEMO STREET","","HALIFAX","CALDERDALE","WEST YORKSHIRE","A","A"
"{DEMO44CB-7C10-3977-1DEC-000000000246}",208100,"2020-01-03 00:00","HX5 0ZG","F","Y","L","45","","DEMO STREET","","HALIFAX","CALDERDALE","WEST YORKSHIRE","A","A"
"{DEMOC43E-8E8F-A41C-CB36-000000000247}",42900,"2020-01-04 00:00","HX1 6YL","D","N","F","47","","DEMO STREET","","HALIFAX","CALDERDALE","WEST YORKSHIRE","A","A"
"{DEMOB0DD-066B-938D-2C3F-000000000248}",84800,"2020-01-04 00:00","HX7 3JZ","T","N","F","76","","DEMO STREET","","HALIFAX","CALDERDALE","WEST YORKSHIRE","A","A"
"{DEMO4F00-C5D6-44E3-4241-000000000249}",299000,"2020-01-05 00:00","HX2 5JS","S","Y","F","13","","DEMO STREET","","HALIFAX","CALDERDALE","WEST YORKSHIRE","A","A"
"{DEMOEB00-828A-F808-DFBA-00000000024A}",664500,"2020-01-07 00:00","HX4 7HQ","D","N","F","56","","DEMO STREET","","HALIFAX","CALDERDALE","WEST YORKSHIRE","A","A"
"{DEMOEE95-002C-F4BA-4898-00000000024B}",155900,"2020-01-07 00:00","HX4 0TZ","T","N","F","53","","DEMO STREET","","HALIFAX","CALDERDALE","WEST YORKSHIRE","A","A"
"{DEMO5976-298C-CEF3-28D3-00000000024C}",72900,"2020-01-07 00:00","HX7 4YX","D","N","F","60","","DEMO STREET","","HALIFAX","CALDERDALE","WEST YORKSHIRE","A","A"
"{DEMO61F9-303B-94D0-83FE-00000000024D}",146400,"2020-01-08 00:00","HX7 3FQ","S","N","F","29","","DEMO STREET","","HALIFAX","CALDERDALE","WEST YORKSHIRE","A","A"
"{DEMOC995-C604-48CA-A45A-00000000024E}",259100,"2020-01-09 00:00","HX6 0BR","T","N","F","59","","DEMO STREET","","HALIFAX","CALDERDALE","WEST YORKSHIRE","A","A"
"{DEMO7701-8DC4-3907-2090-00000000024F}",79300,"2020-01-09 00:00","HX6 8TJ","T","N","F","70","","DEMO STREET","","HALIFAX","CALDERDALE","WEST YORKSHIRE","A","A"
"{DEMO8CC9-2A38-CB32-C811-000000000250}",50100,"2020-01-11 00:00","HX6 9EY","S","N","F","113","","DEMO STREET","","HALIFAX","CALDERDALE","WEST YORKSHIRE","A","A"
"{DEMOC95C-93A7-4E87-F3E5-000000000251}",143100,"2020-01-12 00:00","HX4 6PH","F","N","L","16","","DEMO STREET","","HALIFAX","CALDERDALE","WEST YORKSHIRE","A","A"
"{DEMO7437-1D70-24B5-34F9-000000000252}",202700,"2020-01-12 00:00","HX5 2EE","S","N","F","113","","DEMO STREET","","HALIFAX","CALDERDALE","WEST YORKSHIRE","A","A"
"{DEMO12D4-F3E8-77A0-30FE-000000000253}",219900,"2020-01-13 00:00","HX7 0XY","F","N","L","99","","DEMO STREET","","HALIFAX","CALDERDALE","WEST YORKSHIRE","A","A"
"{DEMO282B-F448-E083-3050-000000000254}",76000,"2020-01-14 00:00","HX2 0AS","D","N","F","5","","DEMO STREET","","HALIFAX","CALDERDALE","WEST YORKSHIRE","A","A"
"{DEMO2B74-905F-137A-E3E7-000000000255}",165500,"2020-01-15 00:00","HX5 1SN","T","N","F","95","","DEMO STREET","","HALIFAX","CALDERDALE","WEST YORKSHIRE","A","A"
"{DEMO8869-EAE3-2A4A-1477-000000000256}",183900,"2020-01-16 00:00","HX4 3TS","D","N","F","99","","DEMO STREET","","HALIFAX","CALDERDALE","WEST YORKSHIRE","A","A"
"{DEMO1B03-8B45-9878-0597-000000000257}",125700,"2020-01-16 00:00","HX6 7FQ","S","N","F","110","","DEMO STREET","","HALIFAX","CALDERDALE","WEST YORKSHIRE","A","A"
"{DEMOD675-4A5F-3AF8-63C6-000000000258}",307500,"2020-01-16 00:00","HX4 2UT","T","Y","F","43","","DEMO STREET","","HALIFAX","CALDERDALE","WEST YORKSHIRE","A","A"
"{DEMO6169-B38F-131A-1760-000000000259}",114600,"2020-01-17 00:00","HX6 0JU","D","N","F","52","","DEMO STREET","","HALIFAX","CALDERDALE","WEST YORKSHIRE","A","A"
"{DEMO0B62-D40E-9370-6801-00000000025A}",108700,"2020-01-17 00:00","HX1 3HP","D","N","F","69","","DEMO STREET","","HALIFAX","CALDERDALE","WEST YORKSHIRE","A","A"
"{DEMO5DCD-E295-5857-7BAF-00000000025B}",231000,"2020-01-18 00:00","HX7 4ST","D","N","F","114","","DEMO STREET","","HALIFAX","CALDERDALE","WEST YORKSHIRE","A","A"
"{DEMO7FCE-5189-E137-2A7F-00000000025C}",319000,"2020-01-19 00:00","HX6 9SQ","D","N","F","52","","DEMO STREET","","HALIFAX","CALDERDALE","WEST YORKSHIRE","A","A"
"{DEMO031A-1B8E-B7E7-DF12-00000000025D}",237100,"2020-01-20 00:00","HX5 2WG","S","N","F","7","","DEMO STREET","","HALIFAX","CALDERDALE","WEST YORKSHIRE","A","A"
"{DEMO0392-1FAA-DB3D-9C06-00000000025E}",164600,"2020-01-21 00:00","HX5 4WY","S","N","F","53","","DEMO STREET","","HALIFAX","CALDERDALE","WEST YORKSHIRE","A","A"
"{DEMOCB9E-5AB1-33A9-11D5-00000000025F}",67900,"2020-01-22 00:00","HX3 4FW","D","N","F","81","","DEMO STREET","","HALIFAX","CALDERDALE","WEST YORKSHIRE","A","A"
"{DEMO9499-E9BA-E56C-C161-000000000260}",66900,"2020-01-22 00:00","HX1 4BN","F","N","L","111","","DEMO STREET","","HALIFAX","CALDERDALE","WEST YORKSHIRE","A","A"
"{DEMO0C9E-5B6F-D5A7-4FFA-000000000261}",71100,"2020-01-22 00:00","HX1 9UU","D","N","F","82","","DEMO STREET","","HALIFAX","CALDERDALE","WEST YORKSHIRE","A","A"
"{DEMOC0D0-51D7-A841-5C4D-000000000262}",223100,"2020-01-22 00:00","HX4 7HF","T","N","F","24","","DEMO STREET","","HALIFAX","CALDERDALE","WEST YORKSHIRE","A","A"
"{DEMO3992-D761-010D-8F47-000000000263}",129300,"2020-01-23 00:00","HX1 8TX","D","N","F","96","","DEMO STREET","","HALIFAX","CALDERDALE","WEST YORKSHIRE","A","A"
"{DEMOCDDD-6CD9-0259-5114-000000000264}",341200,"2020-01-23 00:00","HX1 8UY","S","N","F","113","","DEMO STREET","","HALIFAX","CALDERDALE","WEST YORKSHIRE","A","A"
"{DEMO4F6E-8E66-8884-4276-000000000265}",95100,"2020-01-25 00:00","HX5 6EW","D","N","F","43","","DEMO STREET","","HALIFAX","CALDERDALE","WEST YORKSHIRE","A","A"
"{DEMO5DB4-EA5E-ABC9-33D7-000000000266}",129300,"2020-01-25 00:00","HX6 1SG","S","N","F","65","","DEMO STREET","","HALIFAX","CALDERDALE","WEST YORKSHIRE","A","A"
"{DEMO9F33-50DC-0B24-F339-000000000267}",221100,"2020-01-25 00:00","HX2 5GQ","S","N","F","43","","DEMO STREET","","HALIFAX","CALDERDALE","WEST YORKSHIRE","A","A"
"{DEMO0BAC-3F3F-7422-8DA3-000000000268}",263400,"2020-01-28 00:00","HX2 2ES","D","N","F","26","","DEMO STREET","","HALIFAX","CALDERDALE","WEST YORKSHIRE","A","A"
"{DEMOFEC4-8230-73A8-A4E5-000000000269}",131500,"2020-02-01 00:00","HX6 2GJ","T","N","F","101","","DEMO STREET","","HALIFAX","CALDERDALE","WEST YORKSHIRE","A","A"
"{DEMO6646-5120-60D9-B705-00000000026A}",206400,"2020-02-01 00:00","HX2 0AS","T","N","F","47","","DEMO STREET","","HALIFAX","CALDERDALE","WEST YORKSHIRE","A","A"
"{DEMO9852-C897-D3DF-9952-00000000026B}",271800,"2020-02-02 00:00","HX3 4ZD","F","N","L","36","","DEMO STREET","","HALIFAX","CALDERDALE","WEST YORKSHIRE","A","A"
"{DEMO9E5C-415E-A823-1C45-00000000026C}",166000,"2020-02-04 00:00","HX7 2AF","S","N","F","64","","DEMO STREET","","HALIFAX","CALDERDALE","WEST YORKSHIRE","A","A"
"{DEMOA741-9C38-BED8-12E2-00000000026D}",525600,"2020-02-05 00:00","HX1 6LR","D","N","F","11","","DEMO STREET","","HALIFAX","CALDERDALE","WEST YORKSHIRE","A","A"
"{DEMO5A85-AC6B-E5B9-27D7-00000000026E}",89300,"2020-02-05 00:00","HX7 4DP","D","Y","F","7","","DEMO STREET","","HALIFAX","CALDERDALE","WEST YORKSHIRE","A","A"
"{DEMOED81-9A4D-E860-C971-00000000026F}",131300,"2020-02-06 00:00","HX6 6XZ","D","N","F","31","","DEMO STREET","","HALIFAX","CALDERDALE","WEST YORKSHIRE","A","A"
"{DEMO6495-3CF4-DF7A-F8D7-000000000270}",99100,"2020-02-07 00:00","HX7 9SL","S","N","F","11","","DEMO STREET","","HALIFAX","CALDERDALE","WEST YORKSHIRE","A","A"
"{DEMO6B10-80EE-B5B1-9C85-000000000271}",68300,"2020-02-07 00:00","HX6 3GE","T","N","F","81","","DEMO STREET","","HALIFAX","CALDERDALE","WEST YORKSHIRE","A","A"
"{DEMO664B-2CB2-3A9C-8F0A-000000000272}",68100,"2020-02-07 00:00","HX3 4YX","S","N","F","110","","DEMO STREET","","HALIFAX","CALDERDALE","WEST YORKSHIRE","A","A"
"{DEMO8DD0-BA6E-2C3C-5915-000000000273}",48400,"2020-02-07 00:00","HX5 2FL","T","N","F","35","","DEMO STREET","","HALIFAX","CALDERDALE","WEST YORKSHIRE","A","A"
"{DEMO80B2-7CB7-E848-A414-000000000274}",88600,"2020-02-09 00:00","HX3 6RR","S","N","F","2","","DEMO STREET","","HALIFAX","CALDERDALE","WEST YORKSHIRE","A","A"
"{DEMOD9C1-D500-101C-3709-000000000275}",307300,"2020-02-09 00:00","HX1 6SG","S","N","F","30","","DEMO STREET","","HALIFAX","CALDERDALE","WEST YORKSHIRE","A","A"
"{DEMOB2B9-8B4C-A40C-990B-000000000276}",222800,"2020-02-09 00:00","HX6 5QU","S","N","F","67","","DEMO STREET","","HALIFAX","CALDERDALE","WEST YORKSHIRE","A","A"
"{DEMOBA03-8711-7991-4CF1-000000000277}",604100,"2020-02-09 00:00","HX7 7UW","S","N","F","111","","DEMO STREET","","HALIFAX","CALDERDALE","WEST YORKSHIRE","A","A"
"{DEMOA223-DC9D-1B23-7955-000000000278}",254100,"2020-02-10 00:00","HX2 6UB","S","N","F","89","","DEMO STREET","","HALIFAX","CALDERDALE","WEST YORKSHIRE","A","A"
"{DEMOEF7B-4D11-C48B-010D-000000000279}",118100,"2020-02-10 00:00","HX4 0JW","T","N","F","16","","DEMO STREET","","HALIFAX","CALDERDALE","WEST YORKSHIRE","A","A"
"{DEMODBEA-C989-DFC8-016D-00000000027A}",117500,"2020-02-10 00:00","HX2 5JS","S","N","F","78","","DEMO STREET","","HALIFAX","CALDERDALE","WEST YORKSHIRE","A","A"
"{DEMO56C4-4542-A181-4257-00000000027B}",125100,"2020-02-10 00:00","HX4 2UT","S","N","F","80","","DEMO STREET","","HALIFAX","CALDERDALE","WEST YORKSHIRE","A","A"
"{DEMO7F66-3F0E-80DC-D68C-00000000027C}",262100,"2020-02-10 00:00","HX7 3SY","T","N","F","23","","DEMO STREET","","HALIFAX","CALDERDALE","WEST YORKSHIRE","A","A"
"{DEMO3288-5A79-3910-E7C5-00000000027D}",165000,"2020-02-11 00:00","HX5 6EW","S","N","F","56","","DEMO STREET","","HALIFAX","CALDERDALE","WEST YORKSHIRE","A","A"
"{DEMO7EBE-AC90-22B8-FB17-00000000027E}",101300,"2020-02-12 00:00","HX5 0YA","S","N","F","10","","DEMO STREET","","HALIFAX","CALDERDALE","WEST YORKSHIRE","A","A"
"{DEMO0935-1E89-35B3-8F8F-00000000027F}",276300,"2020-02-13 00:00","HX4 6QX","T","N","F","98","","DEMO STREET","","HALIFAX","CALDERDALE","WEST YORKSHIRE","A","A"
"{DEMO5178-A097-D288-6835-000000000280}",140000,"2020-02-14 00:00","HX5 0WW","F","N","L","73","","DEMO STREET","","HALIFAX","CALDERDALE","WEST YORKSHIRE","A","A"
"{DEMOF5F8-ACFF-132D-603A-000000000281}",207600,"2020-02-15 00:00","HX4 9WF","S","N","F","40","","DEMO STREET","","HALIFAX","CALDERDALE","WEST YORKSHIRE","A","A"
"{DEMOEDBC-C23A-75CB-B530-000000000282}",146500,"2020-02-16 00:00","HX1 5PY","S","N","F","118","","DEMO STREET","","HALIFAX","CALDERDALE","WEST YORKSHIRE","A","A"
"{DEMOD3B3-C924-0107-F90F-000000000283}",27800,"2020-02-18 00:00","HX6 8XU","T","N","F","40","","DEMO STREET","","HALIFAX","CALDERDALE","WEST YORKSHIRE","A","A"
"{DEMODA5F-F691-9ED8-6BF6-000000000284}",159300,"2020-02-19 00:00","HX1 4HX","T","N","F","71","","DEMO STREET","","HALIFAX","CALDERDALE","WEST YORKSHIRE","A","A"
"{DEMO6E10-5E9E-7830-41CD-000000000285}",106500,"2020-02-19 00:00","HX3 8FY","T","N","F","96","","DEMO STREET","","HALIFAX","CALDERDALE","WEST YORKSHIRE","A","A"
"{DEMOFC78-64F7-0E50-E4C2-000000000286}",63000,"2020-02-19 00:00","HX5 9ND","F","N","L","14","","DEMO STREET","","HALIFAX","CALDERDALE","WEST YORKSHIRE","A","A"
"{DEMOEE03-CBED-9E00-E60E-000000000287}",104100,"2020-02-19 00:00","HX4 2UT","S","N","F","71","","DEMO STREET","","HALIFAX","CALDERDALE","WEST YORKSHIRE","A","A"
"{DEMO7DEF-22DA-942E-69CC-000000000288}",49500,"2020-02-20 00:00","HX3 5SJ","S","N","F","23","","DEMO STREET","","HALIFAX","CALDERDALE","WEST YORKSHIRE","A","A"
"{DEMO93A1-0789-5246-F451-000000000289}",123400,"2020-02-20 00:00","HX2 4FB","S","N","F","64","","DEMO STREET","","HALIFAX","CALDERDALE","WEST YORKSHIRE","A","A"
"{DEMOE142-897A-6C5B-7156-00000000028A}",290800,"2020-02-20 00:00","HX4 1WG","F","N","L","32","","DEMO STREET","","HALIFAX","CALDERDALE","WEST YORKSHIRE","A","A"
"{DEMOD3F6-8F07-040C-C8F7-00000000028B}",264300,"2020-02-21 00:00","HX5 9LJ","D","N","F","120","","DEMO STREET","","HALIFAX","CALDERDALE","WEST YORKSHIRE","A","A"
"{DEMO7B22-7C4A-3F40-C688-00000000028C}",191500,"2020-02-21 00:00","HX6 9RL","S","N","F","95","","DEMO STREET","","HALIFAX","CALDERDALE","WEST YORKSHIRE","A","A"
"{DEMOAE8F-DD2B-1B7B-DB2D-00000000028D}",153500,"2020-02-22 00:00","HX5 6DW","S","N","F","84","","DEMO STREET","","HALIFAX","CALDERDALE","WEST YORKSHIRE","A","A"
"{DEMOD74D-64C8-A1B7-9655-00000000028E}",136600,"2020-02-22 00:00","HX4 7HF","S","N","F","18","","DEMO STREET","","HALIFAX","CALDERDALE","WEST YORKSHIRE","A","A"
"{DEMO5C7D-14DE-804B-F2EB-00000000028F}",190500,"2020-02-22 00:00","HX2 9RZ","D","Y","F","58","","DEMO STREET","","HALIFAX","CALDERDALE","WEST YORKSHIRE","A","A"
"{DEMOD4B2-9735-5E32-04F6-000000000290}",102600,"2020-02-23 00:00","HX6 9EY","D","N","F","47","","DEMO STREET","","HALIFAX","CALDERDALE","WEST YORKSHIRE","A","A"
"{DEMO39D9-B66A-5AAF-7355-000000000291}",360400,"2020-02-23 00:00","HX1 5SR","S","N","F","67","","DEMO STREET","","HALIFAX","CALDERDALE","WEST YORKSHIRE","A","A"
"{DEMO64E2-FE75-DF15-6374-000000000292}",68800,"2020-02-23 00:00","HX5 0QY","T","N","F","22","","DEMO STREET","","HALIFAX","CALDERDALE","WEST YORKSHIRE","A","A"
"{DEMOACD5-2D16-451D-C810-000000000293}",84200,"2020-02-23 00:00","HX2 9RZ","S","N","F","93","","DEMO STREET","","HALIFAX","CALDERDALE","WEST YORKSHIRE","A","A"
"{DEMO8814-03D3-603A-B803-000000000294}",96700,"2020-02-23 00:00","HX4 1WG","S","N","F","76","","DEMO STREET","","HALIFAX","CALDERDALE","WEST YORKSHIRE","A","A"
"{DEMOF56C-3123-38CC-4D32-000000000295}",350000,"2020-02-23 00:00","HX4 7HF","S","N","F","118","","DEMO STREET","","HALIFAX","CALDERDALE","WEST YORKSHIRE","A","A"
"{DEMOC46E-CC0E-D8C0-196D-000000000296}",116600,"2020-02-24 00:00","HX1 0ZA","S","N","F","99","","DEMO STREET","","HALIFAX","CALDERDALE","WEST YORKSHIRE","A","A"
"{DEMO7E4A-0CAD-4681-796F-000000000297}",67400,"2020-02-24 00:00","HX6 9TJ","F","N","L","77","","DEMO STREET","","HALIFAX","CALDERDALE","WEST YORKSHIRE","A","A"
"{DEMOFCF7-55D3-A777-DC86-000000000298}",89200,"2020-02-24 00:00","HX3 6RQ","D","Y","F","39","","DEMO STREET","","HALIFAX","CALDERDALE","WEST YORKSHIRE","A","A"
"{DEMO257C-9524-82BD-CA03-000000000299}",260900,"2020-02-25 00:00","HX4 0TZ","S","N","F","28","","DEMO STREET","","HALIFAX","CALDERDALE","WEST YORKSHIRE","A","A"
"{DEMO1F38-B7A7-8D2D-2D0B-00000000029A}",82900,"2020-02-25 00:00","HX6 7HR","T","N","F","107","","DEMO STREET","","HALIFAX","CALDERDALE","WEST YORKSHIRE","A","A"
"{DEMOF783-F2FC-6596-61D9-00000000029B}",184700,"2020-02-25 00:00","HX6 8ZZ","T","N","F","49","","DEMO STREET","","HALIFAX","CALDERDALE","WEST YORKSHIRE","A","A"
"{DEMO3014-77EC-3DBE-A030-00000000029C}",91700,"2020-02-27 00:00","HX7 8JT","T","N","F","27","","DEMO STREET","","HALIFAX","CALDERDALE","WEST YORKSHIRE","A","A"
"{DEMOBB5E-A6D8-03DA-FFA5-00000000029D}",190500,"2020-02-27 00:00","HX6 5JB","S","N","F","36","","DEMO STREET","","HALIFAX","CALDERDALE","WEST YORKSHIRE","A","A"
"{DEMO0EC4-E547-D763-43B0-00000000029E}",247400,"2020-02-27 00:00","HX6 8ZZ","S","N","F","5","","DEMO STREET","","HALIFAX","CALDERDALE","WEST YORKSHIRE","A","A"
"{DEMOB852-F81B-C4F4-5C3B-00000000029F}",37800,"2020-02-28 00:00","HX3 2FX","T","N","F","60","","DEMO STREET","","HALIFAX","CALDERDALE","WEST YORKSHIRE","A","A"
"{DEMOF0B2-4594-374F-B0AD-0000000002A0}",74300,"2020-02-28 00:00","HX3 2FX","S","N","F","87","","DEMO STREET","","HALIFAX","CALDERDALE","WEST YORKSHIRE","A","A"
"{DEMO3932-8F6D-F64A-9CD4-0000000002A1}",173200,"2020-02-28 00:00","HX3 6AR","T","Y","F","5","","DEMO STREET","","HALIFAX","CALDERDALE","WEST YORKSHIRE","A","A"
"{DEMO0059-206C-331F-9C9D-0000000002A2}",152400,"2020-03-01 00:00","HX3 8QF","D","N","F","39","","DEMO STREET","","HALIFAX","CALDERDALE","WEST YORKSHIRE","A","A"
"{DEMO9334-EED8-7702-5BC3-0000000002A3}",57500,"2020-03-03 00:00","HX7 7EJ","T","N","F","21","","DEMO STREET","","HALIFAX","CALDERDALE","WEST YORKSHIRE","A","A"
"{DEMO7061-B799-EEB2-6473-0000000002A4}",38700,"2020-03-03 00:00","HX2 7QQ","S","Y","F","96","","DEMO STREET","","HALIFAX","CALDERDALE","WEST YORKSHIRE","A","A"
"{DEMO3FC4-5C84-AF50-1218-0000000002A5}",170100,"2020-03-04 00:00","HX1 3NE","T","N","F","57","","DEMO STREET","","HALIFAX","CALDERDALE","WEST YORKSHIRE","A","A"
"{DEMO6DD1-1F69-4D4B-E73E-0000000002A6}",120300,"2020-03-04 00:00","HX3 6RR","S","N","F","34","","DEMO STREET","","HALIFAX","CALDERDALE","WEST YORKSHIRE","A","A"
"{DEMOF307-E3CB-BE1C-6BDB-0000000002A7}",206500,"2020-03-05 00:00","HX6 8ZZ","T","N","F","37","","DEMO STREET","","HALIFAX","CALDERDALE","WEST YORKSHIRE","A","A"
"{DEMO68F3-325C-45FE-C7A6-0000000002A8}",96800,"2020-03-06 00:00","HX3 3JH","D","N","F","45","","DEMO STREET","","HALIFAX","CALDERDALE","WEST YORKSHIRE","A","A"
"{DEMO47F0-DE16-0905-F343-0000000002A9}",516600,"2020-03-06 00:00","HX3 2RS","T","N","F","21","","DEMO STREET","","HALIFAX","CALDERDALE","WEST YORKSHIRE","A","A"
"{DEMO2C0C-C2C5-EB8A-28DC-0000000002AA}",51900,"2020-03-06 00:00","HX1 5LW","D","N","F","8","","DEMO STREET","","HALIFAX","CALDERDALE","WEST YORKSHIRE","A","A"
"{DEMO0FF6-E6A4-0FB0-67C3-0000000002AB}",268500,"2020-03-07 00:00","HX4 0NL","S","N","F","117","","DEMO STREET","","HALIFAX","CALDERDALE","WEST YORKSHIRE","A","A"
"{DEMOC7B0-9287-34AB-7D06-0000000002AC}",85200,"2020-03-08 00:00","HX4 6TY","T","N","F","78","","DEMO STREET","","HALIFAX","CALDERDALE","WEST YORKSHIRE","A","A"
"{DEMO026B-A33D-F206-B195-0000000002AD}",141000,"2020-03-08 00:00","HX6 6TG","D","N","F","70","","DEMO STREET","","HALIFAX","CALDERDALE","WEST YORKSHIRE","A","A"
"{DEMOE6A8-473B-4CAC-415F-0000000002AE}",232400,"2020-03-09 00:00","HX4 8LE","F","N","L","65","","DEMO STREET","","HALIFAX","CALDERDALE","WEST YORKSHIRE","A","A"
"{DEMO77CF-A0E3-3A79-B861-0000000002AF}",98200,"2020-03-09 00:00","HX5 4DR","T","N","F","98","","DEMO STREET","","HALIFAX","CALDERDALE","WEST YORKSHIRE","A","A"
"{DEMO3BA2-9ADC-A8F3-AB48-0000000002B0}",86600,"2020-03-10 00:00","HX5 2QA","D","N","F","67","","DEMO STREET","","HALIFAX","CALDERDALE","WEST YORKSHIRE","A","A"
"{DEMOAADA-B4AB-F9A9-13F8-0000000002B1}",104700,"2020-03-10 00:00","HX5 7RX","S","N","F","37","","DEMO STREET","","HALIFAX","CALDERDALE","WEST YORKSHIRE","A","A"
"{DEMO7282-B3A2-4A8D-EA8A-0000000002B2}",194500,"2020-03-10 00:00","HX7 3JZ","D","N","F","48","","DEMO STREET","","HALIFAX","CALDERDALE","WEST YORKSHIRE","A","A"
"{DEMO7D9B-7B5D-FF7A-679E-0000000002B3}",283000,"2020-03-10 00:00","HX3 1SD","S","N","F","15","","DEMO STREET","","HALIFAX","CALDERDALE","WEST YORKSHIRE","A","A"
"{DEMOBB43-08C9-6063-4697-0000000002B4}",103100,"2020-03-11 00:00","HX2 9RZ","T","N","F","22","","DEMO STREET","","HALIFAX","CALDERDALE","WEST YORKSHIRE","A","A"
"{DEMOB2B2-AB3E-E83B-5F65-0000000002B5}",210000,"2020-03-11 00:00","HX5 8JF","D","N","F","114","","DEMO STREET","","HALIFAX","CALDERDALE","WEST YORKSHIRE","A","A"
"{DEMOCAED-1E63-A457-E4DB-0000000002B6}",282000,"2020-03-11 00:00","HX2 7BS","S","Y","F","7","","DEMO STREET","","HALIFAX","CALDERDALE","WEST YORKSHIRE","A","A"
"{DEMOBD3F-E709-C757-6090-0000000002B7}",52600,"2020-03-12 00:00","HX6 5QR","D","N","F","114","","DEMO STREET","","HALIFAX","CALDERDALE","WEST YORKSHIRE","A","A"
"{DEMO63F8-9C6D-A461-0F2F-0000000002B8}",162800,"2020-03-12 00:00","HX6 1BF","D","N","F","4","","DEMO STREET","","HALIFAX","CALDERDALE","WEST YORKSHIRE","A","A"
"{DEMOFB46-8577-814C-475C-0000000002B9}",229000,"2020-03-12 00:00","HX5 0RE","T","N","F","95","","DEMO STREET","","HALIFAX","CALDERDALE","WEST YORKSHIRE","A","A"
"{DEMOC0C0-B976-BC3F-4CEA-0000000002BA}",137300,"2020-03-12 00:00","HX3 4DS","T","N","F","93","","DEMO STREET","","HALIFAX","CALDERDALE","WEST YORKSHIRE","A","A"
"{DEMO7075-D278-D3E7-2CF2-0000000002BB}",133400,"2020-03-13 00:00","HX4 8QR","S","N","F","69","","DEMO STREET","","HALIFAX","CALDERDALE","WEST YORKSHIRE","A","A"
"{DEMO68C0-2DCF-6C98-F0D3-0000000002BC}",183900,"2020-03-13 00:00","HX6 9UT","F","N","L","61","","DEMO STREET","","HALIFAX","CALDERDALE","WEST YORKSHIRE","A","A"
"{DEMO1ACD-21AC-5161-790E-0000000002BD}",24300,"2020-03-13 00:00","HX7 3UA","T","N","F","7","","DEMO STREET","","HALIFAX","CALDERDALE","WEST YORKSHIRE","A","A"
"{DEMOEB59-0955-CD90-D3E6-0000000002BE}",190800,"2020-03-14 00:00","HX4 3TS","S","N","F","45","","DEMO STREET","","HALIFAX","CALDERDALE","WEST YORKSHIRE","A","A"
"{DEMO8C5B-AC49-293E-2FCB-0000000002BF}",131400,"2020-03-15 00:00","HX2 1WY","F","N","L","7","","DEMO STREET","","HALIFAX","CALDERDALE","WEST YORKSHIRE","A","A"
"{DEMOBF26-53E2-D0E2-8748-0000000002C0}",143300,"2020-03-15 00:00","HX2 5JS","D","N","F","86","","DEMO STREET","","HALIFAX","CALDERDALE","WEST YORKSHIRE","A","A"
"{DEMO795B-09E4-1F8C-16A4-0000000002C1}",204100,"2020-03-15 00:00","HX2 7HR","S","N","F","77","","DEMO STREET","","HALIFAX","CALDERDALE","WEST YORKSHIRE","A","A"
"{DEMO495D-E750-6F9E-5702-0000000002C2}",73800,"2020-03-16 00:00","HX1 3NE","D","N","F","78","","DEMO STREET","","HALIFAX","CALDERDALE","WEST YORKSHIRE","A","A"
"{DEMOA1AD-26F7-FE71-B3C1-0000000002C3}",79000,"2020-03-16 00:00","HX5 3PY","D","N","F","105","","DEMO STREET","","HALIFAX","CALDERDALE","WEST YORKSHIRE","A","A"
"{DEMOA00E-2700-BF5C-AB2F-0000000002C4}",303200,"2020-03-17 00:00","HX3 0ET","F","N","L","92","","DEMO STREET","","HALIFAX","CALDERDALE","WEST YORKSHIRE","A","A"
"{DEMO722E-5BBD-A759-64B6-0000000002C5}",86000,"2020-03-17 00:00","HX6 2JX","S","Y","F","22","","DEMO STREET","","HALIFAX","CALDERDALE","WEST YORKSHIRE","A","A"
"{DEMO9A3E-FE75-3A6D-CF95-0000000002C6}",166800,"2020-03-19 00:00","HX4 7HF","S","N","F","98","","DEMO STREET","","HALIFAX","CALDERDALE","WEST YORKSHIRE","A","A"
"{DEMOB745-5094-8A28-E00B-0000000002C7}",49600,"2020-03-19 00:00","HX2 7HR","T","N","F","88","","DEMO STREET","","HALIFAX","CALDERDALE","WEST YORKSHIRE","A","A"
"{DEMO4152-8ED8-25C9-4B83-0000000002C8}",240300,"2020-03-19 00:00","HX3 7RP","S","N","F","86","","DEMO STREET","","HALIFAX","CALDERDALE","WEST YORKSHIRE","A","A"
"{DEMODE8E-2CF5-3FF5-B50F-0000000002C9}",100500,"2020-03-20 00:00","HX5 2WG","F","N","L","116","","DEMO STREET","","HALIFAX","CALDERDALE","WEST YORKSHIRE","A","A"
"{DEMO23D4-A150-B6BD-0AD2-0000000002CA}",193900,"2020-03-20 00:00","HX7 4BH","S","N","F","5","","DEMO STREET","","HALIFAX","CALDERDALE","WEST YORKSHIRE","A","A"
"{DEMO53F1-D17A-B3F0-1171-0000000002CB}",226700,"2020-03-20 00:00","HX7 6UU","D","N","F","99","","DEMO STREET","","HALIFAX","CALDERDALE","WEST YORKSHIRE","A","A"
"{DEMOFD82-BD72-F1E6-3979-0000000002CC}",273900,"2020-03-20 00:00","HX7 3UA","T","N","F","116","","DEMO STREET","","HALIFAX","CALDERDALE","WEST YORKSHIRE","A","A"
"{DEMO9D5D-41B8-112A-0BBC-0000000002CD}",227800,"2020-03-20 00:00","HX2 2EL","T","N","F","88","","DEMO STREET","","HALIFAX","CALDERDALE","WEST YORKSHIRE","A","A"
"{DEMOD7FF-EC2B-05F1-67B1-0000000002CE}",183400,"2020-03-21 00:00","HX2 9PN","T","N","F","30","","DEMO STREET","","HALIFAX","CALDERDALE","WEST YORKSHIRE","A","A"
"{DEMOAE20-7EEF-86D7-6199-0000000002CF}",143100,"2020-03-22 00:00","HX1 6BJ","D","N","F","82","","DEMO STREET","","HALIFAX","CALDERDALE","WEST YORKSHIRE","A","A"
"{DEMO2EFC-441C-4321-C1AB-0000000002D0}",91000,"2020-03-23 00:00","HX2 4JQ","F","N","L","74","","DEMO STREET","","HALIFAX","CALDERDALE","WEST YORKSHIRE","A","A"
"{DEMO5F27-78F2-867E-6AFF-0000000002D1}",113400,"2020-03-23 00:00","HX4 6PH","T","N","F","13","","DEMO STREET","","HALIFAX","CALDERDALE","WEST YORKSHIRE","A","A"
"{DEMOBE77-7FAA-739E-482E-0000000002D2}",109000,"2020-03-24 00:00","HX5 9PL","T","N","F","23","","DEMO STREET","","HALIFAX","CALDERDALE","WEST YORKSHIRE","A","A"
"{DEMOD258-C26A-EBA8-DB5C-0000000002D3}",106900,"2020-03-24 00:00","HX3 5ZT","T","Y","F","23","","DEMO STREET","","HALIFAX","CALDERDALE","WEST YORKSHIRE","A","A"
"{DEMOAEFE-F505-11FE-ACCB-0000000002D4}",296000,"2020-03-25 00:00","HX4 9YW","T","N","F","17","","DEMO STREET","","HALIFAX","CALDERDALE","WEST YORKSHIRE","A","A"
"{DEMO19E5-5A6D-6C9B-F98D-0000000002D5}",88700,"2020-03-26 00:00","HX1 3NE","S","N","F","34","","DEMO STREET","","HALIFAX","CALDERDALE","WEST YORKSHIRE","A","A"
"{DEMO0213-F8C4-8C2C-E5C8-0000000002D6}",69100,"2020-03-26 00:00","HX3 2RS","T","N","F","79","","DEMO STREET","","HALIFAX","CALDERDALE","WEST YORKSHIRE","A","A"
"{DEMO6917-52C4-DEEF-B861-0000000002D7}",71500,"2020-03-27 00:00","HX6 6XZ","F","N","L","20","","DEMO STREET","","HALIFAX","CALDERDALE","WEST YORKSHIRE","A","A"
"{DEMOD980-79B6-6ACB-931C-0000000002D8}",105700,"2020-03-27 00:00","HX2 9PN","S","N","F","35","","DEMO STREET","","HALIFAX","CALDERDALE","WEST YORKSHIRE","A","A"
"{DEMOD5C8-B244-C504-0FC0-0000000002D9}",61000,"2020-03-27 00:00","HX6 0EW","T","N","F","89","","DEMO STREET","","HALIFAX","CALDERDALE","WEST YORKSHIRE","A","A"
"{DEMO10E4-EEFD-52F2-A589-0000000002DA}",168600,"2020-03-27 00:00","HX7 7EJ","D","N","F","11","","DEMO STREET","","HALIFAX","CALDERDALE","WEST YORKSHIRE","A","A"
"{DEMO96A4-5B01-980C-A166-0000000002DB}",44900,"2020-03-28 00:00","HX3 9LY","D","N","F","10","","DEMO STREET","","HALIFAX","CALDERDALE","WEST YORKSHIRE","A","A"
"{DEMO964F-8C08-08A3-24C0-0000000002DC}",82400,"2020-03-28 00:00","HX5 9PL","D","N","F","31","","DEMO STREET","","HALIFAX","CALDERDALE","WEST YORKSHIRE","A","A"
"{DEMOCCC1-AF68-64AF-E62D-0000000002DD}",147900,"2020-03-28 00:00","HX2 7HR","S","N","F","79","","DEMO STREET","","HALIFAX","CALDERDALE","WEST YORKSHIRE","A","A"
"{DEMO8694-CFD9-066A-E44A-0000000002DE}",94800,"2020-04-01 00:00","HX6 5FN","S","N","F","11","","DEMO STREET","","HALIFAX","CALDERDALE","WEST YORKSHIRE","A","A"
"{DEMOF61F-744A-0444-6DFB-0000000002DF}",182900,"2020-04-02 00:00","HX1 6LR","D","N","F","17","","DEMO STREET","","HALIFAX","CALDERDALE","WEST YORKSHIRE","A","A"
"{DEMO9CF1-A38E-470C-FB52-0000000002E0}",134800,"2020-04-05 00:00","HX3 9FR","S","N","F","15","","DEMO STREET","","HALIFAX","CALDERDALE","WEST YORKSHIRE","A","A"
"{DEMO7F21-DCE9-F907-FBA3-0000000002E1}",118800,"2020-04-07 00:00","HX5 6AY","S","N","F","47","","DEMO STREET","","HALIFAX","CALDERDALE","WEST YORKSHIRE","A","A"
"{DEMOF178-377D-1495-A3B7-0000000002E2}",232700,"2020-04-08 00:00","HX1 5SR","F","N","L","6","","DEMO STREET","","HALIFAX","CALDERDALE","WEST YORKSHIRE","A","A"
"{DEMO268D-DD02-E2F7-3247-0000000002E3}",173300,"2020-04-08 00:00","HX5 2NN","F","N","L","3","","DEMO STREET","","HALIFAX","CALDERDALE","WEST YORKSHIRE","A","A"
"{DEMOE207-B5E3-A04A-92D7-0000000002E4}",77900,"2020-04-08 00:00","HX7 9WY","S","N","F","118","","DEMO STREET","","HALIFAX","CALDERDALE","WEST YORKSHIRE","A","A"
"{DEMO74F0-4FFB-A139-A1C8-0000000002E5}",380300,"2020-04-09 00:00","HX6 0LN","T","N","F","7","","DEMO STREET","","HALIFAX","CALDERDALE","WEST YORKSHIRE","A","A"
"{DEMO7A63-F69E-87DC-132A-0000000002E6}",85800,"2020-04-09 00:00","HX3 1SD","D","N","F","72","","DEMO STREET","","HALIFAX","CALDERDALE","WEST YORKSHIRE","A","A"
"{DEMO1BDB-67D7-90E4-4D1C-0000000002E7}",59600,"2020-04-10 00:00","HX7 3AF","S","N","F","89","","DEMO STREET","","HALIFAX","CALDERDALE","WEST YORKSHIRE","A","A"
"{DEMO0067-B4E6-8CCE-0F3D-0000000002E8}",135800,"2020-04-11 00:00","HX6 8FQ","D","N","F","1","","DEMO STREET","","HALIFAX","CALDERDALE","WEST YORKSHIRE","A","A"
"{DEMO0F19-CA1E-3C0E-509F-0000000002E9}",136000,"2020-04-11 00:00","HX5 1RR","T","N","F","101","","DEMO STREET","","HALIFAX","CALDERDALE","WEST YORKSHIRE","A","A"
"{DEMO316C-D6AF-6831-735C-0000000002EA}",83300,"2020-04-11 00:00","HX7 5XT","S","N","F","43","","DEMO STREET","","HALIFAX","CALDERDALE","WEST YORKSHIRE","A","A"
"{DEMO5C01-B221-F78E-196C-0000000002EB}",247300,"2020-04-11 00:00","HX3 1GN","F","N","L","94","","DEMO STREET","","HALIFAX","CALDERDALE","WEST YORKSHIRE","A","A"
"{DEMOC4EB-252A-78B4-38C5-0000000002EC}",75100,"2020-04-11 00:00","HX7 6DD","S","N","F","73","","DEMO STREET","","HALIFAX","CALDERDALE","WEST YORKSHIRE","A","A"
"{DEMO0CCC-96A2-B532-68DA-0000000002ED}",33700,"2020-04-12 00:00","HX3 1BP","S","N","F","18","","DEMO STREET","","HALIFAX","CALDERDALE","WEST YORKSHIRE","A","A"
"{DEMOD605-8400-17CD-C1B3-0000000002EE}",164300,"2020-04-12 00:00","HX7 3JZ","T","N","F","15","","DEMO STREET","","HALIFAX","CALDERDALE","WEST YORKSHIRE","A","A"
"{DEMOD10B-5E66-1D47-448A-0000000002EF}",105200,"2020-04-12 00:00","HX1 6DA","T","Y","F","118","","DEMO STREET","","HALIFAX","CALDERDALE","WEST YORKSHIRE","A","A"
"{DEMO2642-54D4-365A-2691-0000000002F0}",47100,"2020-04-13 00:00","HX6 0NX","T","N","F","83","","DEMO STREET","","HALIFAX","CALDERDALE","WEST YORKSHIRE","A","A"
"{DEMO6A72-6328-092A-44EC-0000000002F1}",260100,"2020-04-14 00:00","HX3 7LL","T","N","F","117","","DEMO STREET","","HALIFAX","CALDERDALE","WEST YORKSHIRE","A","A"
"{DEMO934F-AFB8-6E42-8B17-0000000002F2}",239400,"2020-04-14 00:00","HX7 6UU","T","N","F","27","","DEMO STREET","","HALIFAX","CALDERDALE","WEST YORKSHIRE","A","A"
"{DEMOC1D1-94CF-8915-3D2A-0000000002F3}",34300,"2020-04-15 00:00","HX3 0DY","D","N","F","5","","DEMO STREET","","HALIFAX","CALDERDALE","WEST YORKSHIRE","A","A"
"{DEMO6A6E-0404-0B77-3134-0000000002F4}",99800,"2020-04-16 00:00","HX5 2EE","T","N","F","80","","DEMO STREET","","HALIFAX","CALDERDALE","WEST YORKSHIRE","A","A"
"{DEMO4383-4209-63DE-B3EE-0000000002F5}",165500,"2020-04-17 00:00","HX7 6UU","D","N","F","74","","DEMO STREET","","HALIFAX","CALDERDALE","WEST YORKSHIRE","A","A"
"{DEMOF24C-7166-AF69-3A38-0000000002F6}",49400,"2020-04-18 00:00","HX2 9HY","S","N","F","54","","DEMO STREET","","HALIFAX","CALDERDALE","WEST YORKSHIRE","A","A"
"{DEMODC37-2850-2C61-3C67-0000000002F7}",45800,"2020-04-18 00:00","HX4 5NQ","S","N","F","10","","DEMO STREET","","HALIFAX","CALDERDALE","WEST YORKSHIRE","A","A"
"{DEMO6EAD-9300-E5EC-3A77-0000000002F8}",101400,"2020-04-18 00:00","HX3 8LW","S","N","F","89","","DEMO STREET","","HALIFAX","CALDERDALE","WEST YORKSHIRE","A","A"
"{DEMOECE6-F978-B673-CA66-0000000002F9}",120400,"2020-04-19 00:00","HX6 3FB","S","N","F","90","","DEMO STREET","","HALIFAX","CALDERDALE","WEST YORKSHIRE","A","A"
"{DEMO4EFC-8C0F-8C62-043A-0000000002FA}",136700,"2020-04-20 00:00","HX7 3UQ","S","N","F","102","","DEMO STREET","","HALIFAX","CALDERDALE","WEST YORKSHIRE","A","A"
"{DEMO13A3-BEE2-07DB-87A1-0000000002FB}",123400,"2020-04-21 00:00","HX4 6QX","T","N","F","94","","DEMO STREET","","HALIFAX","CALDERDALE","WEST YORKSHIRE","A","A"
"{DEMO1D0C-F706-D96E-7274-0000000002FC}",303800,"2020-04-21 00:00","HX4 6XY","D","N","F","93","","DEMO STREET","","HALIFAX","CALDERDALE","WEST YORKSHIRE","A","A"
"{DEMOB287-E333-FDE0-CFF2-0000000002FD}",539800,"2020-04-22 00:00","HX6 4QY","D","N","F","3","","DEMO STREET","","HALIFAX","CALDERDALE","WEST YORKSHIRE","A","A"
"{DEMOBB32-5BBB-033C-A42B-0000000002FE}",314900,"2020-04-22 00:00","HX4 6PF","T","Y","F","115","","DEMO STREET","","HALIFAX","CALDERDALE","WEST YORKSHIRE","A","A"
"{DEMO5322-024F-E642-21BE-0000000002FF}",87600,"2020-04-25 00:00","HX4 8QR","T","N","F","33","","DEMO STREET","","HALIFAX","CALDERDALE","WEST YORKSHIRE","A","A"
"{DEMOAA29-1ECE-50B0-5D4F-000000000300}",188300,"2020-04-25 00:00","HX2 5AT","T","N","F","23","","DEMO STREET","","HALIFAX","CALDERDALE","WEST YORKSHIRE","A","A"
"{DEMO5B1B-AF5A-513E-B22E-000000000301}",301400,"2020-04-26 00:00","HX3 1HW","F","N","L","86","","DEMO STREET","","HALIFAX","CALDERDALE","WEST YORKSHIRE","A","A"
"{DEMO9892-0C5D-930A-783B-000000000302}",184600,"2020-04-27 00:00","HX2 9BW","T","N","F","11","","DEMO STREET","","HALIFAX","CALDERDALE","WEST YORKSHIRE","A","A"
"{DEMO9151-CB7B-12FC-F5BE-000000000303}",318900,"2020-04-27 00:00","HX3 5FL","F","N","L","51","","DEMO STREET","","HALIFAX","CALDERDALE","WEST YORKSHIRE","A","A"
"{DEMOC73C-7611-C83F-1206-000000000304}",59000,"2020-04-28 00:00","HX7 5XT","T","N","F","13","","DEMO STREET","","HALIFAX","CALDERDALE","WEST YORKSHIRE","A","A"
"{DEMO761C-0847-62AD-6E7F-000000000305}",78000,"2020-04-28 00:00","HX4 5SW","T","N","F","44","","DEMO STREET","","HALIFAX","CALDERDALE","WEST YORKSHIRE","A","A"
"{DEMOA49C-59A6-3115-39AA-000000000306}",81900,"2020-05-01 00:00","HX7 7LP","S","N","F","116","","DEMO STREET","","HALIFAX","CALDERDALE","WEST YORKSHIRE","A","A"
"{DEMO4E6B-D243-EC17-5536-000000000307}",42100,"2020-05-01 00:00","HX4 4BU","F","N","L","33","","DEMO STREET","","HALIFAX","CALDERDALE","WEST YORKSHIRE","A","A"
"{DEMOAEF5-6282-6345-7980-000000000308}",91100,"2020-05-01 00:00","HX6 8WY","T","N","F","13","","DEMO STREET","","HALIFAX","CALDERDALE","WEST YORKSHIRE","A","A"
"{DEMO7311-6B2D-9D9E-72E8-000000000309}",36900,"2020-05-03 00:00","HX2 1WY","F","N","L","19","","DEMO STREET","","HALIFAX","CALDERDALE","WEST YORKSHIRE","A","A"
"{DEMO5806-BE2E-5341-661D-00000000030A}",131100,"2020-05-03 00:00","HX2 0TJ","S","N","F","113","","DEMO STREET","","HALIFAX","CALDERDALE","WEST YORKSHIRE","A","A"
"{DEMO3852-8BB5-45E5-AD8C-00000000030B}",257500,"2020-05-05 00:00","HX4 9PX","T","N","F","96","","DEMO STREET","","HALIFAX","CALDERDALE","WEST YORKSHIRE","A","A"
"{DEMO8A30-C668-675D-F935-00000000030C}",43200,"2020-05-05 00:00","HX5 2FY","S","N","F","63","","DEMO STREET","","HALIFAX","CALDERDALE","WEST YORKSHIRE","A","A"
"{DEMO01C8-C9C5-5C65-935C-00000000030D}",210000,"2020-05-07 00:00","HX3 4LZ","T","N","F","101","","DEMO STREET","","HALIFAX","CALDERDALE","WEST YORKSHIRE","A","A"
"{DEMO4A44-24CD-4568-99A0-00000000030E}",42500,"2020-05-08 00:00","HX4 1ZW","S","N","F","88","","DEMO STREET","","HALIFAX","CALDERDALE","WEST YORKSHIRE","A","A"
"{DEMO479E-CF85-72FB-75C1-00000000030F}",148500,"2020-05-08 00:00","HX4 2FA","D","N","F","28","","DEMO STREET","","HALIFAX","CALDERDALE","WEST YORKSHIRE","A","A"
"{DEMO4C04-6361-E21C-BA7F-000000000310}",53400,"2020-05-08 00:00","HX5 6WT","T","N","F","35","","DEMO STREET","","HALIFAX","CALDERDALE","WEST YORKSHIRE","A","A"
"{DEMOB920-6675-2209-2CE7-000000000311}",130400,"2020-05-08 00:00","HX2 7UF","T","N","F","13","","DEMO STREET","","HALIFAX","CALDERDALE","WEST YORKSHIRE","A","A"
"{DEMO0D7C-28E6-DEC4-5655-000000000312}",99000,"2020-05-09 00:00","HX1 5GF","D","N","F","83","","DEMO STREET","","HALIFAX","CALDERDALE","WEST YORKSHIRE","A","A"
"{DEMO41A1-E2F8-552A-012B-000000000313}",199900,"2020-05-09 00:00","HX1 6SG","T","N","F","12","","DEMO STREET","","HALIFAX","CALDERDALE","WEST YORKSHIRE","A","A"
"{DEMOC7E4-998C-7F21-47F9-000000000314}",86100,"2020-05-09 00:00","HX2 9YW","T","N","F","77","","DEMO STREET","","HALIFAX","CALDERDALE","WEST YORKSHIRE","A","A"
"{DEMOB4D1-9030-7E3A-4D16-000000000315}",165600,"2020-05-10 00:00","HX2 0PG","S","N","F","118","","DEMO STREET","","HALIFAX","CALDERDALE","WEST YORKSHIRE","A","A"
"{DEMO6700-5C25-06B3-C0D8-000000000316}",253600,"2020-05-10 00:00","HX3 9XS","T","N","F","101","","DEMO STREET","","HALIFAX","CALDERDALE","WEST YORKSHIRE","A","A"
"{DEMOB6B9-1DA5-364F-78CF-000000000317}",127700,"2020-05-12 00:00","HX6 9EY","D","N","F","17","","DEMO STREET","","HALIFAX","CALDERDALE","WEST YORKSHIRE","A","A"
"{DEMOBC9A-0C40-F9FC-531E-000000000318}",176300,"2020-05-12 00:00","HX6 2GE","F","N","L","43","","DEMO STREET","","HALIFAX","CALDERDALE","WEST YORKSHIRE","A","A"
"{DEMO889B-044D-1C58-1F86-000000000319}",251700,"2020-05-12 00:00","HX3 9FR","S","N","F","104","","DEMO STREET","","HALIFAX","CALDERDALE","WEST YORKSHIRE","A","A"
"{DEMOA271-A866-EBB9-5EA7-00000000031A}",62600,"2020-05-13 00:00","HX2 9BR","T","N","F","5","","DEMO STREET","","HALIFAX","CALDERDALE","WEST YORKSHIRE","A","A"
"{DEMO1E5A-E05F-04A1-FBFC-00000000031B}",597000,"2020-05-13 00:00","HX1 2YA","D","N","F","112","","DEMO STREET","","HALIFAX","CALDERDALE","WEST YORKSHIRE","A","A"
"{DEMOE676-BE2E-760A-20DA-00000000031C}",120100,"2020-05-13 00:00","HX4 3UT","F","N","L","111","","DEMO STREET","","HALIFAX","CALDERDALE","WEST YORKSHIRE","A","A"
"{DEMOE4AF-B6AE-61CF-DD61-00000000031D}",270900,"2020-05-14 00:00","HX1 6PP","S","N","F","13","","DEMO STREET","","HALIFAX","CALDERDALE","WEST YORKSHIRE","A","A"
"{DEMO9FBC-4087-ABA7-FB2A-00000000031E}",237600,"2020-05-15 00:00","HX1 6SP","D","N","F","86","","DEMO STREET","","HALIFAX","CALDERDALE","WEST YORKSHIRE","A","A"
"{DEMO9D56-9587-0796-5076-00000000031F}",47800,"2020-05-17 00:00","HX5 9LJ","S","N","F","68","","DEMO STREET","","HALIFAX","CALDERDALE","WEST YORKSHIRE","A","A"
"{DEMO11C0-1CA5-07EA-5B8D-000000000320}",96200,"2020-05-17 00:00","HX7 6HQ","D","N","F","31","","DEMO STREET","","HALIFAX","CALDERDALE","WEST YORKSHIRE","A","A"
"{DEMO1422-B656-9D27-7164-000000000321}",312500,"2020-05-18 00:00","HX7 3ZJ","D","N","F","105","","DEMO STREET","","HALIFAX","CALDERDALE","WEST YORKSHIRE","A","A"
"{DEMO46AD-AD49-62A2-B7F5-000000000322}",105000,"2020-05-18 00:00","HX1 6SG","D","N","F","29","","DEMO STREET","","HALIFAX","CALDERDALE","WEST YORKSHIRE","A","A"
"{DEMO815A-9A78-F036-2A55-000000000323}",243500,"2020-05-18 00:00","HX4 0DZ","F","Y","L","62","","DEMO STREET","","HALIFAX","CALDERDALE","WEST YORKSHIRE","A","A"
"{DEMO28ED-41A4-6776-B280-000000000324}",318400,"2020-05-19 00:00","HX6 9RP","S","N","F","9","","DEMO STREET","","HALIFAX","CALDERDALE","WEST YORKSHIRE","A","A"
"{DEMO37D7-D5A4-6D6D-491A-000000000325}",180300,"2020-05-19 00:00","HX7 3UQ","D","N","F","48","","DEMO STREET","","HALIFAX","CALDERDALE","WEST YORKSHIRE","A","A"
"{DEMO484B-E723-4B1E-670F-000000000326}",279600,"2020-05-19 00:00","HX3 8SW","T","N","F","96","","DEMO STREET","","HALIFAX","CALDERDALE","WEST YORKSHIRE","A","A"
"{DEMO1228-7C6F-BF24-CD91-000000000327}",61300,"2020-05-21 00:00","HX5 4WY","D","N","F","10","","DEMO STREET","","HALIFAX","CALDERDALE","WEST YORKSHIRE","A","A"
"{DEMO893C-A083-D197-9379-000000000328}",207100,"2020-05-21 00:00","HX7 9GJ","S","N","F","95","","DEMO STREET","","HALIFAX","CALDERDALE","WEST YORKSHIRE","A","A"
"{DEMO2414-A1DE-6BD9-D987-000000000329}",244800,"2020-05-23 00:00","HX3 1HW","D","N","F","114","","DEMO STREET","","HALIFAX","CALDERDALE","WEST YORKSHIRE","A","A"
"{DEMOB545-6713-F130-28D3-00000000032A}",125400,"2020-05-24 00:00","HX3 4RX","T","N","F","70","","DEMO STREET","","HALIFAX","CALDERDALE","WEST YORKSHIRE","A","A"
"{DEMO61D4-728A-0038-0CBF-00000000032B}",161700,"2020-05-25 00:00","HX4 3WF","D","N","F","76","","DEMO STREET","","HALIFAX","CALDERDALE","WEST YORKSHIRE","A","A"
"{DEMO5B9A-06D6-C2C5-D5A9-00000000032C}",37100,"2020-05-25 00:00","HX7 1XQ","D","N","F","50","","DEMO STREET","","HALIFAX","CALDERDALE","WEST YORKSHIRE","A","A"
"{DEMO911C-BCEB-D089-8BE5-00000000032D}",150500,"2020-05-26 00:00","HX6 7DN","T","N","F","92","","DEMO STREET","","HALIFAX","CALDERDALE","WEST YORKSHIRE","A","A"
"{DEMO102F-632D-E889-9021-00000000032E}",85700,"2020-05-26 00:00","HX5 0QY","D","N","F","66","","DEMO STREET","","HALIFAX","CALDERDALE","WEST YORKSHIRE","A","A"
"{DEMOE0E2-33B8-F291-541A-00000000032F}",209000,"2020-05-26 00:00","HX5 2EE","S","N","F","87","","DEMO STREET","","HALIFAX","CALDERDALE","WEST YORKSHIRE","A","A"
"{DEMO2F97-21B3-97DB-82D4-000000000330}",114000,"2020-05-26 00:00","HX7 7TH","S","Y","F","99","","DEMO STREET","","HALIFAX","CALDERDALE","WEST YORKSHIRE","A","A"
"{DEMOBE02-04A3-0EA6-1D8F-000000000331}",113100,"2020-05-27 00:00","HX2 4FU","D","N","F","94","","DEMO STREET","","HALIFAX","CALDERDALE","WEST YORKSHIRE","A","A"
"{DEMOE946-7500-7EE2-911F-000000000332}",102700,"2020-05-28 00:00","HX4 8PH","S","N","F","44","","DEMO STREET","","HALIFAX","CALDERDALE","WEST YORKSHIRE","A","A"
"{DEMO7180-F37E-A240-9EEB-000000000333}",135000,"2020-05-28 00:00","HX7 3GB","T","N","F","77","","DEMO STREET","","HALIFAX","CALDERDALE","WEST YORKSHIRE","A","A"
"{DEMO56B9-DABE-16D7-52FC-000000000334}",276000,"2020-06-01 00:00","HX4 8LE","S","N","F","8","","DEMO STREET","","HALIFAX","CALDERDALE","WEST YORKSHIRE","A","A"
"{DEMO8F92-25C6-97C5-C784-000000000335}",228100,"2020-06-01 00:00","HX7 6TW","T","N","F","3","","DEMO STREET","","HALIFAX","CALDERDALE","WEST YORKSHIRE","A","A"
"{DEMO4F4D-C6E5-FE73-6423-000000000336}",46000,"2020-06-02 00:00","HX3 8WW","D","N","F","46","","DEMO STREET","","HALIFAX","CALDERDALE","WEST YORKSHIRE","A","A"
"{DEMO4004-5423-1BD5-E66B-000000000337}",73200,"2020-06-02 00:00","HX7 9RB","S","N","F","118","","DEMO STREET","","HALIFAX","CALDERDALE","WEST YORKSHIRE","A","A"
"{DEMO64C0-AA6F-293D-5F2B-000000000338}",43900,"2020-06-02 00:00","HX3 4RH","D","N","F","26","","DEMO STREET","","HALIFAX","CALDERDALE","WEST YORKSHIRE","A","A"
"{DEMOFF60-A340-D1BF-87E3-000000000339}",112000,"2020-06-03 00:00","HX4 9PP","D","N","F","65","","DEMO STREET","","HALIFAX","CALDERDALE","WEST YORKSHIRE","A","A"
"{DEMO9276-9ADB-12C4-57D7-00000000033A}",188100,"2020-06-04 00:00","HX6 8FA","T","N","F","104","","DEMO STREET","","HALIFAX","CALDERDALE","WEST YORKSHIRE","A","A"
"{DEMOB318-16FD-33FF-BE11-00000000033B}",324500,"2020-06-06 00:00","HX5 9AS","T","N","F","29","","DEMO STREET","","HALIFAX","CALDERDALE","WEST YORKSHIRE","A","A"
"{DEMO950F-3606-8C83-D9A4-00000000033C}",125800,"2020-06-06 00:00","HX3 1PZ","T","N","F","110","","DEMO STREET","","HALIFAX","CALDERDALE","WEST YORKSHIRE","A","A"
"{DEMO9955-EE47-DB8F-EFF6-00000000033D}",234900,"2020-06-06 00:00","HX2 4FB","S","N","F","63","","DEMO STREET","","HALIFAX","CALDERDALE","WEST YORKSHIRE","A","A"
"{DEMO238E-DE1B-FE28-66C3-00000000033E}",140700,"2020-06-07 00:00","HX7 4BH","S","N","F","116","","DEMO STREET","","HALIFAX","CALDERDALE","WEST YORKSHIRE","A","A"
"{DEMO9D6E-9FEB-A580-EC19-00000000033F}",145600,"2020-06-07 00:00","HX2 5GQ","D","N","F","110","","DEMO STREET","","HALIFAX","CALDERDALE","WEST YORKSHIRE","A","A"
"{DEMOA22F-BE23-CC6A-B37F-000000000340}",61800,"2020-06-08 00:00","HX6 5WE","F","N","L","72","","DEMO STREET","","HALIFAX","CALDERDALE","WEST YORKSHIRE","A","A"
"{DEMO9A34-4929-10E4-C16C-000000000341}",81300,"2020-06-08 00:00","HX4 8YF","T","N","F","112","","DEMO STREET","","HALIFAX","CALDERDALE","WEST YORKSHIRE","A","A"
"{DEMO6B30-2013-D1A1-796D-000000000342}",279800,"2020-06-08 00:00","HX7 1FP","S","N","F","53","","DEMO STREET","","HALIFAX","CALDERDALE","WEST YORKSHIRE","A","A"
"{DEMO4C0A-DF38-30F3-47ED-000000000343}",205800,"2020-06-09 00:00","HX4 9YW","S","N","F","81","","DEMO STREET","","HALIFAX","CALDERDALE","WEST YORKSHIRE","A","A"
"{DEMO0F7E-26DB-2197-09CE-000000000344}",215900,"2020-06-09 00:00","HX6 3HR","T","N","F","89","","DEMO STREET","","HALIFAX","CALDERDALE","WEST YORKSHIRE","A","A"
"{DEMOF155-3BD5-0D44-86D5-000000000345}",252800,"2020-06-09 00:00","HX7 3JG","F","N","L","50","","DEMO STREET","","HALIFAX","CALDERDALE","WEST YORKSHIRE","A","A"
"{DEMO8EB3-953E-4DF6-917E-000000000346}",48400,"2020-06-10 00:00","HX6 0EW","F","N","L","16","","DEMO STREET","","HALIFAX","CALDERDALE","WEST YORKSHIRE","A","A"
"{DEMOCCDC-1095-34AA-2BC9-000000000347}",130900,"2020-06-10 00:00","HX3 8LW","T","N","F","87","","DEMO STREET","","HALIFAX","CALDERDALE","WEST YORKSHIRE","A","A"
"{DEMO66BB-2A57-68A7-73F7-000000000348}",289900,"2020-06-11 00:00","HX5 0ZG","T","N","F","101","","DEMO STREET","","HALIFAX","CALDERDALE","WEST YORKSHIRE","A","A"
"{DEMO1996-58F2-6954-681F-000000000349}",134900,"2020-06-11 00:00","HX7 2JG","S","Y","F","120","","DEMO STREET","","HALIFAX","CALDERDALE","WEST YORKSHIRE","A","A"
"{DEMOFB8D-4958-7720-FAA7-00000000034A}",480000,"2020-06-12 00:00","HX5 2ZR","F","N","L","67","","DEMO STREET","","HALIFAX","CALDERDALE","WEST YORKSHIRE","A","A"
"{DEMOA2F9-684B-988E-3DD2-00000000034B}",181900,"2020-06-12 00:00","HX3 5FL","T","N","F","45","","DEMO STREET","","HALIFAX","CALDERDALE","WEST YORKSHIRE","A","A"
"{DEMO8742-7DD2-21CD-27C6-00000000034C}",70400,"2020-06-12 00:00","HX3 2SG","F","N","L","89","","DEMO STREET","","HALIFAX","CALDERDALE","WEST YORKSHIRE","A","A"
"{DEMOD884-B64B-E74E-81AB-00000000034D}",285800,"2020-06-13 00:00","HX7 3SY","S","N","F","13","","DEMO STREET","","HALIFAX","CALDERDALE","WEST YORKSHIRE","A","A"
"{DEMO35EB-085E-D65C-8E9E-00000000034E}",57800,"2020-06-15 00:00","HX2 6JG","D","N","F","72","","DEMO STREET","","HALIFAX","CALDERDALE","WEST YORKSHIRE","A","A"
"{DEMOFFDC-1F15-DA27-365C-00000000034F}",286400,"2020-06-17 00:00","HX2 9BW","S","N","F","81","","DEMO STREET","","HALIFAX","CALDERDALE","WEST YORKSHIRE","A","A"
"{DEMOE76E-EF07-D9E9-5835-000000000350}",83100,"2020-06-17 00:00","HX5 1SN","D","N","F","92","","DEMO STREET","","HALIFAX","CALDERDALE","WEST YORKSHIRE","A","A"
"{DEMO9FBC-4AB4-209C-2EAD-000000000351}",274600,"2020-06-18 00:00","HX5 4ZB","D","N","F","87","","DEMO STREET","","HALIFAX","CALDERDALE","WEST YORKSHIRE","A","A"
"{DEMO883E-372E-BA5F-9E4A-000000000352}",105100,"2020-06-19 00:00","HX2 5TP","S","N","F","1","","DEMO STREET","","HALIFAX","CALDERDALE","WEST YORKSHIRE","A","A"
"{DEMODAF8-DD67-9393-B470-000000000353}",123700,"2020-06-20 00:00","HX6 3JG","D","N","F","52","","DEMO STREET","","HALIFAX","CALDERDALE","WEST YORKSHIRE","A","A"
"{DEMO1964-CD64-3B8B-F459-000000000354}",91800,"2020-06-21 00:00","HX1 6LR","D","N","F","54","","DEMO STREET","","HALIFAX","CALDERDALE","WEST YORKSHIRE","A","A"
"{DEMO0ACC-929E-89EC-066C-000000000355}",134700,"2020-06-21 00:00","HX1 9JZ","T","N","F","78","","DEMO STREET","","HALIFAX","CALDERDALE","WEST YORKSHIRE","A","A"
"{DEMO9EB9-0220-40CF-DD65-000000000356}",28500,"2020-06-22 00:00","HX2 4NP","T","N","F","114","","DEMO STREET","","HALIFAX","CALDERDALE","WEST YORKSHIRE","A","A"
"{DEMO2D7A-E153-6EA1-D128-000000000357}",169200,"2020-06-23 00:00","HX2 0NP","S","N","F","66","","DEMO STREET","","HALIFAX","CALDERDALE","WEST YORKSHIRE","A","A"
"{DEMO3020-2FE1-08F0-AC42-000000000358}",144500,"2020-06-23 00:00","HX4 7QZ","D","N","F","31","","DEMO STREET","","HALIFAX","CALDERDALE","WEST YORKSHIRE","A","A"
"{DEMOF310-22B8-002B-F3DF-000000000359}",178100,"2020-06-24 00:00","HX1 7DS","T","N","F","78","","DEMO STREET","","HALIFAX","CALDERDALE","WEST YORKSHIRE","A","A"
"{DEMO3CC2-198A-09FB-FE09-00000000035A}",55000,"2020-06-24 00:00","HX6 0NX","D","N","F","30","","DEMO STREET","","HALIFAX","CALDERDALE","WEST YORKSHIRE","A","A"
"{DEMO0C01-A1D2-CBD2-7A6D-00000000035B}",263000,"2020-06-25 00:00","HX1 0AY","S","N","F","76","","DEMO STREET","","HALIFAX","CALDERDALE","WEST YORKSHIRE","A","A"
"{DEMO8AC2-6080-C582-2E05-00000000035C}",175100,"2020-06-25 00:00","HX1 8WF","S","N","F","74","","DEMO STREET","","HALIFAX","CALDERDALE","WEST YORKSHIRE","A","A"
"{DEMO866B-A05D-0562-B7A9-00000000035D}",77500,"2020-06-25 00:00","HX3 0NQ","S","N","F","50","","DEMO STREET","","HALIFAX","CALDERDALE","WEST YORKSHIRE","A","A"
"{DEMO9240-F40F-885C-71DF-00000000035E}",152000,"2020-06-25 00:00","HX5 7QF","S","N","F","88","","DEMO STREET","","HALIFAX","CALDERDALE","WEST YORKSHIRE","A","A"
"{DEMO971B-E6D7-9A95-6FAB-00000000035F}",313200,"2020-06-26 00:00","HX3 4SF","D","N","F","87","","DEMO STREET","","HALIFAX","CALDERDALE","WEST YORKSHIRE","A","A"
"{DEMOBEE4-75C5-9425-69B7-000000000360}",98800,"2020-06-27 00:00","HX7 3FQ","D","N","F","107","","DEMO STREET","","HALIFAX","CALDERDALE","WEST YORKSHIRE","A","A"
"{DEMO9F95-50F3-A007-3B94-000000000361}",158500,"2020-06-27 00:00","HX2 9BR","F","N","L","28","","DEMO STREET","","HALIFAX","CALDERDALE","WEST YORKSHIRE","A","A"
"{DEMOE8BB-96E1-0CE7-D0A9-000000000362}",72700,"2020-06-27 00:00","HX3 7RP","T","N","F","103","","DEMO STREET","","HALIFAX","CALDERDALE","WEST YORKSHIRE","A","A"
"{DEMO93E5-FE4D-CE19-EA93-000000000363}",103100,"2020-06-28 00:00","HX6 0FP","S","N","F","63","","DEMO STREET","","HALIFAX","CALDERDALE","WEST YORKSHIRE","A","A"
"{DEMO0905-50F9-676C-975A-000000000364}",114000,"2020-06-28 00:00","HX2 4FU","S","N","F","89","","DEMO STREET","","HALIFAX","CALDERDALE","WEST YORKSHIRE","A","A"
"{DEMO8170-DD53-5C63-721B-000000000365}",84500,"2020-07-01 00:00","HX3 1GN","D","N","F","42","","DEMO STREET","","HALIFAX","CALDERDALE","WEST YORKSHIRE","A","A"
"{DEMOAAED-0156-E132-B2AE-000000000366}",121800,"2020-07-01 00:00","HX3 3AG","S","N","F","55","","DEMO STREET","","HALIFAX","CALDERDALE","WEST YORKSHIRE","A","A"
"{DEMO33B5-6E44-8F5F-2DC3-000000000367}",185100,"2020-07-01 00:00","HX3 3DN","T","N","F","45","","DEMO STREET","","HALIFAX","CALDERDALE","WEST YORKSHIRE","A","A"
"{DEMOF63F-432F-C8CB-7666-000000000368}",69400,"2020-07-01 00:00","HX6 6EE","S","N","F","63","","DEMO STREET","","HALIFAX","CALDERDALE","WEST YORKSHIRE","A","A"
"{DEMOCA68-25F6-07ED-6367-000000000369}",45900,"2020-07-02 00:00","HX6 0LN","T","N","F","75","","DEMO STREET","","HALIFAX","CALDERDALE","WEST YORKSHIRE","A","A"
"{DEMOC76C-85A9-2997-97C3-00000000036A}",112600,"2020-07-03 00:00","HX7 0YA","S","N","F","97","","DEMO STREET","","HALIFAX","CALDERDALE","WEST YORKSHIRE","A","A"
"{DEMO1F5A-279C-BA80-1F58-00000000036B}",134500,"2020-07-05 00:00","HX3 0DY","S","N","F","27","","DEMO STREET","","HALIFAX","CALDERDALE","WEST YORKSHIRE","A","A"
"{DEMOEBA6-2825-440C-EF15-00000000036C}",144100,"2020-07-05 00:00","HX2 2AZ","S","N","F","1","","DEMO STREET","","HALIFAX","CALDERDALE","WEST YORKSHIRE","A","A"
"{DEMO8650-A8C2-2E0B-4E1D-00000000036D}",50300,"2020-07-06 00:00","HX7 3SY","T","N","F","2","","DEMO STREET","","HALIFAX","CALDERDALE","WEST YORKSHIRE","A","A"
"{DEMO228D-3FB2-CE8E-7A44-00000000036E}",64100,"2020-07-06 00:00","HX4 1ZT","S","N","F","12","","DEMO STREET","","HALIFAX","CALDERDALE","WEST YORKSHIRE","A","A"
"{DEMO2C64-BD7B-F2B7-9E8B-00000000036F}",78100,"2020-07-07 00:00","HX7 0GD","S","N","F","111","","DEMO STREET","","HALIFAX","CALDERDALE","WEST YORKSHIRE","A","A"
"{DEMOC64D-8844-AE0F-6102-000000000370}",99500,"2020-07-07 00:00","HX2 2AZ","D","N","F","108","","DEMO STREET","","HALIFAX","CALDERDALE","WEST YORKSHIRE","A","A"
"{DEMO59CA-9CB2-DD50-4570-000000000371}",378600,"2020-07-08 00:00","HX7 3FQ","T","N","F","41","","DEMO STREET","","HALIFAX","CALDERDALE","WEST YORKSHIRE","A","A"
"{DEMO9EE4-EAA4-2A10-1108-000000000372}",52200,"2020-07-08 00:00","HX2 1WY","D","N","F","1","","DEMO STREET","","HALIFAX","CALDERDALE","WEST YORKSHIRE","A","A"
"{DEMO872E-8B43-0498-0C26-000000000373}",143000,"2020-07-08 00:00","HX2 6JG","T","N","F","98","","DEMO STREET","","HALIFAX","CALDERDALE","WEST YORKSHIRE","A","A"
"{DEMO3E5C-6CB6-235B-C5FF-000000000374}",82900,"2020-07-09 00:00","HX5 9PJ","F","Y","L","63","","DEMO STREET","","HALIFAX","CALDERDALE","WEST YORKSHIRE","A","A"
"{DEMO1B82-C321-5F2E-7666-000000000375}",242200,"2020-07-10 00:00","HX6 5JB","F","N","L","64","","DEMO STREET","","HALIFAX","CALDERDALE","WEST YORKSHIRE","A","A"
"{DEMO62A0-57E5-A907-02F3-000000000376}",63600,"2020-07-13 00:00","HX3 1HW","D","N","F","35","","DEMO STREET","","HALIFAX","CALDERDALE","WEST YORKSHIRE","A","A"
"{DEMO8DBE-6B6F-2AF0-643A-000000000377}",30700,"2020-07-13 00:00","HX5 2GH","T","N","F","28","","DEMO STREET","","HALIFAX","CALDERDALE","WEST YORKSHIRE","A","A"
"{DEMOCA3B-53AC-012C-57FA-000000000378}",130700,"2020-07-13 00:00","HX1 6SG","S","N","F","91","","DEMO STREET","","HALIFAX","CALDERDALE","WEST YORKSHIRE","A","A"
"{DEMOEE0F-67FE-2AC1-E4EB-000000000379}",85700,"2020-07-14 00:00","HX5 1ZF","D","N","F","83","","DEMO STREET","","HALIFAX","CALDERDALE","WEST YORKSHIRE","A","A"
"{DEMOE8CB-B12A-2F3A-1E49-00000000037A}",122800,"2020-07-16 00:00","HX7 3JG","D","N","F","44","","DEMO STREET","","HALIFAX","CALDERDALE","WEST YORKSHIRE","A","A"
"{DEMOF3B3-3261-97A9-C5A5-00000000037B}",50000,"2020-07-18 00:00","HX1 9UU","D","N","F","94","","DEMO STREET","","HALIFAX","CALDERDALE","WEST YORKSHIRE","A","A"
"{DEMO24BC-7579-6C5E-C42A-00000000037C}",95700,"2020-07-18 00:00","HX2 5UJ","S","N","F","98","","DEMO STREET","","HALIFAX","CALDERDALE","WEST YORKSHIRE","A","A"
"{DEMO8B98-5078-FB8B-8604-00000000037D}",121000,"2020-07-19 00:00","HX2 0TJ","F","N","L","108","","DEMO STREET","","HALIFAX","CALDERDALE","WEST YORKSHIRE","A","A"
"{DEMOBAFD-1A38-89E2-1293-00000000037E}",67200,"2020-07-19 00:00","HX7 6WW","T","N","F","15","","DEMO STREET","","HALIFAX","CALDERDALE","WEST YORKSHIRE","A","A"
"{DEMO3B15-CCCC-762B-7485-00000000037F}",69500,"2020-07-19 00:00","HX3 0DZ","T","Y","F","22","","DEMO STREET","","HALIFAX","CALDERDALE","WEST YORKSHIRE","A","A"
"{DEMOC60D-FBC5-E404-A1FF-000000000380}",129500,"2020-07-20 00:00","HX3 4FW","T","N","F","1","","DEMO STREET","","HALIFAX","CALDERDALE","WEST YORKSHIRE","A","A"
"{DEMOE195-F805-4AD3-D165-000000000381}",89900,"2020-07-20 00:00","HX2 9AZ","F","N","L","48","","DEMO STREET","","HALIFAX","CALDERDALE","WEST YORKSHIRE","A","A"
"{DEMO065B-84CD-AEAC-EDE3-000000000382}",96500,"2020-07-22 00:00","HX7 7BS","S","N","F","108","","DEMO STREET","","HALIFAX","CALDERDALE","WEST YORKSHIRE","A","A"
"{DEMOEE45-AFB3-0D75-96D6-000000000383}",119200,"2020-07-23 00:00","HX4 1UA","S","N","F","50","","DEMO STREET","","HALIFAX","CALDERDALE","WEST YORKSHIRE","A","A"
"{DEMO678D-0B7D-9AE0-FAE7-000000000384}",53800,"2020-07-23 00:00","HX4 9SD","S","N","F","118","","DEMO STREET","","HALIFAX","CALDERDALE","WEST YORKSHIRE","A","A"
"{DEMOE2E7-CB38-2705-D6D7-000000000385}",310100,"2020-07-23 00:00","HX4 2AS","S","Y","F","26","","DEMO STREET","","HALIFAX","CALDERDALE","WEST YORKSHIRE","A","A"
"{DEMOD1D0-CB05-0E09-4859-000000000386}",44500,"2020-07-23 00:00","HX7 1TQ","T","Y","F","65","","DEMO STREET","","HALIFAX","CALDERDALE","WEST YORKSHIRE","A","A"
"{DEMO6236-A442-6AB3-9753-000000000387}",329200,"2020-07-24 00:00","HX6 7GA","S","N","F","75","","DEMO STREET","","HALIFAX","CALDERDALE","WEST YORKSHIRE","A","A"
"{DEMO46C0-1A21-EBD0-9965-000000000388}",98500,"2020-07-24 00:00","HX5 9RX","T","N","F","106","","DEMO STREET","","HALIFAX","CALDERDALE","WEST YORKSHIRE","A","A"
"{DEMO1E85-87F7-C07E-2CD6-000000000389}",235500,"2020-07-24 00:00","HX4 1DQ","S","N","F","11","","DEMO STREET","","HALIFAX","CALDERDALE","WEST YORKSHIRE","A","A"
"{DEMO62D1-848A-6019-6C66-00000000038A}",163400,"2020-07-25 00:00","HX1 1ET","S","N","F","77","","DEMO STREET","","HALIFAX","CALDERDALE","WEST YORKSHIRE","A","A"
"{DEMO92E3-DBA0-4BEE-1CFA-00000000038B}",274400,"2020-07-27 00:00","HX3 0DZ","D","N","F","107","","DEMO STREET","","HALIFAX","CALDERDALE","WEST YORKSHIRE","A","A"
"{DEMO88D7-8545-5B31-FA3D-00000000038C}",54900,"2020-07-28 00:00","HX6 0BR","S","N","F","95","","DEMO STREET","","HALIFAX","CALDERDALE","WEST YORKSHIRE","A","A"
"{DEMO281C-E306-CDD1-B654-00000000038D}",138600,"2020-07-28 00:00","HX3 4LZ","S","N","F","77","","DEMO STREET","","HALIFAX","CALDERDALE","WEST YORKSHIRE","A","A"
"{DEMO35E3-B304-DBED-952E-00000000038E}",46400,"2020-07-28 00:00","HX7 5NX","D","N","F","64","","DEMO STREET","","HALIFAX","CALDERDALE","WEST YORKSHIRE","A","A"
"{DEMO19F4-B040-5A6A-9F7E-00000000038F}",332200,"2020-08-02 00:00","HX6 1LG","T","N","F","120","","DEMO STREET","","HALIFAX","CALDERDALE","WEST YORKSHIRE","A","A"
"{DEMOB93B-10E5-D3F9-F7A7-000000000390}",206100,"2020-08-03 00:00","HX4 5RY","S","N","F","93","","DEMO STREET","","HALIFAX","CALDERDALE","WEST YORKSHIRE","A","A"
"{DEMO7598-B4ED-A38F-387D-000000000391}",109100,"2020-08-03 00:00","HX6 9WN","S","N","F","21","","DEMO STREET","","HALIFAX","CALDERDALE","WEST YORKSHIRE","A","A"
"{DEMOCFA2-1ECE-5979-7A66-000000000392}",80300,"2020-08-03 00:00","HX3 0SL","F","N","L","107","","DEMO STREET","","HALIFAX","CALDERDALE","WEST YORKSHIRE","A","A"
"{DEMOAB3B-B66B-44EC-09D1-000000000393}",141300,"2020-08-03 00:00","HX1 1YE","S","N","F","61","","DEMO STREET","","HALIFAX","CALDERDALE","WEST YORKSHIRE","A","A"
"{DEMO7A1E-7A9C-896C-604F-000000000394}",81200,"2020-08-04 00:00","HX1 9QZ","S","N","F","39","","DEMO STREET","","HALIFAX","CALDERDALE","WEST YORKSHIRE","A","A"
"{DEMOF691-BFF7-2C09-17AF-000000000395}",137800,"2020-08-04 00:00","HX4 9WZ","T","N","F","52","","DEMO STREET","","HALIFAX","CALDERDALE","WEST YORKSHIRE","A","A"
"{DEMOC32E-33D1-C580-8F0A-000000000396}",110400,"2020-08-05 00:00","HX2 9RZ","S","N","F","61","","DEMO STREET","","HALIFAX","CALDERDALE","WEST YORKSHIRE","A","A"
"{DEMODEF8-1AFB-94A6-9BB8-000000000397}",153700,"2020-08-06 00:00","HX6 8FQ","T","N","F","29","","DEMO STREET","","HALIFAX","CALDERDALE","WEST YORKSHIRE","A","A"
"{DEMOC70C-7F37-1D93-12CD-000000000398}",244200,"2020-08-06 00:00","HX6 4AP","F","N","L","2","","DEMO STREET","","HALIFAX","CALDERDALE","WEST YORKSHIRE","A","A"
"{DEMO88A9-BF97-3319-8049-000000000399}",306100,"2020-08-07 00:00","HX1 2QW","T","N","F","65","","DEMO STREET","","HALIFAX","CALDERDALE","WEST YORKSHIRE","A","A"
"{DEMO643F-F5BD-0541-A03F-00000000039A}",77100,"2020-08-07 00:00","HX5 6XB","S","N","F","18","","DEMO STREET","","HALIFAX","CALDERDALE","WEST YORKSHIRE","A","A"
"{DEMO66AA-1875-63BC-550E-00000000039B}",407400,"2020-08-08 00:00","HX1 0AY","S","N","F","95","","DEMO STREET","","HALIFAX","CALDERDALE","WEST YORKSHIRE","A","A"
"{DEMO11EE-EFE2-A152-59F1-00000000039C}",271300,"2020-08-08 00:00","HX5 5PW","F","N","L","113","","DEMO STREET","","HALIFAX","CALDERDALE","WEST YORKSHIRE","A","A"
"{DEMOFE89-182D-5A57-9420-00000000039D}",122700,"2020-08-08 00:00","HX4 8XW","T","N","F","37","","DEMO STREET","","HALIFAX","CALDERDALE","WEST YORKSHIRE","A","A"
"{DEMO5510-E7C5-D6B2-86A4-00000000039E}",34900,"2020-08-08 00:00","HX2 7HD","F","N","L","114","","DEMO STREET","","HALIFAX","CALDERDALE","WEST YORKSHIRE","A","A"
"{DEMO5062-322D-E49C-5B24-00000000039F}",48700,"2020-08-09 00:00","HX4 1WG","T","N","F","2","","DEMO STREET","","HALIFAX","CALDERDALE","WEST YORKSHIRE","A","A"
"{DEMOB88C-DC90-A874-FE80-0000000003A0}",29900,"2020-08-10 00:00","HX6 1EG","D","N","F","42","","DEMO STREET","","HALIFAX","CALDERDALE","WEST YORKSHIRE","A","A"
"{DEMOCFB6-61E4-90AF-C657-0000000003A1}",182600,"2020-08-10 00:00","HX1 8AY","D","N","F","11","","DEMO STREET","","HALIFAX","CALDERDALE","WEST YORKSHIRE","A","A"
"{DEMOC63B-8B3C-74A6-3684-0000000003A2}",105800,"2020-08-10 00:00","HX6 6TG","D","N","F","70","","DEMO STREET","","HALIFAX","CALDERDALE","WEST YORKSHIRE","A","A"
"{DEMOF5FD-00FF-4471-54F0-0000000003A3}",42700,"2020-08-11 00:00","HX1 1EL","S","N","F","89","","DEMO STREET","","HALIFAX","CALDERDALE","WEST YORKSHIRE","A","A"
"{DEMO38C0-B7EF-44A8-ED4B-0000000003A4}",152300,"2020-08-12 00:00","HX3 8QF","S","N","F","113","","DEMO STREET","","HALIFAX","CALDERDALE","WEST YORKSHIRE","A","A"
"{DEMOEAE9-0D09-8F57-2C17-0000000003A5}",63100,"2020-08-13 00:00","HX1 7NQ","T","N","F","24","","DEMO STREET","","HALIFAX","CALDERDALE","WEST YORKSHIRE","A","A"
"{DEMO7A8D-CC8A-29F0-078B-0000000003A6}",51500,"2020-08-14 00:00","HX4 5NQ","D","N","F","111","","DEMO STREET","","HALIFAX","CALDERDALE","WEST YORKSHIRE","A","A"
"{DEMO43B4-7C4E-8547-4693-0000000003A7}",193600,"2020-08-14 00:00","HX7 3SY","S","N","F","43","","DEMO STREET","","HALIFAX","CALDERDALE","WEST YORKSHIRE","A","A"
"{DEMOD417-497F-0CF8-132A-0000000003A8}",94100,"2020-08-14 00:00","HX7 5PU","T","N","F","118","","DEMO STREET","","HALIFAX","CALDERDALE","WEST YORKSHIRE","A","A"
"{DEMOF1D5-F0C7-D9A0-4464-0000000003A9}",81000,"2020-08-15 00:00","HX7 2UH","F","N","L","89","","DEMO STREET","","HALIFAX","CALDERDALE","WEST YORKSHIRE","A","A"
"{DEMOE356-1E89-B4AD-973D-0000000003AA}",18300,"2020-08-15 00:00","HX4 1PQ","T","N","F","111","","DEMO STREET","","HALIFAX","CALDERDALE","WEST YORKSHIRE","A","A"
"{DEMOC4D1-2485-0A88-82BC-0000000003AB}",73100,"2020-08-16 00:00","HX6 5QR","S","N","F","24","","DEMO STREET","","HALIFAX","CALDERDALE","WEST YORKSHIRE","A","A"
"{DEMOCF8B-F310-E7E0-7720-0000000003AC}",79300,"2020-08-17 00:00","HX6 9EY","S","N","F","57","","DEMO STREET","","HALIFAX","CALDERDALE","WEST YORKSHIRE","A","A"
"{DEMO9BE2-EDB5-7E12-B443-0000000003AD}",203900,"2020-08-17 00:00","HX5 7QF","T","N","F","110","","DEMO STREET","","HALIFAX","CALDERDALE","WEST YORKSHIRE","A","A"
"{DEMO856F-D82A-6028-20BF-0000000003AE}",125100,"2020-08-18 00:00","HX1 5ZD","F","N","L","39","","DEMO STREET","","HALIFAX","CALDERDALE","WEST YORKSHIRE","A","A"
"{DEMO1AD6-86E9-A33A-09B4-0000000003AF}",159900,"2020-08-19 00:00","HX5 4WY","D","N","F","106","","DEMO STREET","","HALIFAX","CALDERDALE","WEST YORKSHIRE","A","A"
"{DEMOA9BF-11B2-C736-7F8B-0000000003B0}",82800,"2020-08-20 00:00","HX5 1ZF","S","N","F","29","","DEMO STREET","","HALIFAX","CALDERDALE","WEST YORKSHIRE","A","A"
"{DEMOD11D-6838-C87D-CF9B-0000000003B1}",198800,"2020-08-20 00:00","HX7 3SY","S","N","F","6","","DEMO STREET","","HALIFAX","CALDERDALE","WEST YORKSHIRE","A","A"
"{DEMOAAF7-6A88-68E1-7A64-0000000003B2}",103100,"2020-08-20 00:00","HX6 6LQ","F","N","L","10","","DEMO STREET","","HALIFAX","CALDERDALE","WEST YORKSHIRE","A","A"
"{DEMO2389-DC10-2748-AC02-0000000003B3}",351000,"2020-08-20 00:00","HX2 6UB","T","Y","F","18","","DEMO STREET","","HALIFAX","CALDERDALE","WEST YORKSHIRE","A","A"
"{DEMOF60D-7AC1-F19C-F9DD-0000000003B4}",147100,"2020-08-21 00:00","HX4 9WZ","D","N","F","8","","DEMO STREET","","HALIFAX","CALDERDALE","WEST YORKSHIRE","A","A"
"{DEMOB926-0CF1-DB2C-68E6-0000000003B5}",96800,"2020-08-22 00:00","HX3 4LZ","F","N","L","38","","DEMO STREET","","HALIFAX","CALDERDALE","WEST YORKSHIRE","A","A"
"{DEMO2FDD-5E93-C78F-CA13-0000000003B6}",121700,"2020-08-22 00:00","HX6 6LX","D","N","F","9","","DEMO STREET","","HALIFAX","CALDERDALE","WEST YORKSHIRE","A","A"
"{DEMOF15D-4BE1-AFCC-0F1B-0000000003B7}",298300,"2020-08-24 00:00","HX7 4YT","S","N","F","22","","DEMO STREET","","HALIFAX","CALDERDALE","WEST YORKSHIRE","A","A"
"{DEMOD7A9-8E46-A2E8-3A4A-0000000003B8}",35300,"2020-08-24 00:00","HX6 1LG","T","N","F","9","","DEMO STREET","","HALIFAX","CALDERDALE","WEST YORKSHIRE","A","A"
"{DEMODDDC-E010-17A9-95D6-0000000003B9}",169700,"2020-08-24 00:00","HX4 5JJ","S","N","F","55","","DEMO STREET","","HALIFAX","CALDERDALE","WEST YORKSHIRE","A","A"
"{DEMOCA9F-013E-BA61-5B8E-0000000003BA}",141600,"2020-08-24 00:00","HX2 3UJ","S","N","F","54","","DEMO STREET","","HALIFAX","CALDERDALE","WEST YORKSHIRE","A","A"
"{DEMOD2E3-7220-7B15-D9F8-0000000003BB}",203400,"2020-08-24 00:00","HX6 4ZZ","S","N","F","106","","DEMO STREET","","HALIFAX","CALDERDALE","WEST YORKSHIRE","A","A"
"{DEMO261F-2BB1-C51C-63C9-0000000003BC}",319700,"2020-08-25 00:00","HX4 1FT","S","N","F","97","","DEMO STREET","","HALIFAX","CALDERDALE","WEST YORKSHIRE","A","A"
"{DEMO4026-5330-35AF-968C-0000000003BD}",69500,"2020-08-25 00:00","HX4 0TZ","D","N","F","32","","DEMO STREET","","HALIFAX","CALDERDALE","WEST YORKSHIRE","A","A"
"{DEMOB5C5-9CD3-9A67-0A67-0000000003BE}",107700,"2020-08-25 00:00","HX7 9WY","T","N","F","120","","DEMO STREET","","HALIFAX","CALDERDALE","WEST YORKSHIRE","A","A"
"{DEMO6220-1212-BB93-AAFD-0000000003BF}",242100,"2020-08-27 00:00","HX7 4UL","T","N","F","96","","DEMO STREET","","HALIFAX","CALDERDALE","WEST YORKSHIRE","A","A"
"{DEMOE48B-A481-45B3-67CB-0000000003C0}",683900,"2020-08-27 00:00","HX5 3HP","T","Y","F","82","","DEMO STREET","","HALIFAX","CALDERDALE","WEST YORKSHIRE","A","A"
"{DEMO907E-FC21-57B5-93FD-0000000003C1}",55900,"2020-08-28 00:00","HX2 4SP","D","N","F","95","","DEMO STREET","","HALIFAX","CALDERDALE","WEST YORKSHIRE","A","A"
"{DEMO0471-CB57-C5E3-64D6-0000000003C2}",139400,"2020-09-01 00:00","HX6 2GE","F","N","L","3","","DEMO STREET","","HALIFAX","CALDERDALE","WEST YORKSHIRE","A","A"
"{DEMO72B4-10A8-07AF-C783-0000000003C3}",303200,"2020-09-01 00:00","HX2 5JS","D","N","F","21","","DEMO STREET","","HALIFAX","CALDERDALE","WEST YORKSHIRE","A","A"
"{DEMO4919-47EF-3633-02C6-0000000003C4}",147700,"2020-09-01 00:00","HX6 7HR","D","N","F","75","","DEMO STREET","","HALIFAX","CALDERDALE","WEST YORKSHIRE","A","A"
"{DEMO8F28-76B7-7B1A-E882-0000000003C5}",78900,"2020-09-01 00:00","HX4 7JY","T","N","F","22","","DEMO STREET","","HALIFAX","CALDERDALE","WEST YORKSHIRE","A","A"
"{DEMO7C2A-F06D-9CFC-BF58-0000000003C6}",81400,"2020-09-01 00:00","HX2 2EL","S","N","F","76","","DEMO STREET","","HALIFAX","CALDERDALE","WEST YORKSHIRE","A","A"
"{DEMO6CD5-6911-09ED-D588-0000000003C7}",75700,"2020-09-01 00:00","HX6 0QF","S","N","F","18","","DEMO STREET","","HALIFAX","CALDERDALE","WEST YORKSHIRE","A","A"
"{DEMO07DF-CD49-8D98-AB53-0000000003C8}",76500,"2020-09-02 00:00","HX3 8LW","S","N","F","85","","DEMO STREET","","HALIFAX","CALDERDALE","WEST YORKSHIRE","A","A"
"{DEMOEEE1-1BD9-009D-7D2B-0000000003C9}",49800,"2020-09-03 00:00","HX4 6QX","T","N","F","66","","DEMO STREET","","HALIFAX","CALDERDALE","WEST YORKSHIRE","A","A"
"{DEMO1830-DD2C-BBFA-DB4A-0000000003CA}",136200,"2020-09-03 00:00","HX4 0TZ","D","N","F","116","","DEMO STREET","","HALIFAX","CALDERDALE","WEST YORKSHIRE","A","A"
"{DEMOD837-84FD-321A-3750-0000000003CB}",305000,"2020-09-04 00:00","HX3 4SF","D","N","F","27","","DEMO STREET","","HALIFAX","CALDERDALE","WEST YORKSHIRE","A","A"
"{DEMO1118-28DA-4C38-6D57-0000000003CC}",99100,"2020-09-04 00:00","HX6 7HR","S","N","F","91","","DEMO STREET","","HALIFAX","CALDERDALE","WEST YORKSHIRE","A","A"
"{DEMO221D-42D4-5641-987A-0000000003CD}",60300,"2020-09-05 00:00","HX6 0BR","D","N","F","76","","DEMO STREET","","HALIFAX","CALDERDALE","WEST YORKSHIRE","A","A"
"{DEMO7082-A61B-AAAD-73B8-0000000003CE}",71500,"2020-09-05 00:00","HX6 2GJ","S","N","F","21","","DEMO STREET","","HALIFAX","CALDERDALE","WEST YORKSHIRE","A","A"
"{DEMOCDC2-9A07-3692-6F89-0000000003CF}",78700,"2020-09-05 00:00","HX6 8XH","S","N","F","45","","DEMO STREET","","HALIFAX","CALDERDALE","WEST YORKSHIRE","A","A"
"{DEMOC990-D3BD-DF8C-C84C-0000000003D0}",301000,"2020-09-06 00:00","HX4 2SH","D","N","F","57","","DEMO STREET","","HALIFAX","CALDERDALE","WEST YORKSHIRE","A","A"
"{DEMOCBDC-EE63-5007-DCC9-0000000003D1}",42000,"2020-09-06 00:00","HX4 3QG","T","N","F","36","","DEMO STREET","","HALIFAX","CALDERDALE","WEST YORKSHIRE","A","A"
"{DEMO0FA1-C74E-E7C1-A3E8-0000000003D2}",43400,"2020-09-06 00:00","HX3 7LQ","D","Y","F","109","","DEMO STREET","","HALIFAX","CALDERDALE","WEST YORKSHIRE","A","A"
"{DEMOF0FF-FA5C-2978-FD1D-0000000003D3}",176500,"2020-09-09 00:00","HX4 8HX","S","Y","F","81","","DEMO STREET","","HALIFAX","CALDERDALE","WEST YORKSHIRE","A","A"
"{DEMO7A45-A38E-8076-37B6-0000000003D4}",211300,"2020-09-10 00:00","HX2 4SP","F","N","L","90","","DEMO STREET","","HALIFAX","CALDERDALE","WEST YORKSHIRE","A","A"
"{DEMOAD0C-5A01-C581-4549-0000000003D5}",17400,"2020-09-10 00:00","HX7 1XQ","T","N","F","84","","DEMO STREET","","HALIFAX","CALDERDALE","WEST YORKSHIRE","A","A"
"{DEMO3BA5-2A05-5281-575A-0000000003D6}",103200,"2020-09-10 00:00","HX5 3YW","D","N","F","15","","DEMO STREET","","HALIFAX","CALDERDALE","WEST YORKSHIRE","A","A"
"{DEMO2479-8CCC-0AB6-6356-0000000003D7}",265800,"2020-09-10 00:00","HX2 6TP","S","N","F","112","","DEMO STREET","","HALIFAX","CALDERDALE","WEST YORKSHIRE","A","A"
"{DEMODDD7-BE75-3BB3-5277-0000000003D8}",42400,"2020-09-11 00:00","HX3 4LZ","D","N","F","14","","DEMO STREET","","HALIFAX","CALDERDALE","WEST YORKSHIRE","A","A"
"{DEMOC72F-B715-BDC2-4999-0000000003D9}",120000,"2020-09-11 00:00","HX2 0AS","F","N","L","87","","DEMO STREET","","HALIFAX","CALDERDALE","WEST YORKSHIRE","A","A"
"{DEMO955F-33CD-2797-67DA-0000000003DA}",145800,"2020-09-12 00:00","HX4 5HR","T","N","F","95","","DEMO STREET","","HALIFAX","CALDERDALE","WEST YORKSHIRE","A","A"
"{DEMO37C9-E04B-C43C-1D53-0000000003DB}",106600,"2020-09-12 00:00","HX7 1TQ","D","N","F","120","","DEMO STREET","","HALIFAX","CALDERDALE","WEST YORKSHIRE","A","A"
"{DEMOF3A5-CC23-C035-CAA2-0000000003DC}",315900,"2020-09-12 00:00","HX2 4FU","T","N","F","106","","DEMO STREET","","HALIFAX","CALDERDALE","WEST YORKSHIRE","A","A"
"{DEMO7794-3B2F-1D32-261D-0000000003DD}",51400,"2020-09-13 00:00","HX5 9NP","S","N","F","1","","DEMO STREET","","HALIFAX","CALDERDALE","WEST YORKSHIRE","A","A"
"{DEMOD20D-E7C4-986E-54CD-0000000003DE}",51400,"2020-09-13 00:00","HX3 4ZD","S","N","F","93","","DEMO STREET","","HALIFAX","CALDERDALE","WEST YORKSHIRE","A","A"
"{DEMO5666-EF16-6288-A893-0000000003DF}",517500,"2020-09-13 00:00","HX1 4HX","T","N","F","21","","DEMO STREET","","HALIFAX","CALDERDALE","WEST YORKSHIRE","A","A"
"{DEMOECFA-A5D4-9999-3126-0000000003E0}",177800,"2020-09-13 00:00","HX4 3WF","F","N","L","64","","DEMO STREET","","HALIFAX","CALDERDALE","WEST YORKSHIRE","A","A"
"{DEMO47D0-2739-1928-96E8-0000000003E1}",89200,"2020-09-13 00:00","HX1 3ZW","S","N","F","74","","DEMO STREET","","HALIFAX","CALDERDALE","WEST YORKSHIRE","A","A"
"{DEMO267B-C8D2-A389-ECB9-0000000003E2}",105900,"2020-09-14 00:00","HX5 2ZR","S","N","F","71","","DEMO STREET","","HALIFAX","CALDERDALE","WEST YORKSHIRE","A","A"
"{DEMOF446-E592-6066-9D34-0000000003E3}",123800,"2020-09-14 00:00","HX1 6YL","F","N","L","117","","DEMO STREET","","HALIFAX","CALDERDALE","WEST YORKSHIRE","A","A"
"{DEMOB122-63A8-93C9-F097-0000000003E4}",168300,"2020-09-14 00:00","HX2 6PW","F","N","L","58","","DEMO STREET","","HALIFAX","CALDERDALE","WEST YORKSHIRE","A","A"
"{DEMOAE5D-9B1F-C151-8A0E-0000000003E5}",163200,"2020-09-14 00:00","HX6 3JG","T","N","F","23","","DEMO STREET","","HALIFAX","CALDERDALE","WEST YORKSHIRE","A","A"
"{DEMO5CD5-5164-FEFC-854C-0000000003E6}",74700,"2020-09-16 00:00","HX2 4WD","D","N","F","15","","DEMO STREET","","HALIFAX","CALDERDALE","WEST YORKSHIRE","A","A"
"{DEMO5528-049C-34F4-65EA-0000000003E7}",49200,"2020-09-16 00:00","HX6 8XH","T","N","F","118","","DEMO STREET","","HALIFAX","CALDERDALE","WEST YORKSHIRE","A","A"
"{DEMO08F6-96D1-52D3-0854-0000000003E8}",200600,"2020-09-18 00:00","HX7 0ND","S","N","F","89","","DEMO STREET","","HALIFAX","CALDERDALE","WEST YORKSHIRE","A","A"
"{DEMO81A0-5B1C-5869-DF13-0000000003E9}",252600,"2020-09-19 00:00","HX7 3ZJ","S","N","F","112","","DEMO STREET","","HALIFAX","CALDERDALE","WEST YORKSHIRE","A","A"
"{DEMO6957-8D70-AC62-61BF-0000000003EA}",158400,"2020-09-19 00:00","HX6 5BX","S","N","F","8","","DEMO STREET","","HALIFAX","CALDERDALE","WEST YORKSHIRE","A","A"
"{DEMOBCBF-4AE3-A74A-D24B-0000000003EB}",821500,"2020-09-19 00:00","HX7 4YT","S","Y","F","75","","DEMO STREET","","HALIFAX","CALDERDALE","WEST YORKSHIRE","A","A"
"{DEMO327E-2D19-B025-57D8-0000000003EC}",54500,"2020-09-20 00:00","HX1 5HG","S","N","F","112","","DEMO STREET","","HALIFAX","CALDERDALE","WEST YORKSHIRE","A","A"
"{DEMO66A4-00C1-A96C-18D1-0000000003ED}",136700,"2020-09-20 00:00","HX3 4LZ","T","N","F","118","","DEMO STREET","","HALIFAX","CALDERDALE","WEST YORKSHIRE","A","A"
"{DEMO3E17-5C95-D4CC-EE4A-0000000003EE}",63500,"2020-09-20 00:00","HX6 7DY","S","N","F","47","","DEMO STREET","","HALIFAX","CALDERDALE","WEST YORKSHIRE","A","A"
"{DEMODE3B-F083-87A3-C27B-0000000003EF}",87000,"2020-09-20 00:00","HX6 5ST","D","Y","F","59","","DEMO STREET","","HALIFAX","CALDERDALE","WEST YORKSHIRE","A","A"
"{DEMO1FF3-CEB1-F117-DDE1-0000000003F0}",132100,"2020-09-21 00:00","HX6 7DY","F","N","L","3","","DEMO STREET","","HALIFAX","CALDERDALE","WEST YORKSHIRE","A","A"
"{DEMO018B-8D90-61E0-6DD5-0000000003F1}",167600,"2020-09-22 00:00","HX3 4SF","D","N","F","103","","DEMO STREET","","HALIFAX","CALDERDALE","WEST YORKSHIRE","A","A"
"{DEMOF1D3-8204-8BD8-FF8A-0000000003F2}",145900,"2020-09-24 00:00","HX4 6XY","D","N","F","29","","DEMO STREET","","HALIFAX","CALDERDALE","WEST YORKSHIRE","A","A"
"{DEMO6208-F515-6932-4EF2-0000000003F3}",193700,"2020-09-25 00:00","HX4 0NL","S","N","F","107","","DEMO STREET","","HALIFAX","CALDERDALE","WEST YORKSHIRE","A","A"
"{DEMO0CC8-14AE-B059-A770-0000000003F4}",63800,"2020-09-25 00:00","HX2 2AZ","S","N","F","95","","DEMO STREET","","HALIFAX","CALDERDALE","WEST YORKSHIRE","A","A"
"{DEMOE39D-9B64-6E4C-CCD8-0000000003F5}",138100,"2020-09-26 00:00","HX5 3PY","T","N","F","1","","DEMO STREET","","HALIFAX","CALDERDALE","WEST YORKSHIRE","A","A"
"{DEMO79EA-9B5A-C64F-A63C-0000000003F6}",158400,"2020-09-27 00:00","HX2 5SB","S","N","F","64","","DEMO STREET","","HALIFAX","CALDERDALE","WEST YORKSHIRE","A","A"
"{DEMOC013-EAA0-1FF1-D5B1-0000000003F7}",82600,"2020-10-01 00:00","HX4 0TZ","F","N","L","63","","DEMO STREET","","HALIFAX","CALDERDALE","WEST YORKSHIRE","A","A"
"{DEMO146A-B8C8-C139-9C05-0000000003F8}",114300,"2020-10-01 00:00","HX5 6WT","S","N","F","97","","DEMO STREET","","HALIFAX","CALDERDALE","WEST YORKSHIRE","A","A"
"{DEMOFABB-EB56-06D5-10F3-0000000003F9}",254700,"2020-10-02 00:00","HX3 3JH","T","N","F","12","","DEMO STREET","","HALIFAX","CALDERDALE","WEST YORKSHIRE","A","A"
"{DEMO83F2-6919-7BF1-A7F4-0000000003FA}",369600,"2020-10-02 00:00","HX2 9HD","D","N","F","96","","DEMO STREET","","HALIFAX","CALDERDALE","WEST YORKSHIRE","A","A"
"{DEMO01B0-3DDD-C2BA-4458-0000000003FB}",144100,"2020-10-02 00:00","HX4 0AS","D","N","F","35","","DEMO STREET","","HALIFAX","CALDERDALE","WEST YORKSHIRE","A","A"
"{DEMOE810-3694-10CE-0B83-0000000003FC}",86400,"2020-10-02 00:00","HX7 3RQ","T","N","F","89","","DEMO STREET","","HALIFAX","CALDERDALE","WEST YORKSHIRE","A","A"
"{DEMO524D-6196-2D03-D12F-0000000003FD}",120200,"2020-10-02 00:00","HX5 5BE","T","N","F","5","","DEMO STREET","","HALIFAX","CALDERDALE","WEST YORKSHIRE","A","A"
"{DEMO4EFE-797F-5825-E78D-0000000003FE}",46000,"2020-10-02 00:00","HX6 4ZZ","S","N","F","25","","DEMO STREET","","HALIFAX","CALDERDALE","WEST YORKSHIRE","A","A"
"{DEMOEE3A-242B-EA2F-9E7D-0000000003FF}",96000,"2020-10-02 00:00","HX3 1HW","S","Y","F","88","","DEMO STREET","","HALIFAX","CALDERDALE","WEST YORKSHIRE","A","A"
"{DEMO6CE4-D1DF-0A9F-5B7B-000000000400}",127100,"2020-10-03 00:00","HX6 4NR","D","N","F","84","","DEMO STREET","","HALIFAX","CALDERDALE","WEST YORKSHIRE","A","A"
"{DEMO0E1C-2696-E93D-3490-000000000401}",102600,"2020-10-03 00:00","HX2 9AZ","D","N","F","25","","DEMO STREET","","HALIFAX","CALDERDALE","WEST YORKSHIRE","A","A"
"{DEMOBE14-8DA9-E87C-4895-000000000402}",453000,"2020-10-03 00:00","HX5 9PX","D","N","F","2","","DEMO STREET","","HALIFAX","CALDERDALE","WEST YORKSHIRE","A","A"
"{DEMO8CBB-3445-1B7A-9956-000000000403}",508900,"2020-10-03 00:00","HX1 6AJ","F","N","L","110","","DEMO STREET","","HALIFAX","CALDERDALE","WEST YORKSHIRE","A","A"
"{DEMO2574-0C7A-1387-B356-000000000404}",275200,"2020-10-04 00:00","HX7 0GD","T","N","F","12","","DEMO STREET","","HALIFAX","CALDERDALE","WEST YORKSHIRE","A","A"
"{DEMO4A1D-4D4E-3575-82CD-000000000405}",137200,"2020-10-04 00:00","HX3 7ZB","T","N","F","37","","DEMO STREET","","HALIFAX","CALDERDALE","WEST YORKSHIRE","A","A"
"{DEMOAA8D-722B-CC1E-E6CC-000000000406}",78600,"2020-10-05 00:00","HX3 1HW","T","N","F","34","","DEMO STREET","","HALIFAX","CALDERDALE","WEST YORKSHIRE","A","A"
"{DEMOA7EF-D3DF-360A-224A-000000000407}",48600,"2020-10-05 00:00","HX7 3JZ","F","N","L","102","","DEMO STREET","","HALIFAX","CALDERDALE","WEST YORKSHIRE","A","A"
"{DEMOF1F9-54D3-CF05-F202-000000000408}",102100,"2020-10-06 00:00","HX7 8GY","D","N","F","78","","DEMO STREET","","HALIFAX","CALDERDALE","WEST YORKSHIRE","A","A"
"{DEMO2645-D3D0-34E4-A910-000000000409}",221900,"2020-10-06 00:00","HX3 7RP","D","N","F","70","","DEMO STREET","","HALIFAX","CALDERDALE","WEST YORKSHIRE","A","A"
"{DEMOD227-458B-321F-200D-00000000040A}",195600,"2020-10-07 00:00","HX2 2ES","T","N","F","12","","DEMO STREET","","HALIFAX","CALDERDALE","WEST YORKSHIRE","A","A"
"{DEMO7529-5C4A-1114-6723-00000000040B}",123600,"2020-10-07 00:00","HX6 7HR","T","N","F","17","","DEMO STREET","","HALIFAX","CALDERDALE","WEST YORKSHIRE","A","A"
"{DEMOFB69-2ADE-0F2B-D21E-00000000040C}",58900,"2020-10-08 00:00","HX6 9UT","S","N","F","55","","DEMO STREET","","HALIFAX","CALDERDALE","WEST YORKSHIRE","A","A"
"{DEMO1517-BDED-DA67-2CF4-00000000040D}",214700,"2020-10-08 00:00","HX3 9XS","S","N","F","7","","DEMO STREET","","HALIFAX","CALDERDALE","WEST YORKSHIRE","A","A"
"{DEMO48CF-FE54-040C-E6B5-00000000040E}",27900,"2020-10-08 00:00","HX4 1WG","F","N","L","115","","DEMO STREET","","HALIFAX","CALDERDALE","WEST YORKSHIRE","A","A"
"{DEMO15E0-469B-1866-489C-00000000040F}",116300,"2020-10-09 00:00","HX6 5WE","T","N","F","36","","DEMO STREET","","HALIFAX","CALDERDALE","WEST YORKSHIRE","A","A"
"{DEMOB6CC-8A63-9806-208C-000000000410}",153800,"2020-10-09 00:00","HX2 1AG","D","N","F","22","","DEMO STREET","","HALIFAX","CALDERDALE","WEST YORKSHIRE","A","A"
"{DEMO9FDE-73D2-338A-AE4C-000000000411}",52200,"2020-10-09 00:00","HX6 0UE","S","N","F","37","","DEMO STREET","","HALIFAX","CALDERDALE","WEST YORKSHIRE","A","A"
"{DEMO90E3-CA15-E3B7-D1FF-000000000412}",294700,"2020-10-09 00:00","HX2 7QQ","S","N","F","77","","DEMO STREET","","HALIFAX","CALDERDALE","WEST YORKSHIRE","A","A"
"{DEMO4172-9BEA-182C-ECCF-000000000413}",71200,"2020-10-11 00:00","HX2 0EA","S","N","F","14","","DEMO STREET","","HALIFAX","CALDERDALE","WEST YORKSHIRE","A","A"
"{DEMOD8C9-A526-9600-DC76-000000000414}",104600,"2020-10-11 00:00","HX6 3GE","S","N","F","68","","DEMO STREET","","HALIFAX","CALDERDALE","WEST YORKSHIRE","A","A"
"{DEMO89DA-1367-4A62-C388-000000000415}",318700,"2020-10-11 00:00","HX6 7HR","F","N","L","114","","DEMO STREET","","HALIFAX","CALDERDALE","WEST YORKSHIRE","A","A"
"{DEMO82EE-B1CA-B425-9729-000000000416}",59600,"2020-10-11 00:00","HX2 9AZ","S","N","F","48","","DEMO STREET","","HALIFAX","CALDERDALE","WEST YORKSHIRE","A","A"
"{DEMO2D2A-B240-A5FB-5437-000000000417}",98100,"2020-10-12 00:00","HX4 0TZ","T","N","F","31","","DEMO STREET","","HALIFAX","CALDERDALE","WEST YORKSHIRE","A","A"
"{DEMO6568-057B-436E-BA32-000000000418}",860000,"2020-10-13 00:00","HX1 1ET","D","N","F","51","","DEMO STREET","","HALIFAX","CALDERDALE","WEST YORKSHIRE","A","A"
"{DEMOC715-2515-DE40-7BEE-000000000419}",217800,"2020-10-13 00:00","HX1 6UA","S","Y","F","108","","DEMO STREET","","HALIFAX","CALDERDALE","WEST YORKSHIRE","A","A"
"{DEMO682C-C016-C2B4-DB3F-00000000041A}",59900,"2020-10-14 00:00","HX5 2YA","T","N","F","6","","DEMO STREET","","HALIFAX","CALDERDALE","WEST YORKSHIRE","A","A"
"{DEMOEE01-F372-B98A-A143-00000000041B}",38500,"2020-10-14 00:00","HX4 6PW","S","N","F","111","","DEMO STREET","","HALIFAX","CALDERDALE","WEST YORKSHIRE","A","A"
"{DEMO59B9-7D41-D485-DF96-00000000041C}",298500,"2020-10-14 00:00","HX3 1JT","T","N","F","1","","DEMO STREET","","HALIFAX","CALDERDALE","WEST YORKSHIRE","A","A"
"{DEMO60E1-75DA-0C63-ACBA-00000000041D}",93200,"2020-10-17 00:00","HX7 3UQ","T","N","F","12","","DEMO STREET","","HALIFAX","CALDERDALE","WEST YORKSHIRE","A","A"
"{DEMOEFD5-5490-2EB7-E06F-00000000041E}",98700,"2020-10-18 00:00","HX6 1BF","S","N","F","15","","DEMO STREET","","HALIFAX","CALDERDALE","WEST YORKSHIRE","A","A"
"{DEMO131F-2995-3FCE-16C1-00000000041F}",260100,"2020-10-18 00:00","HX3 4YX","F","N","L","54","","DEMO STREET","","HALIFAX","CALDERDALE","WEST YORKSHIRE","A","A"
"{DEMO271D-4773-3133-3869-000000000420}",71500,"2020-10-20 00:00","HX2 1LH","D","N","F","91","","DEMO STREET","","HALIFAX","CALDERDALE","WEST YORKSHIRE","A","A"
"{DEMO8A14-DE24-69DA-4AD7-000000000421}",124900,"2020-10-21 00:00","HX6 3QQ","S","N","F","55","","DEMO STREET","","HALIFAX","CALDERDALE","WEST YORKSHIRE","A","A"
"{DEMOAB03-C5F8-F7C6-35BD-000000000422}",94800,"2020-10-21 00:00","HX2 0LR","T","N","F","102","","DEMO STREET","","HALIFAX","CALDERDALE","WEST YORKSHIRE","A","A"
"{DEMOA0A3-2D08-A54D-123B-000000000423}",167700,"2020-10-22 00:00","HX4 6PW","S","N","F","12","","DEMO STREET","","HALIFAX","CALDERDALE","WEST YORKSHIRE","A","A"
"{DEMOA865-6CCC-C736-CD4C-000000000424}",545500,"2020-10-22 00:00","HX1 9JL","T","N","F","113","","DEMO STREET","","HALIFAX","CALDERDALE","WEST YORKSHIRE","A","A"
"{DEMO5988-F851-AE38-E8AE-000000000425}",159300,"2020-10-23 00:00","HX7 4ST","T","N","F","120","","DEMO STREET","","HALIFAX","CALDERDALE","WEST YORKSHIRE","A","A"
"{DEMO2239-A124-8420-21EF-000000000426}",43100,"2020-10-24 00:00","HX2 5YH","S","N","F","93","","DEMO STREET","","HALIFAX","CALDERDALE","WEST YORKSHIRE","A","A"
"{DEMO9752-4D83-8892-B7D4-000000000427}",130700,"2020-10-24 00:00","HX3 4HB","S","N","F","20","","DEMO STREET","","HALIFAX","CALDERDALE","WEST YORKSHIRE","A","A"
"{DEMOB4CB-5E61-9BDC-2B4C-000000000428}",79100,"2020-10-26 00:00","HX5 0DU","T","N","F","86","","DEMO STREET","","HALIFAX","CALDERDALE","WEST YORKSHIRE","A","A"
"{DEMO2046-6356-E37D-0AD4-000000000429}",77300,"2020-10-27 00:00","HX2 0DQ","S","N","F","93","","DEMO STREET","","HALIFAX","CALDERDALE","WEST YORKSHIRE","A","A"
"{DEMO552C-B866-CC8E-AC0E-00000000042A}",50800,"2020-10-27 00:00","HX4 5QL","T","N","F","93","","DEMO STREET","","HALIFAX","CALDERDALE","WEST YORKSHIRE","A","A"
"{DEMO8AA1-DE13-DB2F-FFF8-00000000042B}",26700,"2020-10-28 00:00","HX6 2UQ","F","N","L","93","","DEMO STREET","","HALIFAX","CALDERDALE","WEST YORKSHIRE","A","A"
"{DEMOB74C-C532-810F-B240-00000000042C}",67600,"2020-10-28 00:00","HX6 5ST","F","N","L","90","","DEMO STREET","","HALIFAX","CALDERDALE","WEST YORKSHIRE","A","A"
"{DEMO86B2-01D6-3B0B-605C-00000000042D}",81500,"2020-10-28 00:00","HX2 1WY","S","N","F","28","","DEMO STREET","","HALIFAX","CALDERDALE","WEST YORKSHIRE","A","A"
"{DEMOB540-6F8B-C625-7E91-00000000042E}",46300,"2020-10-28 00:00","HX5 7SB","T","N","F","90","","DEMO STREET","","HALIFAX","CALDERDALE","WEST YORKSHIRE","A","A"
"{DEMO6372-16AA-ED33-1A81-00000000042F}",90200,"2020-11-01 00:00","HX7 3ZJ","S","N","F","43","","DEMO STREET","","HALIFAX","CALDERDALE","WEST YORKSHIRE","A","A"
"{DEMOCBC5-C4FC-BE89-3057-000000000430}",123900,"2020-11-01 00:00","HX2 4WD","T","N","F","21","","DEMO STREET","","HALIFAX","CALDERDALE","WEST YORKSHIRE","A","A"
"{DEMOB343-1EEF-48BC-E5E4-000000000431}",97700,"2020-11-01 00:00","HX6 5YG","D","N","F","86","","DEMO STREET","","HALIFAX","CALDERDALE","WEST YORKSHIRE","A","A"
"{DEMOA691-13F7-1F71-C355-000000000432}",94100,"2020-11-02 00:00","HX1 4HX","S","N","F","55","","DEMO STREET","","HALIFAX","CALDERDALE","WEST YORKSHIRE","A","A"
"{DEMOC7BA-B950-7CC5-F05A-000000000433}",60200,"2020-11-04 00:00","HX7 0YA","T","N","F","120","","DEMO STREET","","HALIFAX","CALDERDALE","WEST YORKSHIRE","A","A"
"{DEMOC09D-B37C-EBC2-C24B-000000000434}",111800,"2020-11-04 00:00","HX2 0TJ","T","N","F","118","","DEMO STREET","","HALIFAX","CALDERDALE","WEST YORKSHIRE","A","A"
"{DEMO1016-666E-0788-BED5-000000000435}",134200,"2020-11-06 00:00","HX4 8XW","F","N","L","32","","DEMO STREET","","HALIFAX","CALDERDALE","WEST YORKSHIRE","A","A"
"{DEMO902D-AA83-71C6-B53C-000000000436}",67700,"2020-11-07 00:00","HX3 9XS","F","N","L","64","","DEMO STREET","","HALIFAX","CALDERDALE","WEST YORKSHIRE","A","A"
"{DEMOC5EE-1D52-3887-0127-000000000437}",148900,"2020-11-08 00:00","HX2 1WY","T","N","F","11","","DEMO STREET","","HALIFAX","CALDERDALE","WEST YORKSHIRE","A","A"
"{DEMO59EA-0623-38E4-563D-000000000438}",55400,"2020-11-08 00:00","HX5 2FY","T","N","F","44","","DEMO STREET","","HALIFAX","CALDERDALE","WEST YORKSHIRE","A","A"
"{DEMOB4F9-3A6D-26AD-9558-000000000439}",367600,"2020-11-09 00:00","HX7 3AF","T","N","F","49","","DEMO STREET","","HALIFAX","CALDERDALE","WEST YORKSHIRE","A","A"
"{DEMOEF2E-59F4-DB32-E95F-00000000043A}",167400,"2020-11-09 00:00","HX3 8PB","S","N","F","89","","DEMO STREET","","HALIFAX","CALDERDALE","WEST YORKSHIRE","A","A"
"{DEMO5975-6F7B-05F6-3001-00000000043B}",135100,"2020-11-11 00:00","HX1 6DP","D","Y","F","100","","DEMO STREET","","HALIFAX","CALDERDALE","WEST YORKSHIRE","A","A"
"{DEMO867A-1092-2F5D-A43A-00000000043C}",204100,"2020-11-13 00:00","HX2 9RZ","D","N","F","39","","DEMO STREET","","HALIFAX","CALDERDALE","WEST YORKSHIRE","A","A"
"{DEMO38EA-25DF-6EB0-6FE8-00000000043D}",96700,"2020-11-14 00:00","HX7 5XT","D","N","F","34","","DEMO STREET","","HALIFAX","CALDERDALE","WEST YORKSHIRE","A","A"
"{DEMO4AA4-7E72-B8C9-E840-00000000043E}",219500,"2020-11-15 00:00","HX1 1JZ","S","N","F","67","","DEMO STREET","","HALIFAX","CALDERDALE","WEST YORKSHIRE","A","A"
"{DEMO85D6-D102-36B6-A5D7-00000000043F}",595500,"2020-11-16 00:00","HX6 9UT","F","N","L","33","","DEMO STREET","","HALIFAX","CALDERDALE","WEST YORKSHIRE","A","A"
"{DEMOD8F8-5489-F412-89A3-000000000440}",103400,"2020-11-16 00:00","HX6 6AT","F","N","L","47","","DEMO STREET","","HALIFAX","CALDERDALE","WEST YORKSHIRE","A","A"
"{DEMO88AB-2126-A298-CABC-000000000441}",146300,"2020-11-17 00:00","HX7 5JT","S","N","F","64","","DEMO STREET","","HALIFAX","CALDERDALE","WEST YORKSHIRE","A","A"
"{DEMO7529-ED2F-DCB1-F0E7-000000000442}",357700,"2020-11-17 00:00","HX6 8FQ","T","N","F","41","","DEMO STREET","","HALIFAX","CALDERDALE","WEST YORKSHIRE","A","A"
"{DEMO9DE1-F23D-A5DF-EE52-000000000443}",83900,"2020-11-17 00:00","HX7 8SA","T","N","F","83","","DEMO STREET","","HALIFAX","CALDERDALE","WEST YORKSHIRE","A","A"
"{DEMOEA94-04D1-DAB3-02E3-000000000444}",320100,"2020-11-18 00:00","HX3 5ZT","S","N","F","13","","DEMO STREET","","HALIFAX","CALDERDALE","WEST YORKSHIRE","A","A"
"{DEMO83A2-37ED-DD34-698C-000000000445}",217700,"2020-11-18 00:00","HX1 5PY","S","N","F","40","","DEMO STREET","","HALIFAX","CALDERDALE","WEST YORKSHIRE","A","A"
"{DEMO2734-D805-AF79-15D8-000000000446}",60400,"2020-11-19 00:00","HX4 0JW","S","N","F","69","","DEMO STREET","","HALIFAX","CALDERDALE","WEST YORKSHIRE","A","A"
"{DEMO6049-2103-30B0-B292-000000000447}",47700,"2020-11-19 00:00","HX1 1EL","T","N","F","5","","DEMO STREET","","HALIFAX","CALDERDALE","WEST YORKSHIRE","A","A"
"{DEMO8BCC-562A-D771-7542-000000000448}",86200,"2020-11-20 00:00","HX5 7SB","D","N","F","66","","DEMO STREET","","HALIFAX","CALDERDALE","WEST YORKSHIRE","A","A"
"{DEMO7B87-59E8-7DAB-3768-000000000449}",87600,"2020-11-20 00:00","HX5 1DF","S","Y","F","33","","DEMO STREET","","HALIFAX","CALDERDALE","WEST YORKSHIRE","A","A"
"{DEMO0474-FC4E-D519-E69F-00000000044A}",158200,"2020-11-21 00:00","HX7 2AF","S","N","F","78","","DEMO STREET","","HALIFAX","CALDERDALE","WEST YORKSHIRE","A","A"
"{DEMO2CF5-AAA2-656D-DFFF-00000000044B}",52300,"2020-11-21 00:00","HX6 7UF","T","N","F","73","","DEMO STREET","","HALIFAX","CALDERDALE","WEST YORKSHIRE","A","A"
"{DEMO001B-DAF2-3C1D-6632-00000000044C}",110900,"2020-11-21 00:00","HX2 3HG","S","N","F","44","","DEMO STREET","","HALIFAX","CALDERDALE","WEST YORKSHIRE","A","A"
"{DEMO92A4-B1D0-563B-9B86-00000000044D}",229500,"2020-11-21 00:00","HX3 7YB","D","N","F","108","","DEMO STREET","","HALIFAX","CALDERDALE","WEST YORKSHIRE","A","A"
"{DEMOC11F-6976-26EE-FA47-00000000044E}",142900,"2020-11-23 00:00","HX6 5QR","S","N","F","63","","DEMO STREET","","HALIFAX","CALDERDALE","WEST YORKSHIRE","A","A"
"{DEMODA1C-0A0E-2AF7-1867-00000000044F}",57600,"2020-11-23 00:00","HX1 0FG","S","N","F","90","","DEMO STREET","","HALIFAX","CALDERDALE","WEST YORKSHIRE","A","A"
"{DEMO137B-E0A4-413A-F516-000000000450}",166800,"2020-11-26 00:00","HX6 9TJ","S","N","F","31","","DEMO STREET","","HALIFAX","CALDERDALE","WEST YORKSHIRE","A","A"
"{DEMOC8AD-F4A4-E86E-73A0-000000000451}",220300,"2020-11-27 00:00","HX3 1HY","S","N","F","74","","DEMO STREET","","HALIFAX","CALDERDALE","WEST YORKSHIRE","A","A"
"{DEMO89F3-4055-F73A-7773-000000000452}",74100,"2020-11-28 00:00","HX6 2UQ","T","N","F","95","","DEMO STREET","","HALIFAX","CALDERDALE","WEST YORKSHIRE","A","A"
"{DEMO52EC-D916-D26D-527C-000000000453}",141700,"2020-11-28 00:00","HX4 9YW","S","N","F","25","","DEMO STREET","","HALIFAX","CALDERDALE","WEST YORKSHIRE","A","A"
"{DEMOCC30-01A4-FA54-F570-000000000454}",72700,"2020-12-01 00:00","HX4 5HR","T","N","F","20","","DEMO STREET","","HALIFAX","CALDERDALE","WEST YORKSHIRE","A","A"
"{DEMO11BC-FB60-9DD1-6F89-000000000455}",115300,"2020-12-01 00:00","HX3 4LZ","F","N","L","97","","DEMO STREET","","HALIFAX","CALDERDALE","WEST YORKSHIRE","A","A"
"{DEMOE5BD-C875-E089-ABE2-000000000456}",436200,"2020-12-01 00:00","HX4 5JJ","F","N","L","100","","DEMO STREET","","HALIFAX","CALDERDALE","WEST YORKSHIRE","A","A"
"{DEMO3E4A-AF1F-1945-9A4E-000000000457}",129700,"2020-12-02 00:00","HX6 7DS","T","N","F","96","","DEMO STREET","","HALIFAX","CALDERDALE","WEST YORKSHIRE","A","A"
"{DEMOCAFE-7833-E948-6E04-000000000458}",81400,"2020-12-03 00:00","HX2 1LH","T","N","F","93","","DEMO STREET","","HALIFAX","CALDERDALE","WEST YORKSHIRE","A","A"
"{DEMO8954-6232-895D-B2E0-000000000459}",79600,"2020-12-03 00:00","HX5 4NN","T","N","F","24","","DEMO STREET","","HALIFAX","CALDERDALE","WEST YORKSHIRE","A","A"
"{DEMO128F-7274-089F-229F-00000000045A}",167100,"2020-12-04 00:00","HX4 7QJ","T","N","F","70","","DEMO STREET","","HALIFAX","CALDERDALE","WEST YORKSHIRE","A","A"
"{DEMO43EB-BEE2-95D0-6494-00000000045B}",205200,"2020-12-05 00:00","HX2 9HY","T","N","F","74","","DEMO STREET","","HALIFAX","CALDERDALE","WEST YORKSHIRE","A","A"
"{DEMOD9EF-0DC2-7E72-4DD2-00000000045C}",157500,"2020-12-06 00:00","HX7 7ZS","T","N","F","77","","DEMO STREET","","HALIFAX","CALDERDALE","WEST YORKSHIRE","A","A"
"{DEMO9B17-D504-9F4A-8D99-00000000045D}",131400,"2020-12-06 00:00","HX1 3HP","D","N","F","58","","DEMO STREET","","HALIFAX","CALDERDALE","WEST YORKSHIRE","A","A"
"{DEMO705C-B140-D7D4-47EC-00000000045E}",115100,"2020-12-07 00:00","HX2 4WD","T","N","F","26","","DEMO STREET","","HALIFAX","CALDERDALE","WEST YORKSHIRE","A","A"
"{DEMO9044-C853-8FD3-AAC7-00000000045F}",85500,"2020-12-09 00:00","HX6 9TJ","D","N","F","38","","DEMO STREET","","HALIFAX","CALDERDALE","WEST YORKSHIRE","A","A"
"{DEMO3D52-E3B6-E183-1D9D-000000000460}",102100,"2020-12-11 00:00","HX7 8UT","S","N","F","110","","DEMO STREET","","HALIFAX","CALDERDALE","WEST YORKSHIRE","A","A"
"{DEMOBF79-5B16-DE24-1D54-000000000461}",245200,"2020-12-12 00:00","HX4 7QZ","T","N","F","65","","DEMO STREET","","HALIFAX","CALDERDALE","WEST YORKSHIRE","A","A"
"{DEMO43FC-8D78-5943-5E1E-000000000462}",97600,"2020-12-13 00:00","HX7 5AU","T","N","F","35","","DEMO STREET","","HALIFAX","CALDERDALE","WEST YORKSHIRE","A","A"
"{DEMOA17A-C976-702A-119D-000000000463}",95100,"2020-12-13 00:00","HX4 0DZ","D","N","F","109","","DEMO STREET","","HALIFAX","CALDERDALE","WEST YORKSHIRE","A","A"
"{DEMOC643-16CA-C696-06FF-000000000464}",545700,"2020-12-13 00:00","HX2 4LG","S","N","F","92","","DEMO STREET","","HALIFAX","CALDERDALE","WEST YORKSHIRE","A","A"
"{DEMO569C-EBF0-00CA-9DA2-000000000465}",263900,"2020-12-13 00:00","HX2 8WY","T","N","F","80","","DEMO STREET","","HALIFAX","CALDERDALE","WEST YORKSHIRE","A","A"
"{DEMOFB2C-7103-EEE5-18E6-000000000466}",128400,"2020-12-14 00:00","HX4 1UA","S","N","F","58","","DEMO STREET","","HALIFAX","CALDERDALE","WEST YORKSHIRE","A","A"
"{DEMOA810-C175-4AF3-3416-000000000467}",47500,"2020-12-14 00:00","HX5 3HD","D","N","F","62","","DEMO STREET","","HALIFAX","CALDERDALE","WEST YORKSHIRE","A","A"
"{DEMOEBCA-765C-F362-5B09-000000000468}",74100,"2020-12-15 00:00","HX3 2FX","S","N","F","69","","DEMO STREET","","HALIFAX","CALDERDALE","WEST YORKSHIRE","A","A"
"{DEMO6CE3-C9D4-E270-0280-000000000469}",407500,"2020-12-15 00:00","HX1 6LR","S","N","F","60","","DEMO STREET","","HALIFAX","CALDERDALE","WEST YORKSHIRE","A","A"
"{DEMO79AF-4A41-6D23-740D-00000000046A}",85100,"2020-12-15 00:00","HX4 0TE","D","N","F","42","","DEMO STREET","","HALIFAX","CALDERDALE","WEST YORKSHIRE","A","A"
"{DEMO6587-DAE0-FDB4-3714-00000000046B}",61100,"2020-12-15 00:00","HX2 9RZ","T","N","F","84","","DEMO STREET","","HALIFAX","CALDERDALE","WEST YORKSHIRE","A","A"
"{DEMO8D1D-1E77-7495-838D-00000000046C}",190400,"2020-12-16 00:00","HX1 7NQ","T","N","F","88","","DEMO STREET","","HALIFAX","CALDERDALE","WEST YORKSHIRE","A","A"
"{DEMO9AB5-34F0-EA52-4894-00000000046D}",51900,"2020-12-16 00:00","HX4 6PH","S","N","F","2","","DEMO STREET","","HALIFAX","CALDERDALE","WEST YORKSHIRE","A","A"
"{DEMOA7AB-402A-8239-8D8C-00000000046E}",241900,"2020-12-17 00:00","HX4 9SD","S","N","F","11","","DEMO STREET","","HALIFAX","CALDERDALE","WEST YORKSHIRE","A","A"
"{DEMOBCC3-05C1-CC02-18FA-00000000046F}",140400,"2020-12-17 00:00","HX2 9RZ","T","N","F","20","","DEMO STREET","","HALIFAX","CALDERDALE","WEST YORKSHIRE","A","A"
"{DEMO217D-6743-039F-FCB8-000000000470}",218200,"2020-12-18 00:00","HX1 5EU","D","N","F","93","","DEMO STREET","","HALIFAX","CALDERDALE","WEST YORKSHIRE","A","A"
"{DEMOB67E-0A1A-2E14-676A-000000000471}",179800,"2020-12-19 00:00","HX4 0NX","F","N","L","11","","DEMO STREET","","HALIFAX","CALDERDALE","WEST YORKSHIRE","A","A"
"{DEMOC026-0C49-181D-893F-000000000472}",224600,"2020-12-20 00:00","HX3 8QF","F","N","L","85","","DEMO STREET","","HALIFAX","CALDERDALE","WEST YORKSHIRE","A","A"
"{DEMOC20A-5EAC-5031-A250-000000000473}",142100,"2020-12-20 00:00","HX4 7QZ","D","N","F","55","","DEMO STREET","","HALIFAX","CALDERDALE","WEST YORKSHIRE","A","A"
"{DEMO5909-9119-AF3B-D45F-000000000474}",118200,"2020-12-21 00:00","HX7 5RA","F","N","L","98","","DEMO STREET","","HALIFAX","CALDERDALE","WEST YORKSHIRE","A","A"
"{DEMOF9BA-6C1C-E8BC-7505-000000000475}",154700,"2020-12-21 00:00","HX2 0LR","D","N","F","25","","DEMO STREET","","HALIFAX","CALDERDALE","WEST YORKSHIRE","A","A"
"{DEMO455D-7B1C-5838-A567-000000000476}",113800,"2020-12-23 00:00","HX6 7HR","T","N","F","108","","DEMO STREET","","HALIFAX","CALDERDALE","WEST YORKSHIRE","A","A"
"{DEMO2BEE-B3EF-D5EB-262D-000000000477}",71800,"2020-12-23 00:00","HX4 3QH","T","Y","F","113","","DEMO STREET","","HALIFAX","CALDERDALE","WEST YORKSHIRE","A","A"
"{DEMO796A-BB02-1412-CEC1-000000000478}",42600,"2020-12-24 00:00","HX3 2DY","T","N","F","50","","DEMO STREET","","HALIFAX","CALDERDALE","WEST YORKSHIRE","A","A"
"{DEMO77D8-4B05-0499-B988-000000000479}",107100,"2020-12-24 00:00","HX2 9YW","S","N","F","32","","DEMO STREET","","HALIFAX","CALDERDALE","WEST YORKSHIRE","A","A"
"{DEMO6F96-65E7-8B78-966C-00000000047A}",284300,"2020-12-24 00:00","HX6 8XH","D","N","F","111","","DEMO STREET","","HALIFAX","CALDERDALE","WEST YORKSHIRE","A","A"
"{DEMO0D53-1210-CDF4-0547-00000000047B}",67600,"2020-12-25 00:00","HX6 8XU","D","N","F","16","","DEMO STREET","","HALIFAX","CALDERDALE","WEST YORKSHIRE","A","A"
"{DEMO797F-1D30-A768-D6C8-00000000047C}",69000,"2020-12-26 00:00","HX1 0RJ","F","N","L","9","","DEMO STREET","","HALIFAX","CALDERDALE","WEST YORKSHIRE","A","A"
"{DEMO3240-693A-3FCC-1933-00000000047D}",374500,"2020-12-26 00:00","HX4 3TS","T","N","F","96","","DEMO STREET","","HALIFAX","CALDERDALE","WEST YORKSHIRE","A","A"
"{DEMO6AD6-114A-3499-A240-00000000047E}",267900,"2020-12-26 00:00","HX6 6LQ","S","N","F","33","","DEMO STREET","","HALIFAX","CALDERDALE","WEST YORKSHIRE","A","A"
"{DEMO7466-D0BB-0042-E948-00000000047F}",169900,"2020-12-27 00:00","HX5 6SY","S","N","F","51","","DEMO STREET","","HALIFAX","CALDERDALE","WEST YORKSHIRE","A","A"
"{DEMO11EE-FAA5-DBF9-6CCB-000000000480}",111200,"2020-12-28 00:00","HX6 2XW","D","N","F","89","","DEMO STREET","","HALIFAX","CALDERDALE","WEST YORKSHIRE","A","A"
"{DEMOFF2E-DB77-0860-EA82-000000000481}",76100,"2020-12-28 00:00","HX7 3UY","T","N","F","110","","DEMO STREET","","HALIFAX","CALDERDALE","WEST YORKSHIRE","A","A"
"{DEMO7439-432B-BCAE-7836-000000000482}",222800,"2020-12-28 00:00","HX4 0JW","D","N","F","44","","DEMO STREET","","HALIFAX","CALDERDALE","WEST YORKSHIRE","A","A"
"{DEMOF2B4-C91D-1897-9856-000000000483}",84700,"2020-12-28 00:00","HX2 4FU","D","Y","F","89","","DEMO STREET","","HALIFAX","CALDERDALE","WEST YORKSHIRE","A","A"
"{DEMO2385-1737-CAFE-0998-000000000484}",27800,"2021-01-01 00:00","HX3 3DN","T","N","F","43","","DEMO STREET","","HALIFAX","CALDERDALE","WEST YORKSHIRE","A","A"
"{DEMOCC02-E143-FF6F-8F56-000000000485}",214000,"2021-01-03 00:00","HX6 6ZQ","T","N","F","49","","DEMO STREET","","HALIFAX","CALDERDALE","WEST YORKSHIRE","A","A"
"{DEMO7C22-8235-5C50-27C0-000000000486}",244300,"2021-01-04 00:00","HX5 2WG","T","N","F","110","","DEMO STREET","","HALIFAX","CALDERDALE","WEST YORKSHIRE","A","A"
"{DEMOCA94-05FF-02A6-B072-000000000487}",60600,"2021-01-04 00:00","HX6 7DD","T","N","F","33","","DEMO STREET","","HALIFAX","CALDERDALE","WEST YORKSHIRE","A","A"
"{DEMO69AF-07C0-570F-F7E3-000000000488}",51400,"2021-01-04 00:00","HX6 3FB","D","N","F","91","","DEMO STREET","","HALIFAX","CALDERDALE","WEST YORKSHIRE","A","A"
"{DEMO6FB8-2D18-8A19-1DCE-000000000489}",76700,"2021-01-05 00:00","HX6 7DD","D","N","F","70","","DEMO STREET","","HALIFAX","CALDERDALE","WEST YORKSHIRE","A","A"
"{DEMO9B24-B074-4D49-23CE-00000000048A}",56400,"2021-01-06 00:00","HX5 9NY","T","N","F","60","","DEMO STREET","","HALIFAX","CALDERDALE","WEST YORKSHIRE","A","A"
"{DEMO213B-1F70-E668-5364-00000000048B}",138400,"2021-01-07 00:00","HX3 7WZ","S","N","F","20","","DEMO STREET","","HALIFAX","CALDERDALE","WEST YORKSHIRE","A","A"
"{DEMO939E-8816-8E2C-E08C-00000000048C}",81800,"2021-01-08 00:00","HX1 1EL","D","N","F","41","","DEMO STREET","","HALIFAX","CALDERDALE","WEST YORKSHIRE","A","A"
"{DEMO8071-B188-9BAE-D622-00000000048D}",483200,"2021-01-08 00:00","HX2 3NY","S","N","F","12","","DEMO STREET","","HALIFAX","CALDERDALE","WEST YORKSHIRE","A","A"
"{DEMO6890-9FAA-C1D4-6A2A-00000000048E}",151400,"2021-01-09 00:00","HX1 1JF","S","N","F","79","","DEMO STREET","","HALIFAX","CALDERDALE","WEST YORKSHIRE","A","A"
"{DEMO6E92-3C13-36C9-D7D9-00000000048F}",71800,"2021-01-09 00:00","HX1 3JL","D","N","F","108","","DEMO STREET","","HALIFAX","CALDERDALE","WEST YORKSHIRE","A","A"
"{DEMOA39B-80E1-2C1D-65DE-000000000490}",82300,"2021-01-09 00:00","HX3 4HB","T","N","F","63","","DEMO STREET","","HALIFAX","CALDERDALE","WEST YORKSHIRE","A","A"
"{DEMO8B20-C8C2-FCAF-D037-000000000491}",218800,"2021-01-10 00:00","HX5 6XB","T","N","F","81","","DEMO STREET","","HALIFAX","CALDERDALE","WEST YORKSHIRE","A","A"
"{DEMO6696-A098-5143-027B-000000000492}",190300,"2021-01-12 00:00","HX3 5TA","T","N","F","59","","DEMO STREET","","HALIFAX","CALDERDALE","WEST YORKSHIRE","A","A"
"{DEMOCDB0-8E60-F6A0-3507-000000000493}",84700,"2021-01-13 00:00","HX4 2UT","S","N","F","84","","DEMO STREET","","HALIFAX","CALDERDALE","WEST YORKSHIRE","A","A"
"{DEMO7FEB-5878-5431-679E-000000000494}",208400,"2021-01-15 00:00","HX6 9UT","T","N","F","102","","DEMO STREET","","HALIFAX","CALDERDALE","WEST YORKSHIRE","A","A"
"{DEMO8279-4ABD-9E5C-59B6-000000000495}",86300,"2021-01-16 00:00","HX4 5DL","D","N","F","69","","DEMO STREET","","HALIFAX","CALDERDALE","WEST YORKSHIRE","A","A"
"{DEMOBDC3-FA8A-2A5C-C771-000000000496}",150200,"2021-01-16 00:00","HX4 5JJ","T","N","F","20","","DEMO STREET","","HALIFAX","CALDERDALE","WEST YORKSHIRE","A","A"
"{DEMO538F-FBDE-C855-96CA-000000000497}",94600,"2021-01-18 00:00","HX2 4WD","S","N","F","83","","DEMO STREET","","HALIFAX","CALDERDALE","WEST YORKSHIRE","A","A"
"{DEMODC63-72F9-F3EC-86EA-000000000498}",183100,"2021-01-19 00:00","HX4 5JJ","T","N","F","17","","DEMO STREET","","HALIFAX","CALDERDALE","WEST YORKSHIRE","A","A"
"{DEMO4326-D9D4-FB34-177A-000000000499}",123000,"2021-01-19 00:00","HX2 4WD","S","N","F","83","","DEMO STREET","","HALIFAX","CALDERDALE","WEST YORKSHIRE","A","A"
"{DEMO6FB1-C53A-45B2-2E68-00000000049A}",47000,"2021-01-19 00:00","HX3 0NQ","D","N","F","28","","DEMO STREET","","HALIFAX","CALDERDALE","WEST YORKSHIRE","A","A"
"{DEMO4525-E851-1F78-F807-00000000049B}",128800,"2021-01-20 00:00","HX7 8JT","T","N","F","10","","DEMO STREET","","HALIFAX","CALDERDALE","WEST YORKSHIRE","A","A"
"{DEMO7A70-89D3-8848-C0F0-00000000049C}",376500,"2021-01-20 00:00","HX7 2JG","D","N","F","115","","DEMO STREET","","HALIFAX","CALDERDALE","WEST YORKSHIRE","A","A"
"{DEMO794A-5D88-20E9-4EE9-00000000049D}",63300,"2021-01-21 00:00","HX7 3UY","T","N","F","23","","DEMO STREET","","HALIFAX","CALDERDALE","WEST YORKSHIRE","A","A"
"{DEMOB602-92D9-E2D7-82E3-00000000049E}",90700,"2021-01-21 00:00","HX6 1BF","F","N","L","10","","DEMO STREET","","HALIFAX","CALDERDALE","WEST YORKSHIRE","A","A"
"{DEMO8B21-0B71-C9E1-DD35-00000000049F}",74600,"2021-01-21 00:00","HX4 5FR","T","N","F","112","","DEMO STREET","","HALIFAX","CALDERDALE","WEST YORKSHIRE","A","A"
"{DEMO2030-D1F5-0B97-2A35-0000000004A0}",289900,"2021-01-21 00:00","HX3 8BX","D","N","F","64","","DEMO STREET","","HALIFAX","CALDERDALE","WEST YORKSHIRE","A","A"
"{DEMO738D-88E8-0727-4A69-0000000004A1}",194000,"2021-01-21 00:00","HX5 4DR","D","N","F","16","","DEMO STREET","","HALIFAX","CALDERDALE","WEST YORKSHIRE","A","A"
"{DEMOD7B7-25A4-D305-F895-0000000004A2}",220800,"2021-01-23 00:00","HX2 8AH","S","N","F","14","","DEMO STREET","","HALIFAX","CALDERDALE","WEST YORKSHIRE","A","A"
"{DEMOC2C5-75A2-C2B1-5DDB-0000000004A3}",129000,"2021-01-24 00:00","HX3 2FX","D","N","F","97","","DEMO STREET","","HALIFAX","CALDERDALE","WEST YORKSHIRE","A","A"
"{DEMOCE39-072F-E0E5-E377-0000000004A4}",68500,"2021-01-24 00:00","HX2 1RJ","D","N","F","83","","DEMO STREET","","HALIFAX","CALDERDALE","WEST YORKSHIRE","A","A"
"{DEMOA278-6311-5084-292D-0000000004A5}",102400,"2021-01-24 00:00","HX5 4WY","S","Y","F","52","","DEMO STREET","","HALIFAX","CALDERDALE","WEST YORKSHIRE","A","A"
"{DEMO390A-3108-12B2-F410-0000000004A6}",86300,"2021-01-25 00:00","HX3 1HW","T","N","F","55","","DEMO STREET","","HALIFAX","CALDERDALE","WEST YORKSHIRE","A","A"
"{DEMO761F-C1BC-BF4B-FEAF-0000000004A7}",170400,"2021-01-25 00:00","HX5 2EE","S","N","F","107","","DEMO STREET","","HALIFAX","CALDERDALE","WEST YORKSHIRE","A","A"
"{DEMOBCE9-BA53-9DDB-E732-0000000004A8}",49800,"2021-01-26 00:00","HX2 7HR","S","N","F","34","","DEMO STREET","","HALIFAX","CALDERDALE","WEST YORKSHIRE","A","A"
"{DEMOA764-684F-9140-DF71-0000000004A9}",133700,"2021-01-26 00:00","HX1 9JZ","D","N","F","91","","DEMO STREET","","HALIFAX","CALDERDALE","WEST YORKSHIRE","A","A"
"{DEMO6969-15FF-AE9F-7997-0000000004AA}",127900,"2021-01-27 00:00","HX3 4TN","D","N","F","80","","DEMO STREET","","HALIFAX","CALDERDALE","WEST YORKSHIRE","A","A"
"{DEMO4159-B315-095A-4BA8-0000000004AB}",370700,"2021-01-28 00:00","HX4 2PP","D","N","F","33","","DEMO STREET","","HALIFAX","CALDERDALE","WEST YORKSHIRE","A","A"
"{DEMO9A0A-E93E-D471-1289-0000000004AC}",96700,"2021-01-28 00:00","HX7 9HG","S","N","F","37","","DEMO STREET","","HALIFAX","CALDERDALE","WEST YORKSHIRE","A","A"
"{DEMO5F5A-73A0-3A64-3F37-0000000004AD}",51500,"2021-01-28 00:00","HX1 1YE","D","N","F","83","","DEMO STREET","","HALIFAX","CALDERDALE","WEST YORKSHIRE","A","A"
"{DEMO607C-4649-03EE-B9D2-0000000004AE}",175400,"2021-02-01 00:00","HX3 1SW","T","N","F","104","","DEMO STREET","","HALIFAX","CALDERDALE","WEST YORKSHIRE","A","A"
"{DEMO909B-14AC-9F1B-9ED3-0000000004AF}",94300,"2021-02-03 00:00","HX1 9UU","T","N","F","108","","DEMO STREET","","HALIFAX","CALDERDALE","WEST YORKSHIRE","A","A"
"{DEMO5650-928D-28F3-57E8-0000000004B0}",212600,"2021-02-03 00:00","HX3 2RS","S","N","F","80","","DEMO STREET","","HALIFAX","CALDERDALE","WEST YORKSHIRE","A","A"
"{DEMOD850-D38F-5D72-0C37-0000000004B1}",108500,"2021-02-03 00:00","HX7 9DR","D","N","F","53","","DEMO STREET","","HALIFAX","CALDERDALE","WEST YORKSHIRE","A","A"
"{DEMO3C2F-6B11-DDCA-7C5C-0000000004B2}",55700,"2021-02-04 00:00","HX5 4WY","T","N","F","39","","DEMO STREET","","HALIFAX","CALDERDALE","WEST YORKSHIRE","A","A"
"{DEMOE445-68A4-4709-2ABD-0000000004B3}",90600,"2021-02-05 00:00","HX3 0DZ","S","N","F","116","","DEMO STREET","","HALIFAX","CALDERDALE","WEST YORKSHIRE","A","A"
"{DEMO6E28-8BF6-A2B9-6691-0000000004B4}",133200,"2021-02-05 00:00","HX6 2UQ","S","N","F","50","","DEMO STREET","","HALIFAX","CALDERDALE","WEST YORKSHIRE","A","A"
"{DEMOA9C4-96BA-FC87-50AF-0000000004B5}",429500,"2021-02-05 00:00","HX6 7WR","T","N","F","50","","DEMO STREET","","HALIFAX","CALDERDALE","WEST YORKSHIRE","A","A"
"{DEMO6B47-9B15-DC83-144C-0000000004B6}",56200,"2021-02-05 00:00","HX6 0LN","S","N","F","115","","DEMO STREET","","HALIFAX","CALDERDALE","WEST YORKSHIRE","A","A"
"{DEMO14ED-110E-A904-3583-0000000004B7}",168600,"2021-02-06 00:00","HX3 8QF","S","N","F","116","","DEMO STREET","","HALIFAX","CALDERDALE","WEST YORKSHIRE","A","A"
"{DEMO3039-E3B6-3240-6F74-0000000004B8}",67200,"2021-02-07 00:00","HX7 3AF","D","N","F","42","","DEMO STREET","","HALIFAX","CALDERDALE","WEST YORKSHIRE","A","A"
"{DEMO891E-89AB-B7B3-6BCF-0000000004B9}",231000,"2021-02-07 00:00","HX5 9ZX","S","N","F","11","","DEMO STREET","","HALIFAX","CALDERDALE","WEST YORKSHIRE","A","A"
"{DEMOF0E1-52D2-CBA8-9714-0000000004BA}",82000,"2021-02-07 00:00","HX4 2UZ","S","N","F","46","","DEMO STREET","","HALIFAX","CALDERDALE","WEST YORKSHIRE","A","A"
"{DEMOB896-13D6-8D5F-7DB1-0000000004BB}",164400,"2021-02-08 00:00","HX5 2WG","T","N","F","95","","DEMO STREET","","HALIFAX","CALDERDALE","WEST YORKSHIRE","A","A"
"{DEMO682F-3E32-E691-87EB-0000000004BC}",222900,"2021-02-08 00:00","HX5 8PW","D","N","F","86","","DEMO STREET","","HALIFAX","CALDERDALE","WEST YORKSHIRE","A","A"
"{DEMO6EE1-DFD3-963E-9B34-0000000004BD}",75600,"2021-02-09 00:00","HX4 2UT","T","N","F","30","","DEMO STREET","","HALIFAX","CALDERDALE","WEST YORKSHIRE","A","A"
"{DEMO3A63-889D-6F5E-9430-0000000004BE}",49100,"2021-02-11 00:00","HX6 9RP","S","N","F","102","","DEMO STREET","","HALIFAX","CALDERDALE","WEST YORKSHIRE","A","A"
"{DEMOC760-FAF8-CB0E-A111-0000000004BF}",82700,"2021-02-12 00:00","HX7 1TQ","D","N","F","58","","DEMO STREET","","HALIFAX","CALDERDALE","WEST YORKSHIRE","A","A"
"{DEMO64FF-5D41-150D-4D3C-0000000004C0}",144400,"2021-02-13 00:00","HX4 5HR","S","N","F","76","","DEMO STREET","","HALIFAX","CALDERDALE","WEST YORKSHIRE","A","A"
"{DEMOF219-3C3C-51E0-092E-0000000004C1}",266300,"2021-02-13 00:00","HX3 4FW","S","N","F","9","","DEMO STREET","","HALIFAX","CALDERDALE","WEST YORKSHIRE","A","A"
"{DEMO5047-FF6C-88C3-5076-0000000004C2}",110900,"2021-02-13 00:00","HX3 7LL","F","N","L","59","","DEMO STREET","","HALIFAX","CALDERDALE","WEST YORKSHIRE","A","A"
"{DEMOE8A5-A9D1-4219-4CC8-0000000004C3}",280100,"2021-02-13 00:00","HX7 1FP","S","N","F","104","","DEMO STREET","","HALIFAX","CALDERDALE","WEST YORKSHIRE","A","A"
"{DEMO9429-BBCD-8B29-63F5-0000000004C4}",109800,"2021-02-13 00:00","HX3 4LZ","T","Y","F","3","","DEMO STREET","","HALIFAX","CALDERDALE","WEST YORKSHIRE","A","A"
"{DEMO469A-C2DD-CF8D-3DDC-0000000004C5}",233200,"2021-02-14 00:00","HX4 7YS","S","N","F","14","","DEMO STREET","","HALIFAX","CALDERDALE","WEST YORKSHIRE","A","A"
"{DEMO1585-CF61-D5EC-FAFA-0000000004C6}",111700,"2021-02-14 00:00","HX3 4YX","D","N","F","117","","DEMO STREET","","HALIFAX","CALDERDALE","WEST YORKSHIRE","A","A"
"{DEMO8BB9-606A-9375-195D-0000000004C7}",270400,"2021-02-15 00:00","HX4 7YS","D","N","F","63","","DEMO STREET","","HALIFAX","CALDERDALE","WEST YORKSHIRE","A","A"
"{DEMO8D0D-3173-C336-3F08-0000000004C8}",68400,"2021-02-15 00:00","HX5 6DW","S","Y","F","74","","DEMO STREET","","HALIFAX","CALDERDALE","WEST YORKSHIRE","A","A"
"{DEMO0303-2C31-630E-6B89-0000000004C9}",109600,"2021-02-16 00:00","HX5 9FQ","F","N","L","45","","DEMO STREET","","HALIFAX","CALDERDALE","WEST YORKSHIRE","A","A"
"{DEMO0B76-7AFC-AACB-DFEC-0000000004CA}",99400,"2021-02-16 00:00","HX2 9YW","D","N","F","109","","DEMO STREET","","HALIFAX","CALDERDALE","WEST YORKSHIRE","A","A"
"{DEMO35D7-A4F7-154C-AD25-0000000004CB}",118400,"2021-02-16 00:00","HX7 1YZ","S","N","F","8","","DEMO STREET","","HALIFAX","CALDERDALE","WEST YORKSHIRE","A","A"
"{DEMO8AD4-A26B-7FD6-78D9-0000000004CC}",87600,"2021-02-17 00:00","HX6 2XW","D","N","F","40","","DEMO STREET","","HALIFAX","CALDERDALE","WEST YORKSHIRE","A","A"
"{DEMOB124-7D1E-B909-8DE4-0000000004CD}",110000,"2021-02-17 00:00","HX2 0AS","D","N","F","45","","DEMO STREET","","HALIFAX","CALDERDALE","WEST YORKSHIRE","A","A"
"{DEMOE627-7AA5-2944-15EB-0000000004CE}",192400,"2021-02-17 00:00","HX7 7ZS","S","Y","F","111","","DEMO STREET","","HALIFAX","CALDERDALE","WEST YORKSHIRE","A","A"
"{DEMODA22-5193-1BC3-9B61-0000000004CF}",196300,"2021-02-18 00:00","HX2 3UJ","T","N","F","105","","DEMO STREET","","HALIFAX","CALDERDALE","WEST YORKSHIRE","A","A"
"{DEMO50AD-7223-B011-5991-0000000004D0}",92300,"2021-02-19 00:00","HX4 5JJ","T","N","F","5","","DEMO STREET","","HALIFAX","CALDERDALE","WEST YORKSHIRE","A","A"
"{DEMO6C9C-AC3D-215D-6192-0000000004D1}",75900,"2021-02-20 00:00","HX3 8FY","D","N","F","74","","DEMO STREET","","HALIFAX","CALDERDALE","WEST YORKSHIRE","A","A"
"{DEMO2DCE-4BD3-7749-2DED-0000000004D2}",50400,"2021-02-21 00:00","HX1 0DL","D","N","F","59","","DEMO STREET","","HALIFAX","CALDERDALE","WEST YORKSHIRE","A","A"
"{DEMO6521-963A-2C85-DF24-0000000004D3}",484800,"2021-02-21 00:00","HX6 7HR","S","N","F","113","","DEMO STREET","","HALIFAX","CALDERDALE","WEST YORKSHIRE","A","A"
"{DEMO5C1D-D76E-A8BC-0023-0000000004D4}",329400,"2021-02-21 00:00","HX2 9YW","T","N","F","39","","DEMO STREET","","HALIFAX","CALDERDALE","WEST YORKSHIRE","A","A"
"{DEMO7866-998B-2841-7FBF-0000000004D5}",27000,"2021-02-22 00:00","HX2 3AG","T","N","F","13","","DEMO STREET","","HALIFAX","CALDERDALE","WEST YORKSHIRE","A","A"
"{DEMO8877-3B8F-D24B-ED63-0000000004D6}",48200,"2021-02-23 00:00","HX3 9LY","D","Y","F","79","","DEMO STREET","","HALIFAX","CALDERDALE","WEST YORKSHIRE","A","A"
"{DEMO6459-4EAD-FC5D-CDCE-0000000004D7}",107300,"2021-02-24 00:00","HX6 7GA","F","N","L","27","","DEMO STREET","","HALIFAX","CALDERDALE","WEST YORKSHIRE","A","A"
"{DEMO1DB2-AF40-C0AD-E2D9-0000000004D8}",80200,"2021-02-24 00:00","HX7 6WW","T","N","F","95","","DEMO STREET","","HALIFAX","CALDERDALE","WEST YORKSHIRE","A","A"
"{DEMO40E8-DB57-57D6-5BD6-0000000004D9}",141400,"2021-02-24 00:00","HX4 8LU","T","N","F","21","","DEMO STREET","","HALIFAX","CALDERDALE","WEST YORKSHIRE","A","A"
"{DEMOBCE5-0C20-E2A6-51BA-0000000004DA}",130800,"2021-02-24 00:00","HX4 7HF","S","N","F","36","","DEMO STREET","","HALIFAX","CALDERDALE","WEST YORKSHIRE","A","A"
"{DEMO92A8-492E-90A2-C63E-0000000004DB}",86400,"2021-02-25 00:00","HX5 5LN","T","N","F","78","","DEMO STREET","","HALIFAX","CALDERDALE","WEST YORKSHIRE","A","A"
"{DEMO879A-AFB8-04A5-79C7-0000000004DC}",276100,"2021-02-25 00:00","HX5 2RN","S","N","F","59","","DEMO STREET","","HALIFAX","CALDERDALE","WEST YORKSHIRE","A","A"
"{DEMO277D-D476-FDC2-84CE-0000000004DD}",239400,"2021-02-25 00:00","HX3 4XU","S","N","F","17","","DEMO STREET","","HALIFAX","CALDERDALE","WEST YORKSHIRE","A","A"
"{DEMOB646-5C17-D56A-1E6B-0000000004DE}",130500,"2021-02-27 00:00","HX7 3UQ","D","N","F","85","","DEMO STREET","","HALIFAX","CALDERDALE","WEST YORKSHIRE","A","A"
"{DEMOD8E3-CA5A-72EA-738C-0000000004DF}",218700,"2021-02-28 00:00","HX3 2RS","D","N","F","94","","DEMO STREET","","HALIFAX","CALDERDALE","WEST YORKSHIRE","A","A"
"{DEMO9D8A-C171-25AB-98BE-0000000004E0}",105700,"2021-03-01 00:00","HX7 3ZJ","T","N","F","10","","DEMO STREET","","HALIFAX","CALDERDALE","WEST YORKSHIRE","A","A"
"{DEMO89A2-A037-22A4-F7C0-0000000004E1}",70000,"2021-03-01 00:00","HX3 1PS","S","N","F","2","","DEMO STREET","","HALIFAX","CALDERDALE","WEST YORKSHIRE","A","A"
"{DEMODB58-ED21-6D73-C36D-0000000004E2}",207200,"2021-03-01 00:00","HX7 7EJ","T","N","F","1","","DEMO STREET","","HALIFAX","CALDERDALE","WEST YORKSHIRE","A","A"
"{DEMODA6C-2746-3CC7-851A-0000000004E3}",541800,"2021-03-01 00:00","HX5 2NN","S","Y","F","44","","DEMO STREET","","HALIFAX","CALDERDALE","WEST YORKSHIRE","A","A"
"{DEMOE66D-3A28-E022-9C73-0000000004E4}",153400,"2021-03-03 00:00","HX7 0XY","F","N","L","102","","DEMO STREET","","HALIFAX","CALDERDALE","WEST YORKSHIRE","A","A"
"{DEMOF5FB-5750-CE09-4184-0000000004E5}",84300,"2021-03-04 00:00","HX7 7YY","D","N","F","41","","DEMO STREET","","HALIFAX","CALDERDALE","WEST YORKSHIRE","A","A"
"{DEMO99EC-FA3D-4FCD-3629-0000000004E6}",46600,"2021-03-05 00:00","HX4 5QL","T","N","F","98","","DEMO STREET","","HALIFAX","CALDERDALE","WEST YORKSHIRE","A","A"
"{DEMO76ED-FD9F-8A50-AF92-0000000004E7}",58200,"2021-03-06 00:00","HX5 3HP","T","N","F","34","","DEMO STREET","","HALIFAX","CALDERDALE","WEST YORKSHIRE","A","A"
"{DEMO1039-F888-A92F-F307-0000000004E8}",31600,"2021-03-07 00:00","HX1 0ZA","F","N","L","38","","DEMO STREET","","HALIFAX","CALDERDALE","WEST YORKSHIRE","A","A"
"{DEMOC906-C835-068D-CB12-0000000004E9}",127800,"2021-03-08 00:00","HX2 1WY","D","N","F","52","","DEMO STREET","","HALIFAX","CALDERDALE","WEST YORKSHIRE","A","A"
"{DEMOF54F-3B27-F373-ADFD-0000000004EA}",158400,"2021-03-08 00:00","HX4 2SH","D","N","F","29","","DEMO STREET","","HALIFAX","CALDERDALE","WEST YORKSHIRE","A","A"
"{DEMO4769-5F13-2F4F-4307-0000000004EB}",272400,"2021-03-08 00:00","HX5 5PL","S","N","F","12","","DEMO STREET","","HALIFAX","CALDERDALE","WEST YORKSHIRE","A","A"
"{DEMO8239-C75D-73B0-F178-0000000004EC}",120700,"2021-03-09 00:00","HX7 5AU","S","N","F","105","","DEMO STREET","","HALIFAX","CALDERDALE","WEST YORKSHIRE","A","A"
"{DEMO4E64-4AEE-0126-AD01-0000000004ED}",300500,"2021-03-09 00:00","HX6 6AH","S","N","F","47","","DEMO STREET","","HALIFAX","CALDERDALE","WEST YORKSHIRE","A","A"
"{DEMO9B1F-B014-C04E-25E9-0000000004EE}",38500,"2021-03-09 00:00","HX4 0NX","F","N","L","40","","DEMO STREET","","HALIFAX","CALDERDALE","WEST YORKSHIRE","A","A"
"{DEMO7B60-EC41-8251-6226-0000000004EF}",50400,"2021-03-10 00:00","HX2 1WY","S","N","F","40","","DEMO STREET","","HALIFAX","CALDERDALE","WEST YORKSHIRE","A","A"
"{DEMOC28D-012B-AF86-0D47-0000000004F0}",152300,"2021-03-10 00:00","HX1 8WD","D","N","F","44","","DEMO STREET","","HALIFAX","CALDERDALE","WEST YORKSHIRE","A","A"
"{DEMO532A-6893-3751-C187-0000000004F1}",92500,"2021-03-10 00:00","HX3 7ZB","D","N","F","104","","DEMO STREET","","HALIFAX","CALDERDALE","WEST YORKSHIRE","A","A"
"{DEMO1F39-625C-1F09-57B5-0000000004F2}",43400,"2021-03-11 00:00","HX6 3HR","S","N","F","70","","DEMO STREET","","HALIFAX","CALDERDALE","WEST YORKSHIRE","A","A"
"{DEMO63E0-13C8-9927-4CA0-0000000004F3}",56200,"2021-03-11 00:00","HX7 9BE","T","N","F","25","","DEMO STREET","","HALIFAX","CALDERDALE","WEST YORKSHIRE","A","A"
"{DEMOBE48-BD29-5BC6-20B4-0000000004F4}",249000,"2021-03-12 00:00","HX6 0GY","D","N","F","26","","DEMO STREET","","HALIFAX","CALDERDALE","WEST YORKSHIRE","A","A"
"{DEMOA257-8A64-5DE1-1AB5-0000000004F5}",186200,"2021-03-13 00:00","HX6 0GR","D","N","F","102","","DEMO STREET","","HALIFAX","CALDERDALE","WEST YORKSHIRE","A","A"
"{DEMOB918-99EE-EC2E-45CB-0000000004F6}",165000,"2021-03-13 00:00","HX1 9JZ","T","N","F","9","","DEMO STREET","","HALIFAX","CALDERDALE","WEST YORKSHIRE","A","A"
"{DEMO524E-E595-0F99-8C85-0000000004F7}",233100,"2021-03-14 00:00","HX4 8QR","S","N","F","39","","DEMO STREET","","HALIFAX","CALDERDALE","WEST YORKSHIRE","A","A"
"{DEMO0022-B686-64FA-E27E-0000000004F8}",180500,"2021-03-14 00:00","HX5 5RX","S","N","F","86","","DEMO STREET","","HALIFAX","CALDERDALE","WEST YORKSHIRE","A","A"
"{DEMOB823-31A5-EB68-1A0C-0000000004F9}",115200,"2021-03-15 00:00","HX6 4EJ","S","N","F","73","","DEMO STREET","","HALIFAX","CALDERDALE","WEST YORKSHIRE","A","A"
"{DEMO1A8B-F461-23F0-F43A-0000000004FA}",130500,"2021-03-16 00:00","HX3 6RR","D","N","F","48","","DEMO STREET","","HALIFAX","CALDERDALE","WEST YORKSHIRE","A","A"
"{DEMO4B6F-778D-4B4E-31E4-0000000004FB}",94700,"2021-03-16 00:00","HX7 1XQ","S","N","F","27","","DEMO STREET","","HALIFAX","CALDERDALE","WEST YORKSHIRE","A","A"
"{DEMOCF99-30BA-3791-45FE-0000000004FC}",52100,"2021-03-17 00:00","HX2 3ZG","T","N","F","22","","DEMO STREET","","HALIFAX","CALDERDALE","WEST YORKSHIRE","A","A"
"{DEMO05D1-9D9E-FD94-05EB-0000000004FD}",184700,"2021-03-17 00:00","HX4 1PQ","T","N","F","58","","DEMO STREET","","HALIFAX","CALDERDALE","WEST YORKSHIRE","A","A"
"{DEMO47F0-43B7-E84E-FE24-0000000004FE}",382600,"2021-03-17 00:00","HX1 0HT","T","Y","F","106","","DEMO STREET","","HALIFAX","CALDERDALE","WEST YORKSHIRE","A","A"
"{DEMO09DB-01D0-24CD-466C-0000000004FF}",106000,"2021-03-19 00:00","HX1 1HF","D","N","F","25","","DEMO STREET","","HALIFAX","CALDERDALE","WEST YORKSHIRE","A","A"
"{DEMO88AA-5B34-00BE-EB0E-000000000500}",140400,"2021-03-21 00:00","HX7 6DD","D","N","F","108","","DEMO STREET","","HALIFAX","CALDERDALE","WEST YORKSHIRE","A","A"
"{DEMODB07-C18C-A1A0-15DE-000000000501}",1151600,"2021-03-23 00:00","HX6 1LG","S","N","F","21","","DEMO STREET","","HALIFAX","CALDERDALE","WEST YORKSHIRE","A","A"
"{DEMOED1D-F0B7-46BD-A914-000000000502}",64300,"2021-03-23 00:00","HX6 1LG","S","N","F","68","","DEMO STREET","","HALIFAX","CALDERDALE","WEST YORKSHIRE","A","A"
"{DEMO286A-9731-B502-C4EF-000000000503}",25600,"2021-03-23 00:00","HX5 1ZF","T","N","F","31","","DEMO STREET","","HALIFAX","CALDERDALE","WEST YORKSHIRE","A","A"
"{DEMOF031-7CBB-121D-D20E-000000000504}",81900,"2021-03-23 00:00","HX5 3HD","S","N","F","9","","DEMO STREET","","HALIFAX","CALDERDALE","WEST YORKSHIRE","A","A"
"{DEMOAE0B-F43C-2C10-ECAD-000000000505}",319300,"2021-03-23 00:00","HX1 0JY","T","N","F","68","","DEMO STREET","","HALIFAX","CALDERDALE","WEST YORKSHIRE","A","A"
"{DEMOE6B9-D21E-F6A4-7FD3-000000000506}",114100,"2021-03-24 00:00","HX3 0NQ","D","N","F","47","","DEMO STREET","","HALIFAX","CALDERDALE","WEST YORKSHIRE","A","A"
"{DEMOD4C4-6079-0A93-5B24-000000000507}",168200,"2021-03-25 00:00","HX2 1WY","D","N","F","99","","DEMO STREET","","HALIFAX","CALDERDALE","WEST YORKSHIRE","A","A"
"{DEMO0C9A-EC1F-A78E-6A8A-000000000508}",80200,"2021-03-25 00:00","HX5 6EW","T","N","F","41","","DEMO STREET","","HALIFAX","CALDERDALE","WEST YORKSHIRE","A","A"
"{DEMOC11C-EFC9-1CD5-B96D-000000000509}",123400,"2021-03-25 00:00","HX1 8AY","T","N","F","44","","DEMO STREET","","HALIFAX","CALDERDALE","WEST YORKSHIRE","A","A"
"{DEMOF4EE-1DB9-F88F-8EB8-00000000050A}",194200,"2021-03-25 00:00","HX1 3HX","T","N","F","8","","DEMO STREET","","HALIFAX","CALDERDALE","WEST YORKSHIRE","A","A"
"{DEMO1477-C102-8D47-0EB2-00000000050B}",108600,"2021-03-25 00:00","HX6 0JY","S","N","F","75","","DEMO STREET","","HALIFAX","CALDERDALE","WEST YORKSHIRE","A","A"
"{DEMO7BA1-50A8-1B8C-1B4F-00000000050C}",304200,"2021-03-26 00:00","HX7 5LZ","T","N","F","25","","DEMO STREET","","HALIFAX","CALDERDALE","WEST YORKSHIRE","A","A"
"{DEMOD4C9-C7CB-0C00-643D-00000000050D}",77100,"2021-03-26 00:00","HX4 7QJ","D","Y","F","92","","DEMO STREET","","HALIFAX","CALDERDALE","WEST YORKSHIRE","A","A"
"{DEMO3544-60F5-0EED-A93D-00000000050E}",79900,"2021-03-27 00:00","HX2 9PN","D","N","F","57","","DEMO STREET","","HALIFAX","CALDERDALE","WEST YORKSHIRE","A","A"
"{DEMO0D2F-C517-92F4-8E4E-00000000050F}",133700,"2021-03-27 00:00","HX6 5XD","S","N","F","91","","DEMO STREET","","HALIFAX","CALDERDALE","WEST YORKSHIRE","A","A"
"{DEMO7F9B-BC6A-4FFA-14B9-000000000510}",331500,"2021-03-28 00:00","HX4 0DR","T","N","F","9","","DEMO STREET","","HALIFAX","CALDERDALE","WEST YORKSHIRE","A","A"
"{DEMOE0C6-4B5F-7C2B-9C92-000000000511}",73100,"2021-03-28 00:00","HX6 0GR","S","N","F","27","","DEMO STREET","","HALIFAX","CALDERDALE","WEST YORKSHIRE","A","A"
"{DEMO0BC3-6633-AD25-1637-000000000512}",93700,"2021-03-28 00:00","HX5 1SN","S","N","F","24","","DEMO STREET","","HALIFAX","CALDERDALE","WEST YORKSHIRE","A","A"
"{DEMO3CB7-A541-9F37-9F94-000000000513}",69500,"2021-04-01 00:00","HX3 0DZ","S","N","F","112","","DEMO STREET","","HALIFAX","CALDERDALE","WEST YORKSHIRE","A","A"
"{DEMO2987-D37D-7C20-8AB1-000000000514}",109100,"2021-04-01 00:00","HX6 6XQ","D","N","F","62","","DEMO STREET","","HALIFAX","CALDERDALE","WEST YORKSHIRE","A","A"
"{DEMOA9B4-9CC1-D48A-0AD5-000000000515}",202100,"2021-04-01 00:00","HX2 3PY","T","N","F","49","","DEMO STREET","","HALIFAX","CALDERDALE","WEST YORKSHIRE","A","A"
"{DEMOFCF2-7D2C-DA7A-6726-000000000516}",155400,"2021-04-02 00:00","HX4 9YW","T","N","F","89","","DEMO STREET","","HALIFAX","CALDERDALE","WEST YORKSHIRE","A","A"
"{DEMOB682-F02F-E8E2-985C-000000000517}",139500,"2021-04-02 00:00","HX3 5FL","S","N","F","53","","DEMO STREET","","HALIFAX","CALDERDALE","WEST YORKSHIRE","A","A"
"{DEMOCF08-2005-287B-1C40-000000000518}",53100,"2021-04-03 00:00","HX3 0YX","T","N","F","13","","DEMO STREET","","HALIFAX","CALDERDALE","WEST YORKSHIRE","A","A"
"{DEMO94DB-BDE3-0B0B-200A-000000000519}",127400,"2021-04-03 00:00","HX4 1WG","S","N","F","118","","DEMO STREET","","HALIFAX","CALDERDALE","WEST YORKSHIRE","A","A"
"{DEMO2B58-5690-8CCF-57F5-00000000051A}",241700,"2021-04-04 00:00","HX2 3ZG","D","Y","F","45","","DEMO STREET","","HALIFAX","CALDERDALE","WEST YORKSHIRE","A","A"
"{DEMO8E0E-4F71-76A2-1CBD-00000000051B}",326800,"2021-04-05 00:00","HX4 1FT","F","Y","L","22","","DEMO STREET","","HALIFAX","CALDERDALE","WEST YORKSHIRE","A","A"
"{DEMO9943-7DF5-3092-B640-00000000051C}",60900,"2021-04-06 00:00","HX3 4LZ","T","Y","F","42","","DEMO STREET","","HALIFAX","CALDERDALE","WEST YORKSHIRE","A","A"
"{DEMO3244-F85F-3E72-5587-00000000051D}",90600,"2021-04-07 00:00","HX6 0JU","T","N","F","9","","DEMO STREET","","HALIFAX","CALDERDALE","WEST YORKSHIRE","A","A"
"{DEMO59A6-5592-5BDA-511D-00000000051E}",99300,"2021-04-07 00:00","HX5 7LZ","S","N","F","97","","DEMO STREET","","HALIFAX","CALDERDALE","WEST YORKSHIRE","A","A"
"{DEMO5DBE-D98B-14FF-E68F-00000000051F}",244400,"2021-04-08 00:00","HX6 3JG","F","N","L","108","","DEMO STREET","","HALIFAX","CALDERDALE","WEST YORKSHIRE","A","A"
"{DEMOA266-1600-9AA4-4AE6-000000000520}",26300,"2021-04-09 00:00","HX2 4SZ","S","N","F","79","","DEMO STREET","","HALIFAX","CALDERDALE","WEST YORKSHIRE","A","A"
"{DEMOEBDA-DEC0-9714-291C-000000000521}",171600,"2021-04-09 00:00","HX5 6XB","F","N","L","31","","DEMO STREET","","HALIFAX","CALDERDALE","WEST YORKSHIRE","A","A"
"{DEMO2F3C-C734-E891-18D1-000000000522}",90500,"2021-04-09 00:00","HX5 4WY","D","N","F","15","","DEMO STREET","","HALIFAX","CALDERDALE","WEST YORKSHIRE","A","A"
"{DEMOCE08-6A57-9BB9-3D09-000000000523}",118200,"2021-04-09 00:00","HX6 5XD","S","N","F","108","","DEMO STREET","","HALIFAX","CALDERDALE","WEST YORKSHIRE","A","A"
"{DEMO87A6-A21C-E527-022A-000000000524}",159800,"2021-04-10 00:00","HX4 3QG","D","N","F","23","","DEMO STREET","","HALIFAX","CALDERDALE","WEST YORKSHIRE","A","A"
"{DEMODD9B-0A29-A822-C901-000000000525}",55500,"2021-04-11 00:00","HX4 7QJ","S","N","F","78","","DEMO STREET","","HALIFAX","CALDERDALE","WEST YORKSHIRE","A","A"
"{DEMOB1C6-591D-D11B-1BC3-000000000526}",279400,"2021-04-11 00:00","HX3 8WR","D","N","F","87","","DEMO STREET","","HALIFAX","CALDERDALE","WEST YORKSHIRE","A","A"
"{DEMO303F-F591-051B-3768-000000000527}",64200,"2021-04-11 00:00","HX6 4ZZ","F","N","L","76","","DEMO STREET","","HALIFAX","CALDERDALE","WEST YORKSHIRE","A","A"
"{DEMO3396-006F-69F6-EBEE-000000000528}",188400,"2021-04-11 00:00","HX7 9GJ","T","N","F","103","","DEMO STREET","","HALIFAX","CALDERDALE","WEST YORKSHIRE","A","A"
"{DEMOE095-2BDE-CE83-AC48-000000000529}",91900,"2021-04-12 00:00","HX3 1PZ","T","N","F","116","","DEMO STREET","","HALIFAX","CALDERDALE","WEST YORKSHIRE","A","A"
"{DEMO77D7-6BDB-0433-EE31-00000000052A}",105000,"2021-04-14 00:00","HX4 4UR","S","N","F","38","","DEMO STREET","","HALIFAX","CALDERDALE","WEST YORKSHIRE","A","A"
"{DEMOEC1D-09E4-FD94-1FA5-00000000052B}",328300,"2021-04-15 00:00","HX4 8QR","S","N","F","105","","DEMO STREET","","HALIFAX","CALDERDALE","WEST YORKSHIRE","A","A"
"{DEMOF034-7504-BC24-9E87-00000000052C}",47800,"2021-04-15 00:00","HX4 1ZT","D","N","F","56","","DEMO STREET","","HALIFAX","CALDERDALE","WEST YORKSHIRE","A","A"
"{DEMOB506-A079-F416-AEA2-00000000052D}",98100,"2021-04-16 00:00","HX4 3QH","D","N","F","64","","DEMO STREET","","HALIFAX","CALDERDALE","WEST YORKSHIRE","A","A"
"{DEMO730E-962E-BBA1-68C1-00000000052E}",82300,"2021-04-17 00:00","HX2 6BZ","T","N","F","56","","DEMO STREET","","HALIFAX","CALDERDALE","WEST YORKSHIRE","A","A"
"{DEMO63CB-F7C3-4060-639C-00000000052F}",106800,"2021-04-17 00:00","HX6 9WN","D","N","F","34","","DEMO STREET","","HALIFAX","CALDERDALE","WEST YORKSHIRE","A","A"
"{DEMOF11B-9478-A967-AD4E-000000000530}",61400,"2021-04-17 00:00","HX5 3PY","D","N","F","109","","DEMO STREET","","HALIFAX","CALDERDALE","WEST YORKSHIRE","A","A"
"{DEMOB43B-21FD-6571-5E26-000000000531}",104000,"2021-04-18 00:00","HX2 9RZ","T","N","F","52","","DEMO STREET","","HALIFAX","CALDERDALE","WEST YORKSHIRE","A","A"
"{DEMO66BA-4249-6DA1-1ED0-000000000532}",183200,"2021-04-19 00:00","HX4 5SW","F","N","L","27","","DEMO STREET","","HALIFAX","CALDERDALE","WEST YORKSHIRE","A","A"
"{DEMO3C70-7BA0-8687-681D-000000000533}",288900,"2021-04-20 00:00","HX3 4LZ","S","N","F","2","","DEMO STREET","","HALIFAX","CALDERDALE","WEST YORKSHIRE","A","A"
"{DEMO0DD0-ECB5-B99F-D074-000000000534}",123200,"2021-04-20 00:00","HX7 5RA","D","N","F","2","","DEMO STREET","","HALIFAX","CALDERDALE","WEST YORKSHIRE","A","A"
"{DEMO9505-4ED0-0380-8BE3-000000000535}",22800,"2021-04-21 00:00","HX6 0BR","D","N","F","25","","DEMO STREET","","HALIFAX","CALDERDALE","WEST YORKSHIRE","A","A"
"{DEMOE032-4D39-030D-370B-000000000536}",190600,"2021-04-21 00:00","HX5 7QF","T","N","F","67","","DEMO STREET","","HALIFAX","CALDERDALE","WEST YORKSHIRE","A","A"
"{DEMO8C3A-75AA-4F05-9357-000000000537}",154000,"2021-04-22 00:00","HX5 0EG","S","N","F","20","","DEMO STREET","","HALIFAX","CALDERDALE","WEST YORKSHIRE","A","A"
"{DEMOCBA7-A6E7-1312-9AF3-000000000538}",268000,"2021-04-22 00:00","HX5 2NN","S","N","F","11","","DEMO STREET","","HALIFAX","CALDERDALE","WEST YORKSHIRE","A","A"
"{DEMOD8F4-25FD-3B43-3698-000000000539}",47000,"2021-04-22 00:00","HX2 4WB","F","N","L","94","","DEMO STREET","","HALIFAX","CALDERDALE","WEST YORKSHIRE","A","A"
"{DEMOA15C-0067-2910-ACA5-00000000053A}",98200,"2021-04-22 00:00","HX4 6PW","D","N","F","29","","DEMO STREET","","HALIFAX","CALDERDALE","WEST YORKSHIRE","A","A"
"{DEMO0757-1712-43C4-68BD-00000000053B}",76800,"2021-04-23 00:00","HX6 0BR","D","N","F","46","","DEMO STREET","","HALIFAX","CALDERDALE","WEST YORKSHIRE","A","A"
"{DEMOA4CA-E63A-666B-CC38-00000000053C}",156200,"2021-04-23 00:00","HX4 3WF","D","N","F","118","","DEMO STREET","","HALIFAX","CALDERDALE","WEST YORKSHIRE","A","A"
"{DEMO8F7B-24E2-5974-F1ED-00000000053D}",36300,"2021-04-23 00:00","HX3 9XS","S","N","F","83","","DEMO STREET","","HALIFAX","CALDERDALE","WEST YORKSHIRE","A","A"
"{DEMO1A0F-8107-2CCA-4308-00000000053E}",122200,"2021-04-23 00:00","HX5 5RX","T","N","F","113","","DEMO STREET","","HALIFAX","CALDERDALE","WEST YORKSHIRE","A","A"
"{DEMO6163-13D0-9D3A-636E-00000000053F}",29100,"2021-04-24 00:00","HX3 2QF","S","N","F","74","","DEMO STREET","","HALIFAX","CALDERDALE","WEST YORKSHIRE","A","A"
"{DEMO84EB-5B82-23DD-829D-000000000540}",267700,"2021-04-25 00:00","HX5 2WG","T","N","F","114","","DEMO STREET","","HALIFAX","CALDERDALE","WEST YORKSHIRE","A","A"
"{DEMOC7CC-23BF-DBD2-60C4-000000000541}",224300,"2021-04-25 00:00","HX2 1LH","S","N","F","95","","DEMO STREET","","HALIFAX","CALDERDALE","WEST YORKSHIRE","A","A"
"{DEMO1E9B-891F-CC69-4CA6-000000000542}",69200,"2021-04-25 00:00","HX2 2SY","T","N","F","96","","DEMO STREET","","HALIFAX","CALDERDALE","WEST YORKSHIRE","A","A"
"{DEMO3CEE-B4C5-0AF5-E51B-000000000543}",146400,"2021-04-26 00:00","HX3 2FX","S","N","F","107","","DEMO STREET","","HALIFAX","CALDERDALE","WEST YORKSHIRE","A","A"
"{DEMO5B5B-28B7-C50D-1961-000000000544}",78300,"2021-04-26 00:00","HX6 8XR","D","N","F","46","","DEMO STREET","","HALIFAX","CALDERDALE","WEST YORKSHIRE","A","A"
"{DEMO715C-81D7-88C8-021B-000000000545}",200900,"2021-04-26 00:00","HX3 5ZT","S","N","F","101","","DEMO STREET","","HALIFAX","CALDERDALE","WEST YORKSHIRE","A","A"
"{DEMO999E-752D-3184-1F5B-000000000546}",93900,"2021-04-27 00:00","HX4 1PQ","D","N","F","45","","DEMO STREET","","HALIFAX","CALDERDALE","WEST YORKSHIRE","A","A"
"{DEMO3BFB-C651-20E7-DB2B-000000000547}",52400,"2021-04-28 00:00","HX4 8LU","D","N","F","23","","DEMO STREET","","HALIFAX","CALDERDALE","WEST YORKSHIRE","A","A"
"{DEMODF27-723B-BF5C-5DAD-000000000548}",46300,"2021-04-28 00:00","HX2 5NL","D","Y","F","102","","DEMO STREET","","HALIFAX","CALDERDALE","WEST YORKSHIRE","A","A"
"{DEMO2BE7-61F0-1F22-CE31-000000000549}",144400,"2021-05-02 00:00","HX4 4SQ","F","N","L","81","","DEMO STREET","","HALIFAX","CALDERDALE","WEST YORKSHIRE","A","A"
"{DEMOBBFF-26F1-7B90-4BB7-00000000054A}",187100,"2021-05-03 00:00","HX2 5QD","S","N","F","72","","DEMO STREET","","HALIFAX","CALDERDALE","WEST YORKSHIRE","A","A"
"{DEMOF290-E753-AA95-71E8-00000000054B}",68900,"2021-05-04 00:00","HX2 1AG","S","N","F","110","","DEMO STREET","","HALIFAX","CALDERDALE","WEST YORKSHIRE","A","A"
"{DEMOA4BF-2EEA-4565-EC47-00000000054C}",64200,"2021-05-05 00:00","HX1 3HP","T","N","F","31","","DEMO STREET","","HALIFAX","CALDERDALE","WEST YORKSHIRE","A","A"
"{DEMO1BEF-8DEF-B410-8356-00000000054D}",130400,"2021-05-05 00:00","HX2 5US","S","N","F","87","","DEMO STREET","","HALIFAX","CALDERDALE","WEST YORKSHIRE","A","A"
"{DEMO6DE1-1876-AD9B-CD7D-00000000054E}",73500,"2021-05-06 00:00","HX4 1DQ","S","N","F","76","","DEMO STREET","","HALIFAX","CALDERDALE","WEST YORKSHIRE","A","A"
"{DEMO17C6-6DA4-3193-4E64-00000000054F}",101300,"2021-05-07 00:00","HX5 9FQ","S","N","F","95","","DEMO STREET","","HALIFAX","CALDERDALE","WEST YORKSHIRE","A","A"
"{DEMO43B5-BDC3-3174-6BCC-000000000550}",241000,"2021-05-08 00:00","HX2 0DQ","S","Y","F","108","","DEMO STREET","","HALIFAX","CALDERDALE","WEST YORKSHIRE","A","A"
"{DEMO85F6-327B-7EE1-DA7D-000000000551}",317600,"2021-05-09 00:00","HX2 9HD","S","N","F","62","","DEMO STREET","","HALIFAX","CALDERDALE","WEST YORKSHIRE","A","A"
"{DEMOF449-0AB6-3F94-E75A-000000000552}",113800,"2021-05-09 00:00","HX6 4NR","D","N","F","55","","DEMO STREET","","HALIFAX","CALDERDALE","WEST YORKSHIRE","A","A"
"{DEMO80A3-5EAA-0243-5628-000000000553}",252800,"2021-05-10 00:00","HX7 0AU","D","N","F","110","","DEMO STREET","","HALIFAX","CALDERDALE","WEST YORKSHIRE","A","A"
"{DEMO760B-8E3F-47B6-E9C8-000000000554}",110000,"2021-05-10 00:00","HX3 6RQ","D","N","F","115","","DEMO STREET","","HALIFAX","CALDERDALE","WEST YORKSHIRE","A","A"
"{DEMO4319-076A-D503-6896-000000000555}",213300,"2021-05-10 00:00","HX6 8ZZ","S","N","F","108","","DEMO STREET","","HALIFAX","CALDERDALE","WEST YORKSHIRE","A","A"
"{DEMOAB73-88D6-5B4B-1A83-000000000556}",46600,"2021-05-11 00:00","HX1 9JL","S","N","F","51","","DEMO STREET","","HALIFAX","CALDERDALE","WEST YORKSHIRE","A","A"
"{DEMO4B2D-8482-D915-2DE4-000000000557}",204200,"2021-05-12 00:00","HX6 5XD","T","N","F","113","","DEMO STREET","","HALIFAX","CALDERDALE","WEST YORKSHIRE","A","A"
"{DEMO762D-7DBD-1F6D-2F53-000000000558}",325600,"2021-05-12 00:00","HX3 7PB","S","N","F","107","","DEMO STREET","","HALIFAX","CALDERDALE","WEST YORKSHIRE","A","A"
"{DEMO4B1C-4A7A-EDEA-2F4D-000000000559}",123100,"2021-05-13 00:00","HX3 1HW","D","Y","F","76","","DEMO STREET","","HALIFAX","CALDERDALE","WEST YORKSHIRE","A","A"
"{DEMOF553-6418-E75A-D7E6-00000000055A}",178400,"2021-05-14 00:00","HX7 2XS","T","N","F","59","","DEMO STREET","","HALIFAX","CALDERDALE","WEST YORKSHIRE","A","A"
"{DEMOAEE6-B10C-BF36-6C1F-00000000055B}",146400,"2021-05-14 00:00","HX1 0JY","S","N","F","95","","DEMO STREET","","HALIFAX","CALDERDALE","WEST YORKSHIRE","A","A"
"{DEMO0909-C8EF-862C-AF34-00000000055C}",98200,"2021-05-15 00:00","HX2 2ES","D","N","F","55","","DEMO STREET","","HALIFAX","CALDERDALE","WEST YORKSHIRE","A","A"
"{DEMO4D9D-BD5A-DAB0-EA12-00000000055D}",100100,"2021-05-16 00:00","HX6 1SG","D","N","F","27","","DEMO STREET","","HALIFAX","CALDERDALE","WEST YORKSHIRE","A","A"
"{DEMO2CFF-84D0-24C8-091E-00000000055E}",369400,"2021-05-19 00:00","HX3 7ZB","D","N","F","17","","DEMO STREET","","HALIFAX","CALDERDALE","WEST YORKSHIRE","A","A"
"{DEMO3FC9-614D-6F6A-36DF-00000000055F}",57600,"2021-05-19 00:00","HX6 2YG","S","N","F","67","","DEMO STREET","","HALIFAX","CALDERDALE","WEST YORKSHIRE","A","A"
"{DEMOB2DB-427D-C614-0C56-000000000560}",135400,"2021-05-20 00:00","HX3 5NZ","S","N","F","75","","DEMO STREET","","HALIFAX","CALDERDALE","WEST YORKSHIRE","A","A"
"{DEMOED53-6ACF-C0E3-2FB6-000000000561}",87600,"2021-05-20 00:00","HX2 5JS","D","N","F","38","","DEMO STREET","","HALIFAX","CALDERDALE","WEST YORKSHIRE","A","A"
"{DEMO097E-4C8F-1E1E-C875-000000000562}",101700,"2021-05-20 00:00","HX6 7HR","S","N","F","52","","DEMO STREET","","HALIFAX","CALDERDALE","WEST YORKSHIRE","A","A"
"{DEMO4E85-A57C-7DF4-7EF9-000000000563}",99700,"2021-05-21 00:00","HX5 5NT","T","N","F","16","","DEMO STREET","","HALIFAX","CALDERDALE","WEST YORKSHIRE","A","A"
"{DEMOCA85-EC7C-09BB-0405-000000000564}",820600,"2021-05-21 00:00","HX2 0NP","T","N","F","19","","DEMO STREET","","HALIFAX","CALDERDALE","WEST YORKSHIRE","A","A"
"{DEMOF5E2-5F09-2C36-54D3-000000000565}",229300,"2021-05-22 00:00","HX1 1WS","S","N","F","94","","DEMO STREET","","HALIFAX","CALDERDALE","WEST YORKSHIRE","A","A"
"{DEMO20D7-74F2-C92E-9A49-000000000566}",85400,"2021-05-22 00:00","HX4 0TZ","T","N","F","120","","DEMO STREET","","HALIFAX","CALDERDALE","WEST YORKSHIRE","A","A"
"{DEMOD274-465B-0017-EE21-000000000567}",107600,"2021-05-22 00:00","HX5 2QA","S","N","F","116","","DEMO STREET","","HALIFAX","CALDERDALE","WEST YORKSHIRE","A","A"
"{DEMO126E-5ECB-C200-5A59-000000000568}",174000,"2021-05-23 00:00","HX6 8XH","D","N","F","120","","DEMO STREET","","HALIFAX","CALDERDALE","WEST YORKSHIRE","A","A"
"{DEMOD475-D076-3B3F-2E99-000000000569}",36600,"2021-05-24 00:00","HX4 8LU","T","N","F","49","","DEMO STREET","","HALIFAX","CALDERDALE","WEST YORKSHIRE","A","A"
"{DEMO9ED2-1586-0323-2961-00000000056A}",265700,"2021-05-24 00:00","HX1 8NT","D","Y","F","87","","DEMO STREET","","HALIFAX","CALDERDALE","WEST YORKSHIRE","A","A"
"{DEMOCB20-EEE1-6D39-A929-00000000056B}",126600,"2021-05-25 00:00","HX2 0AS","D","N","F","21","","DEMO STREET","","HALIFAX","CALDERDALE","WEST YORKSHIRE","A","A"
"{DEMOCA67-2A29-C113-0B61-00000000056C}",68200,"2021-05-27 00:00","HX4 5JJ","T","N","F","45","","DEMO STREET","","HALIFAX","CALDERDALE","WEST YORKSHIRE","A","A"
"{DEMO2AB5-9DE2-947F-829A-00000000056D}",160700,"2021-05-27 00:00","HX5 9PJ","S","N","F","60","","DEMO STREET","","HALIFAX","CALDERDALE","WEST YORKSHIRE","A","A"
"{DEMO5095-F381-2F0F-DF6A-00000000056E}",178000,"2021-05-27 00:00","HX2 7JY","D","Y","F","111","","DEMO STREET","","HALIFAX","CALDERDALE","WEST YORKSHIRE","A","A"
"{DEMO39DB-38BC-6ACE-5ADC-00000000056F}",32900,"2021-05-28 00:00","HX1 8UY","T","N","F","65","","DEMO STREET","","HALIFAX","CALDERDALE","WEST YORKSHIRE","A","A"
"{DEMOC5F7-7F68-119E-761D-000000000570}",298300,"2021-06-01 00:00","HX4 8LE","D","N","F","105","","DEMO STREET","","HALIFAX","CALDERDALE","WEST YORKSHIRE","A","A"
"{DEMO66AE-0014-D96C-2646-000000000571}",285000,"2021-06-02 00:00","HX2 6SR","S","N","F","112","","DEMO STREET","","HALIFAX","CALDERDALE","WEST YORKSHIRE","A","A"
"{DEMOD873-7F5C-406B-16ED-000000000572}",114000,"2021-06-03 00:00","HX6 6XZ","F","N","L","77","","DEMO STREET","","HALIFAX","CALDERDALE","WEST YORKSHIRE","A","A"
"{DEMOB8E4-0594-2DFB-FB41-000000000573}",118600,"2021-06-03 00:00","HX4 5SW","D","N","F","39","","DEMO STREET","","HALIFAX","CALDERDALE","WEST YORKSHIRE","A","A"
"{DEMOA023-0215-A9BD-F686-000000000574}",99400,"2021-06-03 00:00","HX1 9UU","S","N","F","46","","DEMO STREET","","HALIFAX","CALDERDALE","WEST YORKSHIRE","A","A"
"{DEMOAC9B-B07A-CD29-76A7-000000000575}",23700,"2021-06-04 00:00","HX5 7EL","T","N","F","2","","DEMO STREET","","HALIFAX","CALDERDALE","WEST YORKSHIRE","A","A"
"{DEMO5959-3DA2-75D5-DC16-000000000576}",320100,"2021-06-04 00:00","HX5 2DJ","D","N","F","43","","DEMO STREET","","HALIFAX","CALDERDALE","WEST YORKSHIRE","A","A"
"{DEMOA955-AA07-7222-797C-000000000577}",240000,"2021-06-05 00:00","HX6 8GE","S","N","F","43","","DEMO STREET","","HALIFAX","CALDERDALE","WEST YORKSHIRE","A","A"
"{DEMOF080-0353-BE9D-3CEF-000000000578}",76500,"2021-06-05 00:00","HX7 7ZS","D","N","F","86","","DEMO STREET","","HALIFAX","CALDERDALE","WEST YORKSHIRE","A","A"
"{DEMO8DEE-364C-078A-7280-000000000579}",45200,"2021-06-05 00:00","HX3 0NQ","S","N","F","74","","DEMO STREET","","HALIFAX","CALDERDALE","WEST YORKSHIRE","A","A"
"{DEMOCAC2-640A-DC3A-A77F-00000000057A}",145700,"2021-06-05 00:00","HX2 9RZ","S","N","F","40","","DEMO STREET","","HALIFAX","CALDERDALE","WEST YORKSHIRE","A","A"
"{DEMO053C-761C-E4F7-97B7-00000000057B}",134200,"2021-06-06 00:00","HX4 5RY","S","N","F","30","","DEMO STREET","","HALIFAX","CALDERDALE","WEST YORKSHIRE","A","A"
"{DEMO3CD5-98B6-0915-367E-00000000057C}",83900,"2021-06-06 00:00","HX1 2YA","S","N","F","80","","DEMO STREET","","HALIFAX","CALDERDALE","WEST YORKSHIRE","A","A"
"{DEMO7936-804B-1909-6C2C-00000000057D}",98600,"2021-06-06 00:00","HX6 0GR","T","N","F","90","","DEMO STREET","","HALIFAX","CALDERDALE","WEST YORKSHIRE","A","A"
"{DEMOA540-872F-C15D-6EB0-00000000057E}",232600,"2021-06-06 00:00","HX1 1YE","S","N","F","18","","DEMO STREET","","HALIFAX","CALDERDALE","WEST YORKSHIRE","A","A"
"{DEMOBD5B-7C4F-2999-7E9C-00000000057F}",62700,"2021-06-06 00:00","HX7 7UW","T","N","F","77","","DEMO STREET","","HALIFAX","CALDERDALE","WEST YORKSHIRE","A","A"
"{DEMOA70C-D606-D519-B481-000000000580}",74800,"2021-06-08 00:00","HX5 3HD","T","N","F","47","","DEMO STREET","","HALIFAX","CALDERDALE","WEST YORKSHIRE","A","A"
"{DEMO74CF-8543-E454-081F-000000000581}",167800,"2021-06-09 00:00","HX5 2FL","F","N","L","78","","DEMO STREET","","HALIFAX","CALDERDALE","WEST YORKSHIRE","A","A"
"{DEMOCDA5-B675-CA6E-58DE-000000000582}",69300,"2021-06-10 00:00","HX6 3AD","D","N","F","38","","DEMO STREET","","HALIFAX","CALDERDALE","WEST YORKSHIRE","A","A"
"{DEMOFACE-DB86-7B6C-1EF7-000000000583}",280500,"2021-06-11 00:00","HX3 4LZ","S","N","F","70","","DEMO STREET","","HALIFAX","CALDERDALE","WEST YORKSHIRE","A","A"
"{DEMO6291-2AC7-6792-1F20-000000000584}",200800,"2021-06-11 00:00","HX7 7UW","S","N","F","25","","DEMO STREET","","HALIFAX","CALDERDALE","WEST YORKSHIRE","A","A"
"{DEMO1FDF-B8D8-D028-D029-000000000585}",38800,"2021-06-11 00:00","HX7 8UZ","S","N","F","112","","DEMO STREET","","HALIFAX","CALDERDALE","WEST YORKSHIRE","A","A"
"{DEMO1138-BE73-E349-95FD-000000000586}",172900,"2021-06-12 00:00","HX6 8AH","D","N","F","85","","DEMO STREET","","HALIFAX","CALDERDALE","WEST YORKSHIRE","A","A"
"{DEMO7906-CCB5-1905-ACC2-000000000587}",146400,"2021-06-12 00:00","HX4 0TZ","F","N","L","27","","DEMO STREET","","HALIFAX","CALDERDALE","WEST YORKSHIRE","A","A"
"{DEMOBC0E-EC64-DB70-D33E-000000000588}",126900,"2021-06-12 00:00","HX4 0JJ","T","N","F","84","","DEMO STREET","","HALIFAX","CALDERDALE","WEST YORKSHIRE","A","A"
"{DEMO9D9E-3EA7-3EFD-8732-000000000589}",140700,"2021-06-12 00:00","HX2 1WY","S","Y","F","74","","DEMO STREET","","HALIFAX","CALDERDALE","WEST YORKSHIRE","A","A"
"{DEMOBF6D-B684-18EB-77AF-00000000058A}",80800,"2021-06-14 00:00","HX6 2GJ","D","N","F","6","","DEMO STREET","","HALIFAX","CALDERDALE","WEST YORKSHIRE","A","A"
"{DEMO085E-3923-6CA8-381E-00000000058B}",100700,"2021-06-14 00:00","HX1 1JZ","S","N","F","37","","DEMO STREET","","HALIFAX","CALDERDALE","WEST YORKSHIRE","A","A"
"{DEMOE432-88B2-1C6A-8022-00000000058C}",87600,"2021-06-16 00:00","HX4 9PP","T","N","F","61","","DEMO STREET","","HALIFAX","CALDERDALE","WEST YORKSHIRE","A","A"
"{DEMO5968-B57C-F7BA-60F0-00000000058D}",51000,"2021-06-16 00:00","HX3 1HW","D","N","F","106","","DEMO STREET","","HALIFAX","CALDERDALE","WEST YORKSHIRE","A","A"
"{DEMO44F6-E909-62A3-301B-00000000058E}",98600,"2021-06-17 00:00","HX3 5SJ","D","N","F","28","","DEMO STREET","","HALIFAX","CALDERDALE","WEST YORKSHIRE","A","A"
"{DEMOD537-E606-88C8-387B-00000000058F}",106600,"2021-06-17 00:00","HX7 2JG","D","N","F","8","","DEMO STREET","","HALIFAX","CALDERDALE","WEST YORKSHIRE","A","A"
"{DEMO9A91-E7F4-F3F7-FB2F-000000000590}",172600,"2021-06-17 00:00","HX1 6DP","S","N","F","42","","DEMO STREET","","HALIFAX","CALDERDALE","WEST YORKSHIRE","A","A"
"{DEMO9822-857C-AF8B-E471-000000000591}",186900,"2021-06-18 00:00","HX3 4LZ","T","N","F","32","","DEMO STREET","","HALIFAX","CALDERDALE","WEST YORKSHIRE","A","A"
"{DEMOAE20-15CD-3031-30DE-000000000592}",147500,"2021-06-18 00:00","HX6 6UU","S","N","F","19","","DEMO STREET","","HALIFAX","CALDERDALE","WEST YORKSHIRE","A","A"
"{DEMOBCD7-CE93-2C80-99EB-000000000593}",86200,"2021-06-18 00:00","HX7 6DD","S","N","F","5","","DEMO STREET","","HALIFAX","CALDERDALE","WEST YORKSHIRE","A","A"
"{DEMOCD2D-9E92-0AA4-9207-000000000594}",163600,"2021-06-19 00:00","HX7 0XY","S","N","F","55","","DEMO STREET","","HALIFAX","CALDERDALE","WEST YORKSHIRE","A","A"
"{DEMO92D3-1490-60D3-74BE-000000000595}",113900,"2021-06-19 00:00","HX4 9WZ","D","N","F","82","","DEMO STREET","","HALIFAX","CALDERDALE","WEST YORKSHIRE","A","A"
"{DEMO2207-D3C3-3A8F-29F5-000000000596}",183900,"2021-06-20 00:00","HX1 0AY","T","N","F","109","","DEMO STREET","","HALIFAX","CALDERDALE","WEST YORKSHIRE","A","A"
"{DEMO4751-B8A6-7F26-89AB-000000000597}",234300,"2021-06-20 00:00","HX4 5AB","S","N","F","19","","DEMO STREET","","HALIFAX","CALDERDALE","WEST YORKSHIRE","A","A"
"{DEMO5A96-6A16-8569-46CC-000000000598}",364100,"2021-06-20 00:00","HX4 2UT","T","N","F","101","","DEMO STREET","","HALIFAX","CALDERDALE","WEST YORKSHIRE","A","A"
"{DEMO5284-AD0A-1E1A-0E2F-000000000599}",93000,"2021-06-21 00:00","HX3 3AG","S","Y","F","14","","DEMO STREET","","HALIFAX","CALDERDALE","WEST YORKSHIRE","A","A"
"{DEMO54BD-8C65-E2B4-6004-00000000059A}",307800,"2021-06-22 00:00","HX6 8ZZ","F","N","L","17","","DEMO STREET","","HALIFAX","CALDERDALE","WEST YORKSHIRE","A","A"
"{DEMO9BE6-9CC0-67C8-D101-00000000059B}",130000,"2021-06-23 00:00","HX1 9UU","D","N","F","88","","DEMO STREET","","HALIFAX","CALDERDALE","WEST YORKSHIRE","A","A"
"{DEMO4FB9-732E-6BC4-57D1-00000000059C}",112900,"2021-06-24 00:00","HX2 9HD","D","N","F","82","","DEMO STREET","","HALIFAX","CALDERDALE","WEST YORKSHIRE","A","A"
"{DEMOE0EF-92CC-D065-C6F8-00000000059D}",91400,"2021-06-24 00:00","HX1 5ZU","F","N","L","13","","DEMO STREET","","HALIFAX","CALDERDALE","WEST YORKSHIRE","A","A"
"{DEMO8FEA-FC36-8F4D-BED5-00000000059E}",82700,"2021-06-24 00:00","HX7 6TW","S","N","F","70","","DEMO STREET","","HALIFAX","CALDERDALE","WEST YORKSHIRE","A","A"
"{DEMOA724-A7D7-25DE-A6AB-00000000059F}",69800,"2021-06-24 00:00","HX6 5WE","S","N","F","114","","DEMO STREET","","HALIFAX","CALDERDALE","WEST YORKSHIRE","A","A"
"{DEMOB62C-FAF9-5711-C95B-0000000005A0}",101900,"2021-06-24 00:00","HX7 2UH","S","N","F","45","","DEMO STREET","","HALIFAX","CALDERDALE","WEST YORKSHIRE","A","A"
"{DEMOC561-7C64-701B-5CC1-0000000005A1}",403100,"2021-06-24 00:00","HX7 7BS","S","N","F","101","","DEMO STREET","","HALIFAX","CALDERDALE","WEST YORKSHIRE","A","A"
"{DEMO519F-3157-183E-2F0C-0000000005A2}",246900,"2021-06-25 00:00","HX3 9PD","T","Y","F","59","","DEMO STREET","","HALIFAX","CALDERDALE","WEST YORKSHIRE","A","A"
"{DEMOAFE8-C059-DF94-D02E-0000000005A3}",209500,"2021-07-02 00:00","HX3 2FX","D","N","F","28","","DEMO STREET","","HALIFAX","CALDERDALE","WEST YORKSHIRE","A","A"
"{DEMOCC2C-0535-58B2-00B6-0000000005A4}",72100,"2021-07-02 00:00","HX6 1EG","F","N","L","72","","DEMO STREET","","HALIFAX","CALDERDALE","WEST YORKSHIRE","A","A"
"{DEMO8B72-C532-9C37-32EB-0000000005A5}",81200,"2021-07-02 00:00","HX3 4LL","S","N","F","71","","DEMO STREET","","HALIFAX","CALDERDALE","WEST YORKSHIRE","A","A"
"{DEMO6A64-74E1-582A-A505-0000000005A6}",38300,"2021-07-04 00:00","HX5 4NN","D","N","F","117","","DEMO STREET","","HALIFAX","CALDERDALE","WEST YORKSHIRE","A","A"
"{DEMO7250-AA7A-9E39-386F-0000000005A7}",212100,"2021-07-05 00:00","HX5 6SY","T","N","F","54","","DEMO STREET","","HALIFAX","CALDERDALE","WEST YORKSHIRE","A","A"
"{DEMO79BE-8043-DC66-4A58-0000000005A8}",212800,"2021-07-05 00:00","HX5 2PX","D","N","F","41","","DEMO STREET","","HALIFAX","CALDERDALE","WEST YORKSHIRE","A","A"
"{DEMO66EE-FFC5-7DB6-95CC-0000000005A9}",296800,"2021-07-05 00:00","HX7 6DD","S","N","F","76","","DEMO STREET","","HALIFAX","CALDERDALE","WEST YORKSHIRE","A","A"
"{DEMOB07A-A3A5-3FB3-10B3-0000000005AA}",120600,"2021-07-05 00:00","HX7 3UA","T","N","F","75","","DEMO STREET","","HALIFAX","CALDERDALE","WEST YORKSHIRE","A","A"
"{DEMO029F-7E76-A4D3-32D9-0000000005AB}",173300,"2021-07-07 00:00","HX3 5ZT","S","N","F","13","","DEMO STREET","","HALIFAX","CALDERDALE","WEST YORKSHIRE","A","A"
"{DEMO72EC-3D64-BA34-F3AB-0000000005AC}",104900,"2021-07-07 00:00","HX5 3PY","T","N","F","116","","DEMO STREET","","HALIFAX","CALDERDALE","WEST YORKSHIRE","A","A"
"{DEMO6A8E-E9D0-40CA-B483-0000000005AD}",138700,"2021-07-07 00:00","HX5 7QF","S","N","F","99","","DEMO STREET","","HALIFAX","CALDERDALE","WEST YORKSHIRE","A","A"
"{DEMO017C-ED2A-4433-2D95-0000000005AE}",132400,"2021-07-08 00:00","HX6 5ST","D","N","F","84","","DEMO STREET","","HALIFAX","CALDERDALE","WEST YORKSHIRE","A","A"
"{DEMO81F5-C414-8B5D-AFAD-0000000005AF}",141100,"2021-07-08 00:00","HX4 0AS","S","N","F","57","","DEMO STREET","","HALIFAX","CALDERDALE","WEST YORKSHIRE","A","A"
"{DEMO69B5-7D11-CD47-9D29-0000000005B0}",116100,"2021-07-08 00:00","HX7 3UY","S","N","F","22","","DEMO STREET","","HALIFAX","CALDERDALE","WEST YORKSHIRE","A","A"
"{DEMOB2BE-A91B-02DE-137F-0000000005B1}",65200,"2021-07-10 00:00","HX2 2DU","D","N","F","48","","DEMO STREET","","HALIFAX","CALDERDALE","WEST YORKSHIRE","A","A"
"{DEMO9518-5B61-474A-0AAE-0000000005B2}",129100,"2021-07-11 00:00","HX6 8FQ","F","N","L","75","","DEMO STREET","","HALIFAX","CALDERDALE","WEST YORKSHIRE","A","A"
"{DEMOAF54-A0F0-508C-AAFE-0000000005B3}",148400,"2021-07-12 00:00","HX5 7RX","S","N","F","67","","DEMO STREET","","HALIFAX","CALDERDALE","WEST YORKSHIRE","A","A"
"{DEMODF25-A820-971C-31DD-0000000005B4}",262000,"2021-07-12 00:00","HX3 7ZB","D","N","F","3","","DEMO STREET","","HALIFAX","CALDERDALE","WEST YORKSHIRE","A","A"
"{DEMOF73A-6589-8810-EBA9-0000000005B5}",100500,"2021-07-12 00:00","HX5 2FY","F","N","L","57","","DEMO STREET","","HALIFAX","CALDERDALE","WEST YORKSHIRE","A","A"
"{DEMO4EB9-DF28-AA91-6CB8-0000000005B6}",85200,"2021-07-13 00:00","HX6 2GJ","S","N","F","96","","DEMO STREET","","HALIFAX","CALDERDALE","WEST YORKSHIRE","A","A"
"{DEMO5315-AA8B-8170-A80A-0000000005B7}",132400,"2021-07-13 00:00","HX6 7DN","T","N","F","51","","DEMO STREET","","HALIFAX","CALDERDALE","WEST YORKSHIRE","A","A"
"{DEMOC826-7AE9-17A8-C848-0000000005B8}",253500,"2021-07-13 00:00","HX6 6ZQ","D","N","F","94","","DEMO STREET","","HALIFAX","CALDERDALE","WEST YORKSHIRE","A","A"
"{DEMO4C23-86B7-1431-6348-0000000005B9}",58400,"2021-07-14 00:00","HX6 7JN","D","N","F","30","","DEMO STREET","","HALIFAX","CALDERDALE","WEST YORKSHIRE","A","A"
"{DEMO124A-1261-CB10-5281-0000000005BA}",418500,"2021-07-15 00:00","HX6 9UT","T","N","F","25","","DEMO STREET","","HALIFAX","CALDERDALE","WEST YORKSHIRE","A","A"
"{DEMOB4AC-E8B6-3A86-B368-0000000005BB}",498700,"2021-07-15 00:00","HX1 6UP","T","N","F","75","","DEMO STREET","","HALIFAX","CALDERDALE","WEST YORKSHIRE","A","A"
"{DEMOD207-95D4-2BD3-BD55-0000000005BC}",63100,"2021-07-15 00:00","HX7 3JZ","S","N","F","30","","DEMO STREET","","HALIFAX","CALDERDALE","WEST YORKSHIRE","A","A"
"{DEMO0441-FD2E-8A5E-AB8E-0000000005BD}",115000,"2021-07-16 00:00","HX4 9WF","S","N","F","112","","DEMO STREET","","HALIFAX","CALDERDALE","WEST YORKSHIRE","A","A"
"{DEMO7921-4D6E-D509-932A-0000000005BE}",51700,"2021-07-16 00:00","HX5 0WW","D","N","F","13","","DEMO STREET","","HALIFAX","CALDERDALE","WEST YORKSHIRE","A","A"
"{DEMO1EBB-DC44-5FF7-9F07-0000000005BF}",102400,"2021-07-16 00:00","HX3 1HW","T","Y","F","120","","DEMO STREET","","HALIFAX","CALDERDALE","WEST YORKSHIRE","A","A"
"{DEMOF4FD-E2F3-06E8-F2B6-0000000005C0}",107000,"2021-07-17 00:00","HX4 9PP","S","N","F","80","","DEMO STREET","","HALIFAX","CALDERDALE","WEST YORKSHIRE","A","A"
"{DEMOB7A5-B1F5-EFAE-1DA5-0000000005C1}",224900,"2021-07-17 00:00","HX6 8GE","D","N","F","16","","DEMO STREET","","HALIFAX","CALDERDALE","WEST YORKSHIRE","A","A"
"{DEMOAE87-08F0-4EFE-9CC0-0000000005C2}",91700,"2021-07-17 00:00","HX4 1LL","S","N","F","102","","DEMO STREET","","HALIFAX","CALDERDALE","WEST YORKSHIRE","A","A"
"{DEMOB1FA-12DC-DC86-1479-0000000005C3}",172000,"2021-07-17 00:00","HX3 7HX","S","N","F","80","","DEMO STREET","","HALIFAX","CALDERDALE","WEST YORKSHIRE","A","A"
"{DEMO1D61-1297-D287-36AD-0000000005C4}",227600,"2021-07-19 00:00","HX6 6EE","D","N","F","33","","DEMO STREET","","HALIFAX","CALDERDALE","WEST YORKSHIRE","A","A"
"{DEMOC0A4-E988-534E-C4A3-0000000005C5}",68100,"2021-07-19 00:00","HX2 8WY","T","Y","F","16","","DEMO STREET","","HALIFAX","CALDERDALE","WEST YORKSHIRE","A","A"
"{DEMO44AA-F8E1-762B-505F-0000000005C6}",73700,"2021-07-20 00:00","HX3 4ZD","S","N","F","18","","DEMO STREET","","HALIFAX","CALDERDALE","WEST YORKSHIRE","A","A"
"{DEMO2860-2F95-7C75-47FC-0000000005C7}",631700,"2021-07-20 00:00","HX2 3LR","D","N","F","34","","DEMO STREET","","HALIFAX","CALDERDALE","WEST YORKSHIRE","A","A"
"{DEMOC7E4-EED7-E27D-BEE8-0000000005C8}",62000,"2021-07-21 00:00","HX7 3UA","T","N","F","39","","DEMO STREET","","HALIFAX","CALDERDALE","WEST YORKSHIRE","A","A"
"{DEMO3FDE-D2C4-E598-30D1-0000000005C9}",176400,"2021-07-22 00:00","HX3 2FX","D","N","F","23","","DEMO STREET","","HALIFAX","CALDERDALE","WEST YORKSHIRE","A","A"
"{DEMOF7E2-F5D4-7813-CE44-0000000005CA}",146300,"2021-07-23 00:00","HX5 2EE","F","N","L","118","","DEMO STREET","","HALIFAX","CALDERDALE","WEST YORKSHIRE","A","A"
"{DEMO23BE-A7C0-E0BF-BF82-0000000005CB}",124800,"2021-07-24 00:00","HX7 0RQ","T","N","F","34","","DEMO STREET","","HALIFAX","CALDERDALE","WEST YORKSHIRE","A","A"
"{DEMO2652-C3FF-CE97-C451-0000000005CC}",53700,"2021-07-24 00:00","HX2 3ZG","F","N","L","36","","DEMO STREET","","HALIFAX","CALDERDALE","WEST YORKSHIRE","A","A"
"{DEMOEB1A-C70E-0296-8FAB-0000000005CD}",171900,"2021-07-25 00:00","HX2 6SR","S","N","F","27","","DEMO STREET","","HALIFAX","CALDERDALE","WEST YORKSHIRE","A","A"
"{DEMO4B30-5907-843D-3F6B-0000000005CE}",345900,"2021-07-26 00:00","HX3 1SD","T","N","F","70","","DEMO STREET","","HALIFAX","CALDERDALE","WEST YORKSHIRE","A","A"
"{DEMOEBDF-CA9B-3C0D-18D1-0000000005CF}",86900,"2021-07-26 00:00","HX4 6LF","S","Y","F","115","","DEMO STREET","","HALIFAX","CALDERDALE","WEST YORKSHIRE","A","A"
"{DEMO65F7-B037-F598-0E33-0000000005D0}",130600,"2021-07-27 00:00","HX5 5LN","D","N","F","5","","DEMO STREET","","HALIFAX","CALDERDALE","WEST YORKSHIRE","A","A"
"{DEMO72F1-8B85-891D-F402-0000000005D1}",99500,"2021-07-28 00:00","HX4 8LU","S","N","F","65","","DEMO STREET","","HALIFAX","CALDERDALE","WEST YORKSHIRE","A","A"
"{DEMO3730-7D94-FB24-E13F-0000000005D2}",56900,"2021-08-01 00:00","HX5 0QY","S","N","F","101","","DEMO STREET","","HALIFAX","CALDERDALE","WEST YORKSHIRE","A","A"
"{DEMO083F-A009-528A-6FC2-0000000005D3}",320900,"2021-08-03 00:00","HX2 4RU","T","N","F","29","","DEMO STREET","","HALIFAX","CALDERDALE","WEST YORKSHIRE","A","A"
"{DEMO736D-5606-73D9-86D3-0000000005D4}",279600,"2021-08-04 00:00","HX4 7YS","S","N","F","92","","DEMO STREET","","HALIFAX","CALDERDALE","WEST YORKSHIRE","A","A"
"{DEMO7C66-9A89-B040-7609-0000000005D5}",135500,"2021-08-04 00:00","HX5 4NN","F","N","L","106","","DEMO STREET","","HALIFAX","CALDERDALE","WEST YORKSHIRE","A","A"
"{DEMOE7DD-3591-BCE2-5308-0000000005D6}",95400,"2021-08-04 00:00","HX6 7GA","F","Y","L","55","","DEMO STREET","","HALIFAX","CALDERDALE","WEST YORKSHIRE","A","A"
"{DEMO981C-C2F6-7A69-56AF-0000000005D7}",134700,"2021-08-05 00:00","HX1 1ET","S","N","F","40","","DEMO STREET","","HALIFAX","CALDERDALE","WEST YORKSHIRE","A","A"
"{DEMO6211-136D-90F8-46D0-0000000005D8}",90900,"2021-08-06 00:00","HX6 0GR","S","N","F","92","","DEMO STREET","","HALIFAX","CALDERDALE","WEST YORKSHIRE","A","A"
"{DEMO912C-7A02-850A-22AC-0000000005D9}",30100,"2021-08-07 00:00","HX6 3HR","T","N","F","45","","DEMO STREET","","HALIFAX","CALDERDALE","WEST YORKSHIRE","A","A"
"{DEMO5084-762E-4AAB-1EA7-0000000005DA}",166700,"2021-08-07 00:00","HX5 9NY","S","N","F","65","","DEMO STREET","","HALIFAX","CALDERDALE","WEST YORKSHIRE","A","A"
"{DEMO7A0A-BC67-8ACC-A58C-0000000005DB}",122900,"2021-08-07 00:00","HX7 9SL","T","Y","F","46","","DEMO STREET","","HALIFAX","CALDERDALE","WEST YORKSHIRE","A","A"
"{DEMO83FC-4885-126D-D315-0000000005DC}",401300,"2021-08-08 00:00","HX6 4JU","T","N","F","12","","DEMO STREET","","HALIFAX","CALDERDALE","WEST YORKSHIRE","A","A"
"{DEMO8E3A-2410-009A-D486-0000000005DD}",191700,"2021-08-08 00:00","HX6 1SG","D","N","F","96","","DEMO STREET","","HALIFAX","CALDERDALE","WEST YORKSHIRE","A","A"
"{DEMO9A73-C699-A500-6787-0000000005DE}",108200,"2021-08-08 00:00","HX1 8UY","S","N","F","68","","DEMO STREET","","HALIFAX","CALDERDALE","WEST YORKSHIRE","A","A"
"{DEMO9161-7199-1082-854A-0000000005DF}",127800,"2021-08-09 00:00","HX7 3ZJ","D","N","F","116","","DEMO STREET","","HALIFAX","CALDERDALE","WEST YORKSHIRE","A","A"
"{DEMOC2BC-EAB6-AF55-616E-0000000005E0}",78800,"2021-08-09 00:00","HX2 4GU","D","N","F","5","","DEMO STREET","","HALIFAX","CALDERDALE","WEST YORKSHIRE","A","A"
"{DEMOEDEB-E305-25C3-2152-0000000005E1}",143900,"2021-08-09 00:00","HX7 9ZN","S","N","F","41","","DEMO STREET","","HALIFAX","CALDERDALE","WEST YORKSHIRE","A","A"
"{DEMOBD16-1F4D-EFF4-5CD5-0000000005E2}",71300,"2021-08-10 00:00","HX5 6EW","F","N","L","5","","DEMO STREET","","HALIFAX","CALDERDALE","WEST YORKSHIRE","A","A"
"{DEMO538D-1C8C-4CDF-0492-0000000005E3}",146500,"2021-08-10 00:00","HX7 4BH","T","N","F","104","","DEMO STREET","","HALIFAX","CALDERDALE","WEST YORKSHIRE","A","A"
"{DEMOCD0D-B6E6-1B58-4B3B-0000000005E4}",38400,"2021-08-10 00:00","HX1 8WF","S","N","F","89","","DEMO STREET","","HALIFAX","CALDERDALE","WEST YORKSHIRE","A","A"
"{DEMO75DE-2941-CFD4-CAFB-0000000005E5}",33000,"2021-08-11 00:00","HX5 2DJ","D","N","F","18","","DEMO STREET","","HALIFAX","CALDERDALE","WEST YORKSHIRE","A","A"
"{DEMO48AF-8915-5800-B49D-0000000005E6}",85900,"2021-08-12 00:00","HX1 1YE","F","N","L","27","","DEMO STREET","","HALIFAX","CALDERDALE","WEST YORKSHIRE","A","A"
"{DEMOCCAD-0F75-F9C3-73E9-0000000005E7}",78000,"2021-08-13 00:00","HX6 8FQ","S","N","F","79","","DEMO STREET","","HALIFAX","CALDERDALE","WEST YORKSHIRE","A","A"
"{DEMO52E0-4728-7EE4-03CB-0000000005E8}",169000,"2021-08-14 00:00","HX6 7DS","D","N","F","111","","DEMO STREET","","HALIFAX","CALDERDALE","WEST YORKSHIRE","A","A"
"{DEMODC76-0C53-6B69-C201-0000000005E9}",296200,"2021-08-16 00:00","HX6 7GA","S","N","F","18","","DEMO STREET","","HALIFAX","CALDERDALE","WEST YORKSHIRE","A","A"
"{DEMO3E02-DA5B-2EDD-A010-0000000005EA}",253200,"2021-08-17 00:00","HX5 4ZB","S","N","F","19","","DEMO STREET","","HALIFAX","CALDERDALE","WEST YORKSHIRE","A","A"
"{DEMOB215-BA4F-5FA6-7846-0000000005EB}",364300,"2021-08-18 00:00","HX3 4FW","S","N","F","31","","DEMO STREET","","HALIFAX","CALDERDALE","WEST YORKSHIRE","A","A"
"{DEMOC2D0-CE06-FFAF-74D2-0000000005EC}",203100,"2021-08-18 00:00","HX6 3LR","S","N","F","64","","DEMO STREET","","HALIFAX","CALDERDALE","WEST YORKSHIRE","A","A"
"{DEMO2CCD-B20F-63F6-5FBD-0000000005ED}",268200,"2021-08-20 00:00","HX3 1HW","D","N","F","85","","DEMO STREET","","HALIFAX","CALDERDALE","WEST YORKSHIRE","A","A"
"{DEMODD9D-5CF1-CF5E-0F24-0000000005EE}",342900,"2021-08-20 00:00","HX4 3PH","T","N","F","31","","DEMO STREET","","HALIFAX","CALDERDALE","WEST YORKSHIRE","A","A"
"{DEMOC6FD-409A-7F14-5BDC-0000000005EF}",30300,"2021-08-21 00:00","HX3 3AG","T","N","F","92","","DEMO STREET","","HALIFAX","CALDERDALE","WEST YORKSHIRE","A","A"
"{DEMO98E1-D739-BD4A-549C-0000000005F0}",306100,"2021-08-22 00:00","HX6 9TJ","T","N","F","97","","DEMO STREET","","HALIFAX","CALDERDALE","WEST YORKSHIRE","A","A"
"{DEMOFCF3-7216-4084-C864-0000000005F1}",134100,"2021-08-25 00:00","HX4 6PW","T","N","F","110","","DEMO STREET","","HALIFAX","CALDERDALE","WEST YORKSHIRE","A","A"
"{DEMO52A6-874F-C119-0719-0000000005F2}",49400,"2021-08-25 00:00","HX3 5UU","S","N","F","84","","DEMO STREET","","HALIFAX","CALDERDALE","WEST YORKSHIRE","A","A"
"{DEMO6D8D-FB6F-0810-5646-0000000005F3}",62400,"2021-08-25 00:00","HX1 2AP","D","N","F","91","","DEMO STREET","","HALIFAX","CALDERDALE","WEST YORKSHIRE","A","A"
"{DEMOA2F8-F489-CDB5-CC32-0000000005F4}",108800,"2021-08-26 00:00","HX5 9ZG","D","N","F","56","","DEMO STREET","","HALIFAX","CALDERDALE","WEST YORKSHIRE","A","A"
"{DEMO7E05-5F02-06FC-5EE0-0000000005F5}",289000,"2021-08-27 00:00","HX3 4FW","S","N","F","102","","DEMO STREET","","HALIFAX","CALDERDALE","WEST YORKSHIRE","A","A"
"{DEMO5ECE-7A47-A415-999F-0000000005F6}",228000,"2021-08-27 00:00","HX4 2UT","S","N","F","62","","DEMO STREET","","HALIFAX","CALDERDALE","WEST YORKSHIRE","A","A"
"{DEMO21FD-FDA9-E10B-D8F3-0000000005F7}",38400,"2021-08-28 00:00","HX2 1WY","S","N","F","58","","DEMO STREET","","HALIFAX","CALDERDALE","WEST YORKSHIRE","A","A"
"{DEMO37A2-BF65-EA90-D1BC-0000000005F8}",241400,"2021-08-28 00:00","HX4 7JY","T","N","F","59","","DEMO STREET","","HALIFAX","CALDERDALE","WEST YORKSHIRE","A","A"
"{DEMO9844-419E-149E-6174-0000000005F9}",111500,"2021-09-01 00:00","HX7 3UQ","S","N","F","20","","DEMO STREET","","HALIFAX","CALDERDALE","WEST YORKSHIRE","A","A"
"{DEMO1832-899F-3D8D-E242-0000000005FA}",87000,"2021-09-01 00:00","HX2 4FU","S","N","F","6","","DEMO STREET","","HALIFAX","CALDERDALE","WEST YORKSHIRE","A","A"
"{DEMO54DE-5B1A-A992-1D36-0000000005FB}",478500,"2021-09-03 00:00","HX1 8NT","T","N","F","34","","DEMO STREET","","HALIFAX","CALDERDALE","WEST YORKSHIRE","A","A"
"{DEMOE5C3-AEF6-539C-598C-0000000005FC}",338000,"2021-09-04 00:00","HX2 6SR","S","N","F","84","","DEMO STREET","","HALIFAX","CALDERDALE","WEST YORKSHIRE","A","A"
"{DEMOBBE9-98F0-76B9-237C-0000000005FD}",60100,"2021-09-04 00:00","HX5 9PL","D","N","F","27","","DEMO STREET","","HALIFAX","CALDERDALE","WEST YORKSHIRE","A","A"
"{DEMOE0F5-B01A-B20B-D835-0000000005FE}",133500,"2021-09-05 00:00","HX6 6LX","S","N","F","60","","DEMO STREET","","HALIFAX","CALDERDALE","WEST YORKSHIRE","A","A"
"{DEMODAB8-CFD7-B4BD-653F-0000000005FF}",291200,"2021-09-06 00:00","HX3 1TU","T","N","F","42","","DEMO STREET","","HALIFAX","CALDERDALE","WEST YORKSHIRE","A","A"
"{DEMOD151-4862-B693-8B89-000000000600}",142500,"2021-09-06 00:00","HX3 3DT","T","N","F","113","","DEMO STREET","","HALIFAX","CALDERDALE","WEST YORKSHIRE","A","A"
"{DEMO70B8-5942-220F-4D9C-000000000601}",412500,"2021-09-06 00:00","HX7 3DH","D","N","F","115","","DEMO STREET","","HALIFAX","CALDERDALE","WEST YORKSHIRE","A","A"
"{DEMO3B8F-CCDA-5515-7465-000000000602}",147100,"2021-09-06 00:00","HX2 1LH","S","N","F","77","","DEMO STREET","","HALIFAX","CALDERDALE","WEST YORKSHIRE","A","A"
"{DEMO133F-0259-02D7-646C-000000000603}",402900,"2021-09-06 00:00","HX7 9HG","T","Y","F","94","","DEMO STREET","","HALIFAX","CALDERDALE","WEST YORKSHIRE","A","A"
"{DEMOE883-98D6-0810-1E34-000000000604}",48900,"2021-09-06 00:00","HX5 9PX","S","Y","F","9","","DEMO STREET","","HALIFAX","CALDERDALE","WEST YORKSHIRE","A","A"
"{DEMO220A-7CD0-4768-606B-000000000605}",100400,"2021-09-08 00:00","HX6 9TJ","D","N","F","63","","DEMO STREET","","HALIFAX","CALDERDALE","WEST YORKSHIRE","A","A"
"{DEMO007E-74C1-E646-3C8F-000000000606}",228200,"2021-09-08 00:00","HX2 4NP","T","N","F","30","","DEMO STREET","","HALIFAX","CALDERDALE","WEST YORKSHIRE","A","A"
"{DEMOA765-1EF0-E464-3ED5-000000000607}",272300,"2021-09-09 00:00","HX6 7FQ","D","N","F","1","","DEMO STREET","","HALIFAX","CALDERDALE","WEST YORKSHIRE","A","A"
"{DEMOF10E-0442-1523-9B84-000000000608}",117300,"2021-09-11 00:00","HX1 9HY","T","N","F","96","","DEMO STREET","","HALIFAX","CALDERDALE","WEST YORKSHIRE","A","A"
"{DEMOA737-6B63-3150-E877-000000000609}",147000,"2021-09-11 00:00","HX1 3ZW","S","N","F","83","","DEMO STREET","","HALIFAX","CALDERDALE","WEST YORKSHIRE","A","A"
"{DEMOC58B-3A2F-0EBA-84EE-00000000060A}",83900,"2021-09-12 00:00","HX1 6DA","F","N","L","56","","DEMO STREET","","HALIFAX","CALDERDALE","WEST YORKSHIRE","A","A"
"{DEMO7969-9392-7AE8-B2D4-00000000060B}",120000,"2021-09-12 00:00","HX6 1QZ","T","N","F","106","","DEMO STREET","","HALIFAX","CALDERDALE","WEST YORKSHIRE","A","A"
"{DEMO870A-9ADA-BB89-3077-00000000060C}",107600,"2021-09-14 00:00","HX2 9BW","F","N","L","60","","DEMO STREET","","HALIFAX","CALDERDALE","WEST YORKSHIRE","A","A"
"{DEMO9A4E-E4D8-6B03-69B4-00000000060D}",73600,"2021-09-14 00:00","HX5 2GH","T","N","F","49","","DEMO STREET","","HALIFAX","CALDERDALE","WEST YORKSHIRE","A","A"
"{DEMO63E1-FF7F-9A66-73DB-00000000060E}",110600,"2021-09-15 00:00","HX7 3JG","F","N","L","67","","DEMO STREET","","HALIFAX","CALDERDALE","WEST YORKSHIRE","A","A"
"{DEMO1E74-7A54-2D3B-8426-00000000060F}",124600,"2021-09-16 00:00","HX5 0QY","D","N","F","81","","DEMO STREET","","HALIFAX","CALDERDALE","WEST YORKSHIRE","A","A"
"{DEMOD93B-268D-A55A-3579-000000000610}",375700,"2021-09-18 00:00","HX5 5WZ","D","N","F","52","","DEMO STREET","","HALIFAX","CALDERDALE","WEST YORKSHIRE","A","A"
"{DEMO6641-E8D3-552C-9DFD-000000000611}",85100,"2021-09-19 00:00","HX5 2FL","D","N","F","39","","DEMO STREET","","HALIFAX","CALDERDALE","WEST YORKSHIRE","A","A"
"{DEMO7B41-0EFB-8DB0-78A6-000000000612}",88700,"2021-09-19 00:00","HX5 1SN","S","N","F","82","","DEMO STREET","","HALIFAX","CALDERDALE","WEST YORKSHIRE","A","A"
"{DEMOAEB7-0CB1-3C81-5BFF-000000000613}",199000,"2021-09-20 00:00","HX7 8JT","S","N","F","6","","DEMO STREET","","HALIFAX","CALDERDALE","WEST YORKSHIRE","A","A"
"{DEMO7B19-3130-72D6-699B-000000000614}",147600,"2021-09-20 00:00","HX3 4RH","S","N","F","35","","DEMO STREET","","HALIFAX","CALDERDALE","WEST YORKSHIRE","A","A"
"{DEMO2B74-9C98-37CF-5A9F-000000000615}",158800,"2021-09-20 00:00","HX7 3DH","S","Y","F","57","","DEMO STREET","","HALIFAX","CALDERDALE","WEST YORKSHIRE","A","A"
"{DEMOEF96-26A3-0485-7FBA-000000000616}",91600,"2021-09-21 00:00","HX3 9LY","S","N","F","101","","DEMO STREET","","HALIFAX","CALDERDALE","WEST YORKSHIRE","A","A"
"{DEMOFB90-2089-830A-79A9-000000000617}",227400,"2021-09-21 00:00","HX3 7ZB","S","N","F","87","","DEMO STREET","","HALIFAX","CALDERDALE","WEST YORKSHIRE","A","A"
"{DEMO66B0-B828-518D-EBC5-000000000618}",16200,"2021-09-23 00:00","HX2 5YH","F","N","L","4","","DEMO STREET","","HALIFAX","CALDERDALE","WEST YORKSHIRE","A","A"
"{DEMO20E0-5E55-1FE9-E2E6-000000000619}",106800,"2021-09-24 00:00","HX4 2UZ","S","N","F","32","","DEMO STREET","","HALIFAX","CALDERDALE","WEST YORKSHIRE","A","A"
"{DEMOD6A0-AFC5-30F7-6316-00000000061A}",105100,"2021-09-25 00:00","HX2 9RZ","S","N","F","45","","DEMO STREET","","HALIFAX","CALDERDALE","WEST YORKSHIRE","A","A"
"{DEMO7A20-E210-2D98-8BC3-00000000061B}",176000,"2021-09-26 00:00","HX1 8NT","F","N","L","48","","DEMO STREET","","HALIFAX","CALDERDALE","WEST YORKSHIRE","A","A"
"{DEMOC32F-2BBD-FE79-2662-00000000061C}",89400,"2021-09-27 00:00","HX3 4FW","T","N","F","53","","DEMO STREET","","HALIFAX","CALDERDALE","WEST YORKSHIRE","A","A"
"{DEMO659F-1851-5DA6-0106-00000000061D}",160700,"2021-09-27 00:00","HX3 4LZ","T","N","F","48","","DEMO STREET","","HALIFAX","CALDERDALE","WEST YORKSHIRE","A","A"
"{DEMO2F67-6C61-B55E-B789-00000000061E}",174000,"2021-09-27 00:00","HX4 9PP","D","N","F","66","","DEMO STREET","","HALIFAX","CALDERDALE","WEST YORKSHIRE","A","A"
"{DEMO6DE0-C473-C328-A71C-00000000061F}",125900,"2021-09-27 00:00","HX3 4XU","T","N","F","22","","DEMO STREET","","HALIFAX","CALDERDALE","WEST YORKSHIRE","A","A"
"{DEMODC7F-8238-7001-F463-000000000620}",51600,"2021-09-28 00:00","HX6 4AP","D","N","F","112","","DEMO STREET","","HALIFAX","CALDERDALE","WEST YORKSHIRE","A","A"
"{DEMOE993-6925-3260-3842-000000000621}",74000,"2021-09-28 00:00","HX7 7EJ","D","N","F","51","","DEMO STREET","","HALIFAX","CALDERDALE","WEST YORKSHIRE","A","A"
"{DEMO21BA-6DE7-78AA-0B00-000000000622}",61400,"2021-10-02 00:00","HX6 2JX","D","N","F","92","","DEMO STREET","","HALIFAX","CALDERDALE","WEST YORKSHIRE","A","A"
"{DEMO08EC-202C-B2CD-12E9-000000000623}",152400,"2021-10-02 00:00","HX5 9ND","F","N","L","15","","DEMO STREET","","HALIFAX","CALDERDALE","WEST YORKSHIRE","A","A"
"{DEMO843E-4824-A2AA-9A0E-000000000624}",149100,"2021-10-03 00:00","HX3 5ZT","D","N","F","51","","DEMO STREET","","HALIFAX","CALDERDALE","WEST YORKSHIRE","A","A"
"{DEMOCA2F-BBB4-9750-30D5-000000000625}",177400,"2021-10-03 00:00","HX4 7HF","T","N","F","110","","DEMO STREET","","HALIFAX","CALDERDALE","WEST YORKSHIRE","A","A"
"{DEMO1B9E-D950-5316-13B6-000000000626}",130000,"2021-10-05 00:00","HX5 4WW","S","N","F","27","","DEMO STREET","","HALIFAX","CALDERDALE","WEST YORKSHIRE","A","A"
"{DEMO0FF2-BB96-9A23-0186-000000000627}",78000,"2021-10-05 00:00","HX3 4TN","T","N","F","85","","DEMO STREET","","HALIFAX","CALDERDALE","WEST YORKSHIRE","A","A"
"{DEMOF6FF-EF15-D4D2-6632-000000000628}",76300,"2021-10-05 00:00","HX6 4ZZ","T","N","F","104","","DEMO STREET","","HALIFAX","CALDERDALE","WEST YORKSHIRE","A","A"
"{DEMO56C4-F44D-6DE4-10AA-000000000629}",57300,"2021-10-06 00:00","HX1 7DS","D","N","F","38","","DEMO STREET","","HALIFAX","CALDERDALE","WEST YORKSHIRE","A","A"
"{DEMO90CF-9345-8E2D-BAA7-00000000062A}",151500,"2021-10-06 00:00","HX5 4DR","F","N","L","22","","DEMO STREET","","HALIFAX","CALDERDALE","WEST YORKSHIRE","A","A"
"{DEMOA7A3-4C5B-46AE-B2EC-00000000062B}",311000,"2021-10-06 00:00","HX2 1LH","F","N","L","84","","DEMO STREET","","HALIFAX","CALDERDALE","WEST YORKSHIRE","A","A"
"{DEMO059A-647C-9D51-E6EE-00000000062C}",564700,"2021-10-06 00:00","HX5 7QF","S","N","F","22","","DEMO STREET","","HALIFAX","CALDERDALE","WEST YORKSHIRE","A","A"
"{DEMOED65-A4FD-120E-82E0-00000000062D}",36800,"2021-10-07 00:00","HX6 3JG","F","N","L","119","","DEMO STREET","","HALIFAX","CALDERDALE","WEST YORKSHIRE","A","A"
"{DEMO8FD8-E843-AE64-1112-00000000062E}",63600,"2021-10-08 00:00","HX1 8NT","S","N","F","88","","DEMO STREET","","HALIFAX","CALDERDALE","WEST YORKSHIRE","A","A"
"{DEMO8F31-C22A-2ADC-EA72-00000000062F}",442600,"2021-10-09 00:00","HX7 8SA","S","N","F","76","","DEMO STREET","","HALIFAX","CALDERDALE","WEST YORKSHIRE","A","A"
"{DEMOFC81-84A7-A6DE-3A49-000000000630}",89700,"2021-10-10 00:00","HX2 4JQ","F","N","L","53","","DEMO STREET","","HALIFAX","CALDERDALE","WEST YORKSHIRE","A","A"
"{DEMO3EAF-838E-034D-F634-000000000631}",50400,"2021-10-10 00:00","HX5 5LN","T","N","F","22","","DEMO STREET","","HALIFAX","CALDERDALE","WEST YORKSHIRE","A","A"
"{DEMOEF01-7962-5D09-09C9-000000000632}",124900,"2021-10-10 00:00","HX1 8NT","T","N","F","112","","DEMO STREET","","HALIFAX","CALDERDALE","WEST YORKSHIRE","A","A"
"{DEMO1473-22D9-1C1A-60F0-000000000633}",102900,"2021-10-11 00:00","HX5 1HA","F","N","L","105","","DEMO STREET","","HALIFAX","CALDERDALE","WEST YORKSHIRE","A","A"
"{DEMO28CB-F991-1125-9A07-000000000634}",57900,"2021-10-11 00:00","HX7 9RJ","D","N","F","44","","DEMO STREET","","HALIFAX","CALDERDALE","WEST YORKSHIRE","A","A"
"{DEMO3616-DC2A-624F-0C3B-000000000635}",70100,"2021-10-11 00:00","HX6 4EJ","T","N","F","67","","DEMO STREET","","HALIFAX","CALDERDALE","WEST YORKSHIRE","A","A"
"{DEMO8C4F-3833-2973-4489-000000000636}",176100,"2021-10-11 00:00","HX3 9FR","S","N","F","25","","DEMO STREET","","HALIFAX","CALDERDALE","WEST YORKSHIRE","A","A"
"{DEMO7A50-5E5E-B333-E9BE-000000000637}",289100,"2021-10-11 00:00","HX1 9JL","S","N","F","18","","DEMO STREET","","HALIFAX","CALDERDALE","WEST YORKSHIRE","A","A"
"{DEMO15A8-54E7-676A-2B88-000000000638}",66200,"2021-10-13 00:00","HX6 7UF","F","N","L","117","","DEMO STREET","","HALIFAX","CALDERDALE","WEST YORKSHIRE","A","A"
"{DEMO100C-736B-4369-A946-000000000639}",50000,"2021-10-14 00:00","HX3 8WR","S","N","F","30","","DEMO STREET","","HALIFAX","CALDERDALE","WEST YORKSHIRE","A","A"
"{DEMO443F-4D71-9FA9-5916-00000000063A}",59600,"2021-10-14 00:00","HX5 8BP","S","Y","F","46","","DEMO STREET","","HALIFAX","CALDERDALE","WEST YORKSHIRE","A","A"
"{DEMO4879-F37B-BFC0-9072-00000000063B}",35800,"2021-10-16 00:00","HX7 3ZJ","D","N","F","49","","DEMO STREET","","HALIFAX","CALDERDALE","WEST YORKSHIRE","A","A"
"{DEMOB1FC-8DF5-8844-F791-00000000063C}",109800,"2021-10-16 00:00","HX4 0DR","T","N","F","73","","DEMO STREET","","HALIFAX","CALDERDALE","WEST YORKSHIRE","A","A"
"{DEMOAF3D-6B39-920E-8B2C-00000000063D}",158800,"2021-10-17 00:00","HX4 7HQ","S","N","F","29","","DEMO STREET","","HALIFAX","CALDERDALE","WEST YORKSHIRE","A","A"
"{DEMO1436-AD5B-0078-6AEB-00000000063E}",105700,"2021-10-17 00:00","HX7 8GY","T","N","F","60","","DEMO STREET","","HALIFAX","CALDERDALE","WEST YORKSHIRE","A","A"
"{DEMO5BEC-E1D7-9000-8B9B-00000000063F}",64100,"2021-10-20 00:00","HX6 6PY","T","N","F","26","","DEMO STREET","","HALIFAX","CALDERDALE","WEST YORKSHIRE","A","A"
"{DEMOD5CE-5B23-1585-A9BA-000000000640}",65200,"2021-10-20 00:00","HX7 6HQ","S","N","F","2","","DEMO STREET","","HALIFAX","CALDERDALE","WEST YORKSHIRE","A","A"
"{DEMO0B35-2BAB-E968-3A87-000000000641}",31900,"2021-10-22 00:00","HX3 1BP","T","N","F","97","","DEMO STREET","","HALIFAX","CALDERDALE","WEST YORKSHIRE","A","A"
"{DEMO0C9C-54B5-03A8-B28B-000000000642}",208200,"2021-10-23 00:00","HX4 3PH","T","N","F","8","","DEMO STREET","","HALIFAX","CALDERDALE","WEST YORKSHIRE","A","A"
"{DEMOBAB9-4D92-A79C-D4D0-000000000643}",79900,"2021-10-24 00:00","HX3 4YX","D","N","F","93","","DEMO STREET","","HALIFAX","CALDERDALE","WEST YORKSHIRE","A","A"
"{DEMO543F-EFE2-5407-FDF2-000000000644}",77200,"2021-10-24 00:00","HX2 5US","D","N","F","9","","DEMO STREET","","HALIFAX","CALDERDALE","WEST YORKSHIRE","A","A"
"{DEMO5255-118E-31EA-3C7B-000000000645}",62700,"2021-10-25 00:00","HX4 5HR","T","N","F","31","","DEMO STREET","","HALIFAX","CALDERDALE","WEST YORKSHIRE","A","A"
"{DEMOA8DA-0B6D-CB77-80FB-000000000646}",91400,"2021-10-25 00:00","HX3 4ZD","S","N","F","53","","DEMO STREET","","HALIFAX","CALDERDALE","WEST YORKSHIRE","A","A"
"{DEMOB25D-0250-AE48-681F-000000000647}",64500,"2021-10-26 00:00","HX5 0YA","T","N","F","54","","DEMO STREET","","HALIFAX","CALDERDALE","WEST YORKSHIRE","A","A"
"{DEMO57A2-2F33-9DCF-AA4C-000000000648}",206500,"2021-10-26 00:00","HX7 2XS","T","N","F","15","","DEMO STREET","","HALIFAX","CALDERDALE","WEST YORKSHIRE","A","A"
"{DEMO69A4-0602-48BB-98F0-000000000649}",187800,"2021-10-26 00:00","HX4 6XA","S","N","F","44","","DEMO STREET","","HALIFAX","CALDERDALE","WEST YORKSHIRE","A","A"
"{DEMO9B39-6A90-E4D7-74B6-00000000064A}",345800,"2021-10-27 00:00","HX5 2WG","S","N","F","116","","DEMO STREET","","HALIFAX","CALDERDALE","WEST YORKSHIRE","A","A"
"{DEMO1C64-FF26-4952-3B98-00000000064B}",150000,"2021-10-27 00:00","HX4 6TY","T","N","F","3","","DEMO STREET","","HALIFAX","CALDERDALE","WEST YORKSHIRE","A","A"
"{DEMOB5EF-562C-E4E6-EE67-00000000064C}",43100,"2021-10-28 00:00","HX1 4YU","T","N","F","68","","DEMO STREET","","HALIFAX","CALDERDALE","WEST YORKSHIRE","A","A"
"{DEMOBB56-F923-0EFF-9AEE-00000000064D}",159100,"2021-10-28 00:00","HX4 5NQ","F","N","L","94","","DEMO STREET","","HALIFAX","CALDERDALE","WEST YORKSHIRE","A","A"
"{DEMOC774-A62B-36D0-1383-00000000064E}",170200,"2021-10-28 00:00","HX3 9FR","T","N","F","76","","DEMO STREET","","HALIFAX","CALDERDALE","WEST YORKSHIRE","A","A"
"{DEMO9A1A-5DD6-969D-48B8-00000000064F}",54400,"2021-11-01 00:00","HX1 1EL","S","N","F","8","","DEMO STREET","","HALIFAX","CALDERDALE","WEST YORKSHIRE","A","A"
"{DEMO6584-7AFC-892E-301E-000000000650}",22400,"2021-11-01 00:00","HX1 1JF","T","N","F","62","","DEMO STREET","","HALIFAX","CALDERDALE","WEST YORKSHIRE","A","A"
"{DEMO8CF2-B8F9-7AF1-9A35-000000000651}",60800,"2021-11-02 00:00","HX3 0PJ","D","N","F","113","","DEMO STREET","","HALIFAX","CALDERDALE","WEST YORKSHIRE","A","A"
"{DEMO1C00-68A3-2874-3CB1-000000000652}",213700,"2021-11-03 00:00","HX5 2QA","S","N","F","55","","DEMO STREET","","HALIFAX","CALDERDALE","WEST YORKSHIRE","A","A"
"{DEMO1D5F-4ADB-76B0-7561-000000000653}",373900,"2021-11-03 00:00","HX6 7PY","T","N","F","16","","DEMO STREET","","HALIFAX","CALDERDALE","WEST YORKSHIRE","A","A"
"{DEMO7619-7059-A9C4-C4A3-000000000654}",13900,"2021-11-04 00:00","HX2 1WY","D","N","F","96","","DEMO STREET","","HALIFAX","CALDERDALE","WEST YORKSHIRE","A","A"
"{DEMO64E0-DF14-CC65-B85C-000000000655}",113800,"2021-11-05 00:00","HX7 4UL","S","N","F","40","","DEMO STREET","","HALIFAX","CALDERDALE","WEST YORKSHIRE","A","A"
"{DEMOACAC-417E-EF25-0140-000000000656}",60200,"2021-11-05 00:00","HX1 7NQ","D","N","F","41","","DEMO STREET","","HALIFAX","CALDERDALE","WEST YORKSHIRE","A","A"
"{DEMO5FD4-C4BB-41E7-22C7-000000000657}",82700,"2021-11-06 00:00","HX6 9RP","S","N","F","83","","DEMO STREET","","HALIFAX","CALDERDALE","WEST YORKSHIRE","A","A"
"{DEMO4342-2E07-449C-BCD1-000000000658}",67700,"2021-11-07 00:00","HX3 4SF","D","Y","F","52","","DEMO STREET","","HALIFAX","CALDERDALE","WEST YORKSHIRE","A","A"
"{DEMO33D2-FF00-69BF-1B61-000000000659}",109600,"2021-11-08 00:00","HX2 6SR","S","N","F","120","","DEMO STREET","","HALIFAX","CALDERDALE","WEST YORKSHIRE","A","A"
"{DEMO871C-547B-A2B0-4C7C-00000000065A}",191800,"2021-11-08 00:00","HX5 7LZ","T","N","F","108","","DEMO STREET","","HALIFAX","CALDERDALE","WEST YORKSHIRE","A","A"
"{DEMOC113-FA1A-FFE5-3719-00000000065B}",155100,"2021-11-08 00:00","HX6 4HQ","D","N","F","48","","DEMO STREET","","HALIFAX","CALDERDALE","WEST YORKSHIRE","A","A"
"{DEMOFC33-C3E3-01F5-3D33-00000000065C}",77100,"2021-11-09 00:00","HX6 6TN","S","N","F","5","","DEMO STREET","","HALIFAX","CALDERDALE","WEST YORKSHIRE","A","A"
"{DEMOC0C9-2401-028F-7320-00000000065D}",146700,"2021-11-09 00:00","HX7 4DP","S","N","F","72","","DEMO STREET","","HALIFAX","CALDERDALE","WEST YORKSHIRE","A","A"
"{DEMO0C4D-9C38-2B45-7BAC-00000000065E}",65200,"2021-11-10 00:00","HX2 9HD","D","N","F","43","","DEMO STREET","","HALIFAX","CALDERDALE","WEST YORKSHIRE","A","A"
"{DEMO74EB-AFB1-6889-1BAC-00000000065F}",128600,"2021-11-10 00:00","HX2 1LH","S","N","F","10","","DEMO STREET","","HALIFAX","CALDERDALE","WEST YORKSHIRE","A","A"
"{DEMO3764-77AB-9C9A-D916-000000000660}",216100,"2021-11-10 00:00","HX4 2UZ","D","N","F","30","","DEMO STREET","","HALIFAX","CALDERDALE","WEST YORKSHIRE","A","A"
"{DEMOBD47-D165-C2B4-DE04-000000000661}",194600,"2021-11-11 00:00","HX3 7RL","T","N","F","2","","DEMO STREET","","HALIFAX","CALDERDALE","WEST YORKSHIRE","A","A"
"{DEMOD7DC-EF9B-801B-47E9-000000000662}",91600,"2021-11-11 00:00","HX1 8NT","D","N","F","92","","DEMO STREET","","HALIFAX","CALDERDALE","WEST YORKSHIRE","A","A"
"{DEMO7FBF-E747-DD36-08AA-000000000663}",113100,"2021-11-12 00:00","HX1 1JF","T","N","F","28","","DEMO STREET","","HALIFAX","CALDERDALE","WEST YORKSHIRE","A","A"
"{DEMO8156-9FD1-8CB8-D345-000000000664}",236900,"2021-11-12 00:00","HX5 0RE","D","N","F","79","","DEMO STREET","","HALIFAX","CALDERDALE","WEST YORKSHIRE","A","A"
"{DEMOC541-DF0D-1C6F-DAAC-000000000665}",142900,"2021-11-12 00:00","HX1 4GR","S","N","F","80","","DEMO STREET","","HALIFAX","CALDERDALE","WEST YORKSHIRE","A","A"
"{DEMO192D-52A2-EDA9-E168-000000000666}",135700,"2021-11-13 00:00","HX6 8XU","S","N","F","116","","DEMO STREET","","HALIFAX","CALDERDALE","WEST YORKSHIRE","A","A"
"{DEMO990D-EE1D-E415-692A-000000000667}",65500,"2021-11-13 00:00","HX6 0QF","T","N","F","1","","DEMO STREET","","HALIFAX","CALDERDALE","WEST YORKSHIRE","A","A"
"{DEMO961B-5B2C-8BDD-7300-000000000668}",241000,"2021-11-14 00:00","HX4 5DL","D","N","F","5","","DEMO STREET","","HALIFAX","CALDERDALE","WEST YORKSHIRE","A","A"
"{DEMOEB87-25F7-AFC0-BC73-000000000669}",60600,"2021-11-14 00:00","HX3 5SJ","T","N","F","1","","DEMO STREET","","HALIFAX","CALDERDALE","WEST YORKSHIRE","A","A"
"{DEMO2CA5-2807-3D6D-7075-00000000066A}",187500,"2021-11-14 00:00","HX7 3UQ","S","N","F","78","","DEMO STREET","","HALIFAX","CALDERDALE","WEST YORKSHIRE","A","A"
"{DEMODA19-BCD4-BFB0-F71F-00000000066B}",82300,"2021-11-14 00:00","HX3 7LQ","T","N","F","33","","DEMO STREET","","HALIFAX","CALDERDALE","WEST YORKSHIRE","A","A"
"{DEMOC168-6930-CDED-F71C-00000000066C}",295100,"2021-11-15 00:00","HX1 0FX","D","N","F","106","","DEMO STREET","","HALIFAX","CALDERDALE","WEST YORKSHIRE","A","A"
"{DEMO45F6-30BE-1BAE-8416-00000000066D}",380000,"2021-11-15 00:00","HX4 9PX","T","N","F","54","","DEMO STREET","","HALIFAX","CALDERDALE","WEST YORKSHIRE","A","A"
"{DEMO48CB-60CF-3646-2F98-00000000066E}",192300,"2021-11-16 00:00","HX6 7DN","T","N","F","26","","DEMO STREET","","HALIFAX","CALDERDALE","WEST YORKSHIRE","A","A"
"{DEMOBBD9-987C-E311-4785-00000000066F}",112400,"2021-11-16 00:00","HX6 1BF","T","N","F","68","","DEMO STREET","","HALIFAX","CALDERDALE","WEST YORKSHIRE","A","A"
"{DEMOC926-23A0-554B-E0A4-000000000670}",64800,"2021-11-16 00:00","HX7 4BH","T","N","F","30","","DEMO STREET","","HALIFAX","CALDERDALE","WEST YORKSHIRE","A","A"
"{DEMOE00A-337F-AE86-13FF-000000000671}",51700,"2021-11-17 00:00","HX4 9YW","S","N","F","25","","DEMO STREET","","HALIFAX","CALDERDALE","WEST YORKSHIRE","A","A"
"{DEMO6235-BC4F-EAA5-3543-000000000672}",212400,"2021-11-17 00:00","HX3 2BL","D","N","F","76","","DEMO STREET","","HALIFAX","CALDERDALE","WEST YORKSHIRE","A","A"
"{DEMO88A3-3096-D6FC-11AF-000000000673}",41200,"2021-11-17 00:00","HX6 4ZZ","T","Y","F","119","","DEMO STREET","","HALIFAX","CALDERDALE","WEST YORKSHIRE","A","A"
"{DEMOE2FF-B531-1140-CECD-000000000674}",88100,"2021-11-18 00:00","HX4 1DQ","D","N","F","26","","DEMO STREET","","HALIFAX","CALDERDALE","WEST YORKSHIRE","A","A"
"{DEMO0B77-101F-5D09-C2CA-000000000675}",171600,"2021-11-19 00:00","HX6 0LN","T","N","F","102","","DEMO STREET","","HALIFAX","CALDERDALE","WEST YORKSHIRE","A","A"
"{DEMO8D0F-4C56-CBF8-9D7A-000000000676}",95300,"2021-11-21 00:00","HX4 6PW","D","N","F","4","","DEMO STREET","","HALIFAX","CALDERDALE","WEST YORKSHIRE","A","A"
"{DEMODCFB-BBF2-B216-6B40-000000000677}",110700,"2021-11-21 00:00","HX4 8PJ","D","N","F","17","","DEMO STREET","","HALIFAX","CALDERDALE","WEST YORKSHIRE","A","A"
"{DEMOFC1E-8276-000A-71A1-000000000678}",433800,"2021-11-21 00:00","HX2 3HG","S","N","F","33","","DEMO STREET","","HALIFAX","CALDERDALE","WEST YORKSHIRE","A","A"
"{DEMOE5C6-8B75-1C19-5013-000000000679}",129500,"2021-11-22 00:00","HX6 6EE","S","N","F","40","","DEMO STREET","","HALIFAX","CALDERDALE","WEST YORKSHIRE","A","A"
"{DEMO62A8-5318-B94E-0AFB-00000000067A}",78600,"2021-11-23 00:00","HX3 7ZB","T","N","F","31","","DEMO STREET","","HALIFAX","CALDERDALE","WEST YORKSHIRE","A","A"
"{DEMO4CA4-4F49-AF12-AA7A-00000000067B}",167300,"2021-11-24 00:00","HX7 5AU","T","N","F","21","","DEMO STREET","","HALIFAX","CALDERDALE","WEST YORKSHIRE","A","A"
"{DEMO9B3A-74AD-6B7E-785E-00000000067C}",44000,"2021-11-25 00:00","HX2 1AG","S","N","F","69","","DEMO STREET","","HALIFAX","CALDERDALE","WEST YORKSHIRE","A","A"
"{DEMO633A-9060-20B2-8809-00000000067D}",196700,"2021-11-26 00:00","HX4 5HR","T","Y","F","64","","DEMO STREET","","HALIFAX","CALDERDALE","WEST YORKSHIRE","A","A"
"{DEMOABC7-194A-1F98-41A3-00000000067E}",782800,"2021-11-26 00:00","HX1 2AE","F","Y","L","68","","DEMO STREET","","HALIFAX","CALDERDALE","WEST YORKSHIRE","A","A"
"{DEMO6753-B464-3436-F0EC-00000000067F}",63400,"2021-11-27 00:00","HX6 8XU","S","N","F","85","","DEMO STREET","","HALIFAX","CALDERDALE","WEST YORKSHIRE","A","A"
"{DEMO0002-7FAC-29E5-662F-000000000680}",184400,"2021-11-27 00:00","HX6 9TJ","S","N","F","111","","DEMO STREET","","HALIFAX","CALDERDALE","WEST YORKSHIRE","A","A"
"{DEMOC173-2BDA-0F9E-16CE-000000000681}",63000,"2021-11-28 00:00","HX6 9RP","D","N","F","105","","DEMO STREET","","HALIFAX","CALDERDALE","WEST YORKSHIRE","A","A"
"{DEMOD02F-341A-21B6-5922-000000000682}",51600,"2021-11-28 00:00","HX4 7QJ","S","N","F","57","","DEMO STREET","","HALIFAX","CALDERDALE","WEST YORKSHIRE","A","A"
"{DEMO7264-A1FB-2B8C-0EF4-000000000683}",107700,"2021-12-01 00:00","HX6 1QZ","T","N","F","49","","DEMO STREET","","HALIFAX","CALDERDALE","WEST YORKSHIRE","A","A"
"{DEMO6FD7-65D0-323C-EB0F-000000000684}",81700,"2021-12-01 00:00","HX1 0JY","S","N","F","108","","DEMO STREET","","HALIFAX","CALDERDALE","WEST YORKSHIRE","A","A"
"{DEMO2941-26E5-D296-643A-000000000685}",113700,"2021-12-02 00:00","HX3 8WA","S","N","F","24","","DEMO STREET","","HALIFAX","CALDERDALE","WEST YORKSHIRE","A","A"
"{DEMOE349-9876-75FE-0764-000000000686}",161500,"2021-12-05 00:00","HX6 9EY","S","N","F","36","","DEMO STREET","","HALIFAX","CALDERDALE","WEST YORKSHIRE","A","A"
"{DEMOED3F-B9AE-4469-1A5C-000000000687}",302400,"2021-12-06 00:00","HX6 9SQ","S","N","F","14","","DEMO STREET","","HALIFAX","CALDERDALE","WEST YORKSHIRE","A","A"
"{DEMO1836-F263-662A-A9CA-000000000688}",85000,"2021-12-06 00:00","HX5 2GH","D","N","F","87","","DEMO STREET","","HALIFAX","CALDERDALE","WEST YORKSHIRE","A","A"
"{DEMOBB34-8E91-F4F4-FA97-000000000689}",120300,"2021-12-06 00:00","HX2 0NP","T","N","F","6","","DEMO STREET","","HALIFAX","CALDERDALE","WEST YORKSHIRE","A","A"
"{DEMO7D9A-488C-0F63-B542-00000000068A}",56600,"2021-12-06 00:00","HX1 2AP","S","N","F","117","","DEMO STREET","","HALIFAX","CALDERDALE","WEST YORKSHIRE","A","A"
"{DEMOA893-B19D-EA26-01AA-00000000068B}",118600,"2021-12-07 00:00","HX3 7NT","T","N","F","24","","DEMO STREET","","HALIFAX","CALDERDALE","WEST YORKSHIRE","A","A"
"{DEMO4095-2EDA-F3AC-B3B3-00000000068C}",209200,"2021-12-08 00:00","HX1 5HG","S","N","F","120","","DEMO STREET","","HALIFAX","CALDERDALE","WEST YORKSHIRE","A","A"
"{DEMODD5D-5529-2C86-9704-00000000068D}",297100,"2021-12-09 00:00","HX2 7RD","S","N","F","6","","DEMO STREET","","HALIFAX","CALDERDALE","WEST YORKSHIRE","A","A"
"{DEMO1194-FC40-1167-DF60-00000000068E}",86100,"2021-12-09 00:00","HX6 9WN","D","N","F","22","","DEMO STREET","","HALIFAX","CALDERDALE","WEST YORKSHIRE","A","A"
"{DEMO329A-2372-3B47-3BA3-00000000068F}",145300,"2021-12-09 00:00","HX6 3QQ","S","N","F","33","","DEMO STREET","","HALIFAX","CALDERDALE","WEST YORKSHIRE","A","A"
"{DEMO88E7-7167-D7F9-B7C7-000000000690}",151700,"2021-12-09 00:00","HX5 0WW","S","N","F","86","","DEMO STREET","","HALIFAX","CALDERDALE","WEST YORKSHIRE","A","A"
"{DEMO8741-1EE8-1586-9FCD-000000000691}",31100,"2021-12-10 00:00","HX4 8XW","S","N","F","35","","DEMO STREET","","HALIFAX","CALDERDALE","WEST YORKSHIRE","A","A"
"{DEMOFBB3-2D3B-E98E-C866-000000000692}",373900,"2021-12-10 00:00","HX4 3PE","T","N","F","13","","DEMO STREET","","HALIFAX","CALDERDALE","WEST YORKSHIRE","A","A"
"{DEMOEB89-C9C0-CF89-71B1-000000000693}",153200,"2021-12-10 00:00","HX4 0TZ","S","N","F","101","","DEMO STREET","","HALIFAX","CALDERDALE","WEST YORKSHIRE","A","A"
"{DEMO07D5-6BC0-1000-0F33-000000000694}",125800,"2021-12-12 00:00","HX4 5HR","T","N","F","30","","DEMO STREET","","HALIFAX","CALDERDALE","WEST YORKSHIRE","A","A"
"{DEMOBEDA-97A7-1B91-32AC-000000000695}",235600,"2021-12-12 00:00","HX2 9WA","S","N","F","65","","DEMO STREET","","HALIFAX","CALDERDALE","WEST YORKSHIRE","A","A"
"{DEMO24A0-10D4-1660-B051-000000000696}",81400,"2021-12-13 00:00","HX6 3QQ","S","N","F","101","","DEMO STREET","","HALIFAX","CALDERDALE","WEST YORKSHIRE","A","A"
"{DEMO56CA-4659-7C23-C6CD-000000000697}",232000,"2021-12-13 00:00","HX5 0ZG","S","N","F","87","","DEMO STREET","","HALIFAX","CALDERDALE","WEST YORKSHIRE","A","A"
"{DEMO9D3A-33F5-A77A-D45A-000000000698}",148400,"2021-12-13 00:00","HX4 0NX","D","N","F","106","","DEMO STREET","","HALIFAX","CALDERDALE","WEST YORKSHIRE","A","A"
"{DEMO0780-9952-4F16-20D5-000000000699}",189500,"2021-12-14 00:00","HX3 1PZ","T","N","F","54","","DEMO STREET","","HALIFAX","CALDERDALE","WEST YORKSHIRE","A","A"
"{DEMO9E8E-FAA0-317C-018F-00000000069A}",186200,"2021-12-14 00:00","HX2 2ES","T","N","F","67","","DEMO STREET","","HALIFAX","CALDERDALE","WEST YORKSHIRE","A","A"
"{DEMO9993-9573-544D-41A4-00000000069B}",129900,"2021-12-14 00:00","HX1 8NT","S","N","F","112","","DEMO STREET","","HALIFAX","CALDERDALE","WEST YORKSHIRE","A","A"
"{DEMO4115-3D2A-440D-3DAC-00000000069C}",105100,"2021-12-15 00:00","HX4 5QL","F","N","L","86","","DEMO STREET","","HALIFAX","CALDERDALE","WEST YORKSHIRE","A","A"
"{DEMOAEAB-1D48-99B8-6FC9-00000000069D}",98200,"2021-12-16 00:00","HX4 9PP","T","N","F","44","","DEMO STREET","","HALIFAX","CALDERDALE","WEST YORKSHIRE","A","A"
"{DEMO0F8E-23C6-D72D-65AA-00000000069E}",116700,"2021-12-16 00:00","HX7 0XY","S","N","F","88","","DEMO STREET","","HALIFAX","CALDERDALE","WEST YORKSHIRE","A","A"
"{DEMO3C79-BEE9-85BF-7612-00000000069F}",87200,"2021-12-17 00:00","HX1 5SR","S","N","F","117","","DEMO STREET","","HALIFAX","CALDERDALE","WEST YORKSHIRE","A","A"
"{DEMOA354-871F-3A3B-FE5D-0000000006A0}",76400,"2021-12-17 00:00","HX7 5NX","D","N","F","110","","DEMO STREET","","HALIFAX","CALDERDALE","WEST YORKSHIRE","A","A"
"{DEMO4D55-25B6-64C5-ADD8-0000000006A1}",62100,"2021-12-17 00:00","HX5 5PL","S","N","F","24","","DEMO STREET","","HALIFAX","CALDERDALE","WEST YORKSHIRE","A","A"
"{DEMO506E-2EB3-D77F-4604-0000000006A2}",102600,"2021-12-17 00:00","HX6 8ZZ","F","N","L","85","","DEMO STREET","","HALIFAX","CALDERDALE","WEST YORKSHIRE","A","A"
"{DEMO8CC8-57C8-F949-FA07-0000000006A3}",73600,"2021-12-19 00:00","HX6 4ZZ","S","N","F","107","","DEMO STREET","","HALIFAX","CALDERDALE","WEST YORKSHIRE","A","A"
"{DEMO6DB8-E4E7-38EF-8343-0000000006A4}",42900,"2021-12-20 00:00","HX4 7QJ","T","N","F","113","","DEMO STREET","","HALIFAX","CALDERDALE","WEST YORKSHIRE","A","A"
"{DEMO2376-D3DA-D84F-ABB8-0000000006A5}",239200,"2021-12-22 00:00","HX2 4NP","D","N","F","39","","DEMO STREET","","HALIFAX","CALDERDALE","WEST YORKSHIRE","A","A"
"{DEMOD988-5396-C166-54F0-0000000006A6}",88400,"2021-12-23 00:00","HX5 7QF","S","N","F","41","","DEMO STREET","","HALIFAX","CALDERDALE","WEST YORKSHIRE","A","A"
"{DEMOE4D1-861D-8EAA-C839-0000000006A7}",48300,"2021-12-24 00:00","HX2 9XG","T","N","F","46","","DEMO STREET","","HALIFAX","CALDERDALE","WEST YORKSHIRE","A","A"
"{DEMOB311-2CDF-177B-E04A-0000000006A8}",111000,"2021-12-25 00:00","HX6 0BR","S","N","F","52","","DEMO STREET","","HALIFAX","CALDERDALE","WEST YORKSHIRE","A","A"
"{DEMO6558-0777-6A74-A5EA-0000000006A9}",349200,"2021-12-25 00:00","HX7 3ZJ","T","N","F","26","","DEMO STREET","","HALIFAX","CALDERDALE","WEST YORKSHIRE","A","A"
"{DEMOF354-0989-6D13-2CF9-0000000006AA}",224400,"2021-12-25 00:00","HX2 1ZA","S","N","F","80","","DEMO STREET","","HALIFAX","CALDERDALE","WEST YORKSHIRE","A","A"
"{DEMO420B-2D30-E46E-E347-0000000006AB}",85300,"2021-12-25 00:00","HX2 8FA","T","N","F","115","","DEMO STREET","","HALIFAX","CALDERDALE","WEST YORKSHIRE","A","A"
"{DEMOD8EB-FD22-4405-0CD9-0000000006AC}",298500,"2021-12-26 00:00","HX3 2QF","T","N","F","109","","DEMO STREET","","HALIFAX","CALDERDALE","WEST YORKSHIRE","A","A"
"{DEMO9CB9-352E-BE61-08DC-0000000006AD}",97900,"2021-12-27 00:00","HX6 7WR","S","N","F","49","","DEMO STREET","","HALIFAX","CALDERDALE","WEST YORKSHIRE","A","A"
"{DEMO4DE1-67C6-EC98-1975-0000000006AE}",32000,"2021-12-27 00:00","HX6 7HR","S","N","F","21","","DEMO STREET","","HALIFAX","CALDERDALE","WEST YORKSHIRE","A","A"
"{DEMO12D8-98EE-043A-BAEA-0000000006AF}",242700,"2021-12-28 00:00","HX6 7DS","T","N","F","118","","DEMO STREET","","HALIFAX","CALDERDALE","WEST YORKSHIRE","A","A"
"{DEMOD728-08E0-8365-0732-0000000006B0}",155200,"2021-12-28 00:00","HX2 0SJ","D","N","F","99","","DEMO STREET","","HALIFAX","CALDERDALE","WEST YORKSHIRE","A","A"
"{DEMO5E4B-C76E-C577-9837-0000000006B1}",285900,"2022-01-02 00:00","HX2 6TP","T","N","F","36","","DEMO STREET","","HALIFAX","CALDERDALE","WEST YORKSHIRE","A","A"
"{DEMODB9D-1574-9E10-4882-0000000006B2}",82000,"2022-01-02 00:00","HX1 5WE","S","N","F","105","","DEMO STREET","","HALIFAX","CALDERDALE","WEST YORKSHIRE","A","A"
"{DEMO6B95-3333-463A-96E0-0000000006B3}",191500,"2022-01-03 00:00","HX1 0AY","T","N","F","3","","DEMO STREET","","HALIFAX","CALDERDALE","WEST YORKSHIRE","A","A"
"{DEMOED07-54CF-D54E-6D81-0000000006B4}",201500,"2022-01-03 00:00","HX6 7GA","S","N","F","67","","DEMO STREET","","HALIFAX","CALDERDALE","WEST YORKSHIRE","A","A"
"{DEMO5306-1E53-1C58-95B2-0000000006B5}",163400,"2022-01-04 00:00","HX5 9RX","S","N","F","71","","DEMO STREET","","HALIFAX","CALDERDALE","WEST YORKSHIRE","A","A"
"{DEMOBB87-3FE0-6058-F682-0000000006B6}",148400,"2022-01-05 00:00","HX6 9WN","S","N","F","49","","DEMO STREET","","HALIFAX","CALDERDALE","WEST YORKSHIRE","A","A"
"{DEMO51AF-DC97-63F0-EF99-0000000006B7}",74700,"2022-01-05 00:00","HX6 7HR","T","N","F","69","","DEMO STREET","","HALIFAX","CALDERDALE","WEST YORKSHIRE","A","A"
"{DEMOFDBE-AC8D-357A-8A25-0000000006B8}",214300,"2022-01-05 00:00","HX4 7JY","T","N","F","82","","DEMO STREET","","HALIFAX","CALDERDALE","WEST YORKSHIRE","A","A"
"{DEMOCC88-7123-BF03-9A88-0000000006B9}",101700,"2022-01-06 00:00","HX4 8XW","S","N","F","96","","DEMO STREET","","HALIFAX","CALDERDALE","WEST YORKSHIRE","A","A"
"{DEMOF7B5-9FDD-A3C0-2F36-0000000006BA}",136600,"2022-01-06 00:00","HX3 8ZZ","T","N","F","51","","DEMO STREET","","HALIFAX","CALDERDALE","WEST YORKSHIRE","A","A"
"{DEMOD71A-5224-26C3-CBF5-0000000006BB}",239000,"2022-01-06 00:00","HX3 0SL","T","N","F","25","","DEMO STREET","","HALIFAX","CALDERDALE","WEST YORKSHIRE","A","A"
"{DEMO94A0-5EB6-E745-9AD5-0000000006BC}",71000,"2022-01-06 00:00","HX1 9SN","T","N","F","76","","DEMO STREET","","HALIFAX","CALDERDALE","WEST YORKSHIRE","A","A"
"{DEMO8A16-83DF-2FB9-7680-0000000006BD}",143300,"2022-01-06 00:00","HX7 3YD","T","N","F","47","","DEMO STREET","","HALIFAX","CALDERDALE","WEST YORKSHIRE","A","A"
"{DEMO10BA-2DEE-EFDF-4003-0000000006BE}",100600,"2022-01-06 00:00","HX6 5WE","T","Y","F","87","","DEMO STREET","","HALIFAX","CALDERDALE","WEST YORKSHIRE","A","A"
"{DEMO87F0-AB1A-FFB5-9ED1-0000000006BF}",240000,"2022-01-07 00:00","HX5 2EE","D","N","F","84","","DEMO STREET","","HALIFAX","CALDERDALE","WEST YORKSHIRE","A","A"
"{DEMO6853-1140-29D1-AA68-0000000006C0}",350400,"2022-01-07 00:00","HX7 5AU","F","Y","L","45","","DEMO STREET","","HALIFAX","CALDERDALE","WEST YORKSHIRE","A","A"
"{DEMO6CBD-AF8F-0FEB-213A-0000000006C1}",411900,"2022-01-08 00:00","HX7 8JT","D","N","F","49","","DEMO STREET","","HALIFAX","CALDERDALE","WEST YORKSHIRE","A","A"
"{DEMO5F15-FB8E-A40B-4C75-0000000006C2}",76700,"2022-01-08 00:00","HX3 4EE","S","N","F","30","","DEMO STREET","","HALIFAX","CALDERDALE","WEST YORKSHIRE","A","A"
"{DEMO915E-75AB-121D-F3DA-0000000006C3}",182900,"2022-01-08 00:00","HX6 0PA","S","N","F","69","","DEMO STREET","","HALIFAX","CALDERDALE","WEST YORKSHIRE","A","A"
"{DEMO8012-29AF-F3EB-6765-0000000006C4}",147400,"2022-01-08 00:00","HX4 7QZ","T","N","F","69","","DEMO STREET","","HALIFAX","CALDERDALE","WEST YORKSHIRE","A","A"
"{DEMO3F06-C7DA-707D-AAC9-0000000006C5}",229900,"2022-01-08 00:00","HX7 5ZH","F","N","L","3","","DEMO STREET","","HALIFAX","CALDERDALE","WEST YORKSHIRE","A","A"
"{DEMOB3BF-00ED-2383-9D0A-0000000006C6}",123900,"2022-01-09 00:00","HX5 6XB","D","N","F","99","","DEMO STREET","","HALIFAX","CALDERDALE","WEST YORKSHIRE","A","A"
"{DEMO84D4-6774-DAE4-886F-0000000006C7}",220900,"2022-01-10 00:00","HX5 7RX","D","Y","F","58","","DEMO STREET","","HALIFAX","CALDERDALE","WEST YORKSHIRE","A","A"
"{DEMOAF88-43E0-57A1-CE63-0000000006C8}",114900,"2022-01-12 00:00","HX6 5WE","D","N","F","2","","DEMO STREET","","HALIFAX","CALDERDALE","WEST YORKSHIRE","A","A"
"{DEMO9A60-1639-0D65-7323-0000000006C9}",310500,"2022-01-12 00:00","HX3 5TA","D","N","F","90","","DEMO STREET","","HALIFAX","CALDERDALE","WEST YORKSHIRE","A","A"
"{DEMOA8A2-BA08-9116-F1B4-0000000006CA}",248400,"2022-01-13 00:00","HX7 3ZJ","S","N","F","103","","DEMO STREET","","HALIFAX","CALDERDALE","WEST YORKSHIRE","A","A"
"{DEMO920C-DFBE-C26E-E898-0000000006CB}",133800,"2022-01-13 00:00","HX4 6QX","F","N","L","88","","DEMO STREET","","HALIFAX","CALDERDALE","WEST YORKSHIRE","A","A"
"{DEMO7448-F34A-2256-D7C0-0000000006CC}",85300,"2022-01-13 00:00","HX6 8ZZ","S","N","F","21","","DEMO STREET","","HALIFAX","CALDERDALE","WEST YORKSHIRE","A","A"
"{DEMO6542-853B-64A4-C963-0000000006CD}",361300,"2022-01-13 00:00","HX2 7HR","D","N","F","97","","DEMO STREET","","HALIFAX","CALDERDALE","WEST YORKSHIRE","A","A"
"{DEMOED02-98E2-4F67-BC1F-0000000006CE}",215100,"2022-01-13 00:00","HX4 1ZT","S","N","F","94","","DEMO STREET","","HALIFAX","CALDERDALE","WEST YORKSHIRE","A","A"
"{DEMO0DDE-8C98-D321-C190-0000000006CF}",101200,"2022-01-14 00:00","HX6 3AD","S","N","F","21","","DEMO STREET","","HALIFAX","CALDERDALE","WEST YORKSHIRE","A","A"
"{DEMODB33-2726-FE62-9A70-0000000006D0}",315000,"2022-01-14 00:00","HX6 7EU","D","N","F","68","","DEMO STREET","","HALIFAX","CALDERDALE","WEST YORKSHIRE","A","A"
"{DEMO4893-04A1-E163-2BEA-0000000006D1}",168800,"2022-01-15 00:00","HX3 2FX","D","N","F","107","","DEMO STREET","","HALIFAX","CALDERDALE","WEST YORKSHIRE","A","A"
"{DEMOFEF3-2F2A-5DA5-A667-0000000006D2}",23900,"2022-01-16 00:00","HX3 0JD","T","N","F","75","","DEMO STREET","","HALIFAX","CALDERDALE","WEST YORKSHIRE","A","A"
"{DEMOC8A3-C514-A072-217A-0000000006D3}",274200,"2022-01-16 00:00","HX2 5NU","F","Y","L","101","","DEMO STREET","","HALIFAX","CALDERDALE","WEST YORKSHIRE","A","A"
"{DEMOD6E6-004B-31C3-8678-0000000006D4}",238100,"2022-01-17 00:00","HX3 2TA","S","N","F","103","","DEMO STREET","","HALIFAX","CALDERDALE","WEST YORKSHIRE","A","A"
"{DEMOF880-E279-C1C0-49A8-0000000006D5}",146100,"2022-01-17 00:00","HX7 1FP","S","N","F","11","","DEMO STREET","","HALIFAX","CALDERDALE","WEST YORKSHIRE","A","A"
"{DEMO4D1F-F377-88D2-805B-0000000006D6}",255200,"2022-01-17 00:00","HX5 2RN","D","N","F","103","","DEMO STREET","","HALIFAX","CALDERDALE","WEST YORKSHIRE","A","A"
"{DEMOB50B-B295-4374-76A8-0000000006D7}",49900,"2022-01-17 00:00","HX1 9SN","S","N","F","83","","DEMO STREET","","HALIFAX","CALDERDALE","WEST YORKSHIRE","A","A"
"{DEMO7589-F905-1DD5-1BEC-0000000006D8}",44800,"2022-01-17 00:00","HX1 1EL","S","Y","F","82","","DEMO STREET","","HALIFAX","CALDERDALE","WEST YORKSHIRE","A","A"
"{DEMO07CC-8B8D-4B1C-B9A8-0000000006D9}",124100,"2022-01-18 00:00","HX5 3HD","T","N","F","97","","DEMO STREET","","HALIFAX","CALDERDALE","WEST YORKSHIRE","A","A"
"{DEMO5120-A194-6711-F7DC-0000000006DA}",31500,"2022-01-18 00:00","HX6 7WR","S","N","F","68","","DEMO STREET","","HALIFAX","CALDERDALE","WEST YORKSHIRE","A","A"
"{DEMOAC93-0A4C-439D-2518-0000000006DB}",386100,"2022-01-18 00:00","HX6 1QZ","S","N","F","104","","DEMO STREET","","HALIFAX","CALDERDALE","WEST YORKSHIRE","A","A"
"{DEMO045F-B914-0E14-AC03-0000000006DC}",105400,"2022-01-21 00:00","HX3 2TA","S","N","F","18","","DEMO STREET","","HALIFAX","CALDERDALE","WEST YORKSHIRE","A","A"
"{DEMO56D9-FDBB-CF2E-7609-0000000006DD}",732600,"2022-01-21 00:00","HX7 1PQ","T","N","F","26","","DEMO STREET","","HALIFAX","CALDERDALE","WEST YORKSHIRE","A","A"
"{DEMOACB2-BB3C-0A59-6401-0000000006DE}",351500,"2022-01-21 00:00","HX2 6BE","S","N","F","71","","DEMO STREET","","HALIFAX","CALDERDALE","WEST YORKSHIRE","A","A"
"{DEMO3DAD-AF69-BB4A-BD55-0000000006DF}",246100,"2022-01-22 00:00","HX6 7FQ","T","N","F","28","","DEMO STREET","","HALIFAX","CALDERDALE","WEST YORKSHIRE","A","A"
"{DEMO1D3C-16EF-DBD1-CF19-0000000006E0}",83300,"2022-01-22 00:00","HX1 0TT","S","N","F","100","","DEMO STREET","","HALIFAX","CALDERDALE","WEST YORKSHIRE","A","A"
"{DEMOEF09-996E-BED3-8DF2-0000000006E1}",109400,"2022-01-24 00:00","HX6 8ZZ","D","N","F","64","","DEMO STREET","","HALIFAX","CALDERDALE","WEST YORKSHIRE","A","A"
"{DEMO5CFB-C665-C4FB-A6EA-0000000006E2}",101700,"2022-01-26 00:00","HX1 0FT","T","N","F","87","","DEMO STREET","","HALIFAX","CALDERDALE","WEST YORKSHIRE","A","A"
"{DEMO95F8-3A2B-60A5-6652-0000000006E3}",108600,"2022-01-26 00:00","HX4 2PP","S","N","F","67","","DEMO STREET","","HALIFAX","CALDERDALE","WEST YORKSHIRE","A","A"
"{DEMO17C4-BBD7-D96B-B397-0000000006E4}",160500,"2022-02-02 00:00","HX6 7PY","S","N","F","61","","DEMO STREET","","HALIFAX","CALDERDALE","WEST YORKSHIRE","A","A"
"{DEMOB0B4-3BC0-A371-D038-0000000006E5}",123900,"2022-02-02 00:00","HX6 5JB","T","N","F","17","","DEMO STREET","","HALIFAX","CALDERDALE","WEST YORKSHIRE","A","A"
"{DEMO91C6-F761-4072-3A0F-0000000006E6}",95400,"2022-02-03 00:00","HX5 1DF","D","N","F","79","","DEMO STREET","","HALIFAX","CALDERDALE","WEST YORKSHIRE","A","A"
"{DEMOBC33-F17F-D0A7-A2C1-0000000006E7}",84400,"2022-02-04 00:00","HX6 9SQ","T","N","F","88","","DEMO STREET","","HALIFAX","CALDERDALE","WEST YORKSHIRE","A","A"
"{DEMO9777-B891-64A1-B697-0000000006E8}",145300,"2022-02-04 00:00","HX1 5ZU","D","N","F","6","","DEMO STREET","","HALIFAX","CALDERDALE","WEST YORKSHIRE","A","A"
"{DEMO002A-061A-B703-F337-0000000006E9}",160900,"2022-02-05 00:00","HX4 0TZ","T","N","F","45","","DEMO STREET","","HALIFAX","CALDERDALE","WEST YORKSHIRE","A","A"
"{DEMO302A-44A2-7AB0-0BFD-0000000006EA}",211500,"2022-02-08 00:00","HX6 1QZ","F","N","L","104","","DEMO STREET","","HALIFAX","CALDERDALE","WEST YORKSHIRE","A","A"
"{DEMO1253-4C7F-8459-3F27-0000000006EB}",208400,"2022-02-09 00:00","HX6 6HB","S","N","F","38","","DEMO STREET","","HALIFAX","CALDERDALE","WEST YORKSHIRE","A","A"
"{DEMO5209-2323-AA58-22AD-0000000006EC}",328500,"2022-02-09 00:00","HX6 3FB","D","N","F","61","","DEMO STREET","","HALIFAX","CALDERDALE","WEST YORKSHIRE","A","A"
"{DEMOD09C-A259-5E43-7CE3-0000000006ED}",182000,"2022-02-10 00:00","HX7 3UY","F","N","L","107","","DEMO STREET","","HALIFAX","CALDERDALE","WEST YORKSHIRE","A","A"
"{DEMO62A5-209B-449E-BE19-0000000006EE}",48300,"2022-02-10 00:00","HX6 6AH","T","N","F","3","","DEMO STREET","","HALIFAX","CALDERDALE","WEST YORKSHIRE","A","A"
"{DEMOCDD0-1FA5-01FA-1815-0000000006EF}",84000,"2022-02-12 00:00","HX1 1EL","S","N","F","82","","DEMO STREET","","HALIFAX","CALDERDALE","WEST YORKSHIRE","A","A"
"{DEMOAA9F-1B87-31FD-8275-0000000006F0}",154700,"2022-02-12 00:00","HX2 1LH","S","N","F","120","","DEMO STREET","","HALIFAX","CALDERDALE","WEST YORKSHIRE","A","A"
"{DEMOFA28-B3C7-0DFE-4C7A-0000000006F1}",195100,"2022-02-14 00:00","HX4 5AB","S","N","F","10","","DEMO STREET","","HALIFAX","CALDERDALE","WEST YORKSHIRE","A","A"
"{DEMO32D5-FF12-77E5-85C9-0000000006F2}",109600,"2022-02-14 00:00","HX4 8LU","T","N","F","29","","DEMO STREET","","HALIFAX","CALDERDALE","WEST YORKSHIRE","A","A"
"{DEMO065C-D263-C117-C2D1-0000000006F3}",125100,"2022-02-15 00:00","HX4 5AB","T","N","F","32","","DEMO STREET","","HALIFAX","CALDERDALE","WEST YORKSHIRE","A","A"
"{DEMOFA92-6C07-0DAC-44CD-0000000006F4}",764700,"2022-02-15 00:00","HX4 0TZ","T","N","F","118","","DEMO STREET","","HALIFAX","CALDERDALE","WEST YORKSHIRE","A","A"
"{DEMO3C76-A856-3FD1-37E5-0000000006F5}",100600,"2022-02-15 00:00","HX3 8WR","S","N","F","100","","DEMO STREET","","HALIFAX","CALDERDALE","WEST YORKSHIRE","A","A"
"{DEMOFA39-EDB1-EA67-1DA3-0000000006F6}",102500,"2022-02-16 00:00","HX6 8XU","F","Y","L","19","","DEMO STREET","","HALIFAX","CALDERDALE","WEST YORKSHIRE","A","A"
"{DEMOA1B2-33DF-775B-073D-0000000006F7}",56100,"2022-02-17 00:00","HX5 5PW","T","N","F","40","","DEMO STREET","","HALIFAX","CALDERDALE","WEST YORKSHIRE","A","A"
"{DEMO73B4-C49D-C728-47E0-0000000006F8}",63200,"2022-02-17 00:00","HX6 8XU","S","N","F","113","","DEMO STREET","","HALIFAX","CALDERDALE","WEST YORKSHIRE","A","A"
"{DEMOE28E-EE66-AE1D-B531-0000000006F9}",138500,"2022-02-17 00:00","HX6 1QZ","T","N","F","94","","DEMO STREET","","HALIFAX","CALDERDALE","WEST YORKSHIRE","A","A"
"{DEMO3F23-0CD7-C6BC-3015-0000000006FA}",327100,"2022-02-20 00:00","HX3 1HW","S","N","F","32","","DEMO STREET","","HALIFAX","CALDERDALE","WEST YORKSHIRE","A","A"
"{DEMO2218-7FC3-18FC-25AF-0000000006FB}",83100,"2022-02-20 00:00","HX1 6LR","T","N","F","15","","DEMO STREET","","HALIFAX","CALDERDALE","WEST YORKSHIRE","A","A"
"{DEMOADBB-6DE7-30FE-9FD2-0000000006FC}",114000,"2022-02-22 00:00","HX3 4SF","T","N","F","105","","DEMO STREET","","HALIFAX","CALDERDALE","WEST YORKSHIRE","A","A"
"{DEMOC4BA-37B7-E86F-285F-0000000006FD}",129700,"2022-02-22 00:00","HX4 9PX","D","N","F","54","","DEMO STREET","","HALIFAX","CALDERDALE","WEST YORKSHIRE","A","A"
"{DEMO4D1E-D76E-8358-537A-0000000006FE}",109300,"2022-02-24 00:00","HX3 5QY","T","N","F","78","","DEMO STREET","","HALIFAX","CALDERDALE","WEST YORKSHIRE","A","A"
"{DEMOBA48-036B-737B-3F2D-0000000006FF}",230100,"2022-02-24 00:00","HX3 4RX","S","Y","F","28","","DEMO STREET","","HALIFAX","CALDERDALE","WEST YORKSHIRE","A","A"
"{DEMO8841-D009-0286-F02B-000000000700}",467900,"2022-02-25 00:00","HX3 4SN","S","N","F","103","","DEMO STREET","","HALIFAX","CALDERDALE","WEST YORKSHIRE","A","A"
"{DEMO3B14-6A9B-E411-3879-000000000701}",68100,"2022-02-26 00:00","HX5 5PL","T","Y","F","53","","DEMO STREET","","HALIFAX","CALDERDALE","WEST YORKSHIRE","A","A"
"{DEMO9413-0804-CEA3-1A7E-000000000702}",424700,"2022-02-27 00:00","HX7 2SW","T","N","F","104","","DEMO STREET","","HALIFAX","CALDERDALE","WEST YORKSHIRE","A","A"
"{DEMODA04-D753-2FF8-223D-000000000703}",257400,"2022-02-27 00:00","HX6 2JX","S","N","F","70","","DEMO STREET","","HALIFAX","CALDERDALE","WEST YORKSHIRE","A","A"
"{DEMOE8F9-1C4E-23C1-BA6D-000000000704}",139400,"2022-02-27 00:00","HX2 5QD","T","N","F","30","","DEMO STREET","","HALIFAX","CALDERDALE","WEST YORKSHIRE","A","A"
"{DEMO72E5-A8BF-6B92-F7B5-000000000705}",24200,"2022-02-28 00:00","HX6 5QR","S","N","F","47","","DEMO STREET","","HALIFAX","CALDERDALE","WEST YORKSHIRE","A","A"
"{DEMO8454-E1F7-C521-CBF7-000000000706}",213400,"2022-02-28 00:00","HX1 9SN","D","N","F","26","","DEMO STREET","","HALIFAX","CALDERDALE","WEST YORKSHIRE","A","A"
"{DEMO471B-1DBD-A436-9D09-000000000707}",107500,"2022-03-01 00:00","HX3 9FR","S","N","F","74","","DEMO STREET","","HALIFAX","CALDERDALE","WEST YORKSHIRE","A","A"
"{DEMOE8CE-272E-5F32-12F7-000000000708}",95100,"2022-03-01 00:00","HX5 5RX","S","N","F","70","","DEMO STREET","","HALIFAX","CALDERDALE","WEST YORKSHIRE","A","A"
"{DEMO8015-98F3-075C-10E3-000000000709}",269600,"2022-03-02 00:00","HX6 0JU","D","N","F","65","","DEMO STREET","","HALIFAX","CALDERDALE","WEST YORKSHIRE","A","A"
"{DEMO2007-81D1-CEC3-561D-00000000070A}",355600,"2022-03-02 00:00","HX3 2RS","T","N","F","98","","DEMO STREET","","HALIFAX","CALDERDALE","WEST YORKSHIRE","A","A"
"{DEMO6996-A839-F373-D6DC-00000000070B}",155900,"2022-03-03 00:00","HX1 0ZA","T","N","F","30","","DEMO STREET","","HALIFAX","CALDERDALE","WEST YORKSHIRE","A","A"
"{DEMOF739-BB36-F505-E5CA-00000000070C}",422000,"2022-03-04 00:00","HX4 0JJ","S","N","F","111","","DEMO STREET","","HALIFAX","CALDERDALE","WEST YORKSHIRE","A","A"
"{DEMO2CA2-4DB6-2D3D-0F42-00000000070D}",116600,"2022-03-05 00:00","HX5 0EG","D","N","F","96","","DEMO STREET","","HALIFAX","CALDERDALE","WEST YORKSHIRE","A","A"
"{DEMO98DE-9C1B-B0A5-6E1F-00000000070E}",47400,"2022-03-05 00:00","HX2 6TP","F","N","L","114","","DEMO STREET","","HALIFAX","CALDERDALE","WEST YORKSHIRE","A","A"
"{DEMO7FF2-92F3-6F92-5B44-00000000070F}",229900,"2022-03-07 00:00","HX1 9JZ","D","N","F","37","","DEMO STREET","","HALIFAX","CALDERDALE","WEST YORKSHIRE","A","A"
"{DEMOC4E9-131F-5284-F207-000000000710}",250600,"2022-03-08 00:00","HX2 4FU","T","N","F","14","","DEMO STREET","","HALIFAX","CALDERDALE","WEST YORKSHIRE","A","A"
"{DEMO30EC-D838-D29F-1911-000000000711}",176900,"2022-03-09 00:00","HX7 3YD","F","N","L","30","","DEMO STREET","","HALIFAX","CALDERDALE","WEST YORKSHIRE","A","A"
"{DEMO630F-0457-4DDD-4C3B-000000000712}",124900,"2022-03-10 00:00","HX4 6XY","S","N","F","71","","DEMO STREET","","HALIFAX","CALDERDALE","WEST YORKSHIRE","A","A"
"{DEMOF552-D325-1AF6-681D-000000000713}",64900,"2022-03-10 00:00","HX4 3QH","F","N","L","38","","DEMO STREET","","HALIFAX","CALDERDALE","WEST YORKSHIRE","A","A"
"{DEMOF74C-5B6A-250D-B4A9-000000000714}",492500,"2022-03-10 00:00","HX2 5NU","T","N","F","113","","DEMO STREET","","HALIFAX","CALDERDALE","WEST YORKSHIRE","A","A"
"{DEMODADE-D264-C8E2-BB34-000000000715}",286600,"2022-03-11 00:00","HX4 1ZW","F","N","L","59","","DEMO STREET","","HALIFAX","CALDERDALE","WEST YORKSHIRE","A","A"
"{DEMO1068-EF6E-40DD-B003-000000000716}",271200,"2022-03-13 00:00","HX6 8WY","S","N","F","3","","DEMO STREET","","HALIFAX","CALDERDALE","WEST YORKSHIRE","A","A"
"{DEMO1407-153B-AB58-C6A5-000000000717}",113400,"2022-03-13 00:00","HX2 1AG","D","N","F","15","","DEMO STREET","","HALIFAX","CALDERDALE","WEST YORKSHIRE","A","A"
"{DEMOEC7F-0222-4878-47C6-000000000718}",81700,"2022-03-14 00:00","HX4 8RJ","S","N","F","34","","DEMO STREET","","HALIFAX","CALDERDALE","WEST YORKSHIRE","A","A"
"{DEMOB324-C879-8F22-0796-000000000719}",420100,"2022-03-14 00:00","HX1 9HY","T","N","F","110","","DEMO STREET","","HALIFAX","CALDERDALE","WEST YORKSHIRE","A","A"
"{DEMO0DB9-331E-59E5-952C-00000000071A}",319400,"2022-03-14 00:00","HX2 1AG","T","Y","F","35","","DEMO STREET","","HALIFAX","CALDERDALE","WEST YORKSHIRE","A","A"
"{DEMO5E16-031B-CADF-0C00-00000000071B}",80400,"2022-03-15 00:00","HX5 6DW","F","N","L","117","","DEMO STREET","","HALIFAX","CALDERDALE","WEST YORKSHIRE","A","A"
"{DEMOA3E3-1BAF-2949-CB9B-00000000071C}",57000,"2022-03-16 00:00","HX4 8PH","T","N","F","15","","DEMO STREET","","HALIFAX","CALDERDALE","WEST YORKSHIRE","A","A"
"{DEMO7160-FA7D-CC89-1E0A-00000000071D}",134300,"2022-03-16 00:00","HX7 7YY","T","N","F","58","","DEMO STREET","","HALIFAX","CALDERDALE","WEST YORKSHIRE","A","A"
"{DEMOE9F5-C7F6-9758-4F0E-00000000071E}",103500,"2022-03-17 00:00","HX6 1LG","S","N","F","30","","DEMO STREET","","HALIFAX","CALDERDALE","WEST YORKSHIRE","A","A"
"{DEMOD092-DA3E-2261-A1FC-00000000071F}",165900,"2022-03-17 00:00","HX6 0PA","S","N","F","24","","DEMO STREET","","HALIFAX","CALDERDALE","WEST YORKSHIRE","A","A"
"{DEMO9526-8F3E-C00C-192F-000000000720}",310600,"2022-03-17 00:00","HX2 5NU","T","N","F","23","","DEMO STREET","","HALIFAX","CALDERDALE","WEST YORKSHIRE","A","A"
"{DEMOBEB8-65DD-8C04-E74F-000000000721}",158900,"2022-03-18 00:00","HX7 5JT","F","N","L","34","","DEMO STREET","","HALIFAX","CALDERDALE","WEST YORKSHIRE","A","A"
"{DEMOCBF9-752E-5262-5219-000000000722}",326300,"2022-03-19 00:00","HX5 4WW","D","N","F","56","","DEMO STREET","","HALIFAX","CALDERDALE","WEST YORKSHIRE","A","A"
"{DEMOB35F-D1B9-A671-24DA-000000000723}",279000,"2022-03-19 00:00","HX1 4US","F","N","L","111","","DEMO STREET","","HALIFAX","CALDERDALE","WEST YORKSHIRE","A","A"
"{DEMO3694-055E-8D7D-0117-000000000724}",81700,"2022-03-21 00:00","HX3 9PB","D","N","F","102","","DEMO STREET","","HALIFAX","CALDERDALE","WEST YORKSHIRE","A","A"
"{DEMO80F4-0756-6BBF-EAF8-000000000725}",202600,"2022-03-22 00:00","HX1 0RJ","S","N","F","56","","DEMO STREET","","HALIFAX","CALDERDALE","WEST YORKSHIRE","A","A"
"{DEMO0DB9-0E1F-664F-C521-000000000726}",210700,"2022-03-22 00:00","HX2 0PF","S","N","F","94","","DEMO STREET","","HALIFAX","CALDERDALE","WEST YORKSHIRE","A","A"
"{DEMOB06E-CF12-0F6C-E258-000000000727}",149700,"2022-03-22 00:00","HX7 7EJ","T","N","F","100","","DEMO STREET","","HALIFAX","CALDERDALE","WEST YORKSHIRE","A","A"
"{DEMOD0D4-8C12-8236-0BE6-000000000728}",126900,"2022-03-22 00:00","HX5 9PX","S","N","F","80","","DEMO STREET","","HALIFAX","CALDERDALE","WEST YORKSHIRE","A","A"
"{DEMOBA81-B579-F282-117A-000000000729}",152200,"2022-03-23 00:00","HX7 6PZ","F","N","L","50","","DEMO STREET","","HALIFAX","CALDERDALE","WEST YORKSHIRE","A","A"
"{DEMO9623-B904-8B2C-A414-00000000072A}",368900,"2022-03-23 00:00","HX1 9HY","T","N","F","57","","DEMO STREET","","HALIFAX","CALDERDALE","WEST YORKSHIRE","A","A"
"{DEMO37D7-EF4E-21E0-B4D2-00000000072B}",159100,"2022-03-23 00:00","HX4 2UZ","S","N","F","81","","DEMO STREET","","HALIFAX","CALDERDALE","WEST YORKSHIRE","A","A"
"{DEMOFB52-297D-3C7B-C935-00000000072C}",73600,"2022-03-24 00:00","HX6 3HR","F","N","L","63","","DEMO STREET","","HALIFAX","CALDERDALE","WEST YORKSHIRE","A","A"
"{DEMO5316-81ED-F309-1F4B-00000000072D}",17000,"2022-03-24 00:00","HX3 8ZT","T","N","F","16","","DEMO STREET","","HALIFAX","CALDERDALE","WEST YORKSHIRE","A","A"
"{DEMO2863-82C9-4955-333C-00000000072E}",89800,"2022-03-25 00:00","HX3 5WF","S","N","F","71","","DEMO STREET","","HALIFAX","CALDERDALE","WEST YORKSHIRE","A","A"
"{DEMO3CA7-5420-89D2-4FC6-00000000072F}",49700,"2022-03-25 00:00","HX2 6PW","T","N","F","14","","DEMO STREET","","HALIFAX","CALDERDALE","WEST YORKSHIRE","A","A"
"{DEMO78A2-2507-052D-94FD-000000000730}",91000,"2022-03-25 00:00","HX4 8LU","D","N","F","111","","DEMO STREET","","HALIFAX","CALDERDALE","WEST YORKSHIRE","A","A"
"{DEMO41B1-79E9-BB20-3DBD-000000000731}",126200,"2022-03-26 00:00","HX6 7DS","T","N","F","65","","DEMO STREET","","HALIFAX","CALDERDALE","WEST YORKSHIRE","A","A"
"{DEMOE09A-E5B0-ACC7-9CD5-000000000732}",78900,"2022-03-27 00:00","HX6 2JX","T","N","F","46","","DEMO STREET","","HALIFAX","CALDERDALE","WEST YORKSHIRE","A","A"
"{DEMOBE75-EB82-6614-73CB-000000000733}",192400,"2022-03-27 00:00","HX4 0TZ","D","N","F","54","","DEMO STREET","","HALIFAX","CALDERDALE","WEST YORKSHIRE","A","A"
"{DEMOF7A3-BBB6-352D-9113-000000000734}",372300,"2022-03-28 00:00","HX1 0ZA","S","N","F","55","","DEMO STREET","","HALIFAX","CALDERDALE","WEST YORKSHIRE","A","A"
"{DEMO47D0-F0D1-0AFA-3152-000000000735}",37700,"2022-03-28 00:00","HX3 8WR","D","N","F","67","","DEMO STREET","","HALIFAX","CALDERDALE","WEST YORKSHIRE","A","A"
"{DEMO3894-0DC6-2E25-DF3A-000000000736}",433800,"2022-03-28 00:00","HX6 8ZZ","S","N","F","74","","DEMO STREET","","HALIFAX","CALDERDALE","WEST YORKSHIRE","A","A"
"{DEMO62D7-C567-E5D2-A392-000000000737}",97900,"2022-04-05 00:00","HX1 8WD","T","N","F","36","","DEMO STREET","","HALIFAX","CALDERDALE","WEST YORKSHIRE","A","A"
"{DEMOF346-0CA8-9680-7A83-000000000738}",51200,"2022-04-05 00:00","HX7 3UA","D","Y","F","90","","DEMO STREET","","HALIFAX","CALDERDALE","WEST YORKSHIRE","A","A"
"{DEMO982B-0B1D-52AE-8D79-000000000739}",556200,"2022-04-08 00:00","HX2 3NY","D","Y","F","7","","DEMO STREET","","HALIFAX","CALDERDALE","WEST YORKSHIRE","A","A"
"{DEMOCAC1-A56B-7667-90F6-00000000073A}",80300,"2022-04-10 00:00","HX7 5RW","D","N","F","47","","DEMO STREET","","HALIFAX","CALDERDALE","WEST YORKSHIRE","A","A"
"{DEMOD8DA-FC9A-9C9A-B4B8-00000000073B}",90300,"2022-04-10 00:00","HX3 4TN","D","N","F","115","","DEMO STREET","","HALIFAX","CALDERDALE","WEST YORKSHIRE","A","A"
"{DEMO35A2-08F7-0CEA-CF66-00000000073C}",357800,"2022-04-10 00:00","HX5 1DF","T","N","F","93","","DEMO STREET","","HALIFAX","CALDERDALE","WEST YORKSHIRE","A","A"
"{DEMO4C90-6048-B64A-1C1D-00000000073D}",413500,"2022-04-10 00:00","HX6 2YG","S","N","F","6","","DEMO STREET","","HALIFAX","CALDERDALE","WEST YORKSHIRE","A","A"
"{DEMO390C-E406-D21C-D84E-00000000073E}",48600,"2022-04-11 00:00","HX1 8WF","F","N","L","96","","DEMO STREET","","HALIFAX","CALDERDALE","WEST YORKSHIRE","A","A"
"{DEMO7323-005D-59F7-4D7E-00000000073F}",141200,"2022-04-12 00:00","HX4 7BF","D","N","F","31","","DEMO STREET","","HALIFAX","CALDERDALE","WEST YORKSHIRE","A","A"
"{DEMO882C-C5DD-BF8B-BBC6-000000000740}",374600,"2022-04-12 00:00","HX4 6PW","S","N","F","3","","DEMO STREET","","HALIFAX","CALDERDALE","WEST YORKSHIRE","A","A"
"{DEMOCE97-94CD-F663-FD99-000000000741}",445900,"2022-04-13 00:00","HX1 1EL","S","N","F","93","","DEMO STREET","","HALIFAX","CALDERDALE","WEST YORKSHIRE","A","A"
"{DEMO3152-E78D-9167-2212-000000000742}",681600,"2022-04-13 00:00","HX3 4YJ","T","N","F","52","","DEMO STREET","","HALIFAX","CALDERDALE","WEST YORKSHIRE","A","A"
"{DEMOE606-FD96-B558-C602-000000000743}",50900,"2022-04-14 00:00","HX3 0ZW","S","N","F","96","","DEMO STREET","","HALIFAX","CALDERDALE","WEST YORKSHIRE","A","A"
"{DEMOB9BD-AED0-0567-8007-000000000744}",200600,"2022-04-15 00:00","HX2 4WD","T","N","F","54","","DEMO STREET","","HALIFAX","CALDERDALE","WEST YORKSHIRE","A","A"
"{DEMOEBE7-26D8-B11B-92B6-000000000745}",75900,"2022-04-15 00:00","HX5 2GH","S","N","F","20","","DEMO STREET","","HALIFAX","CALDERDALE","WEST YORKSHIRE","A","A"
"{DEMO08CC-5007-F94C-69A5-000000000746}",33700,"2022-04-16 00:00","HX4 6PW","T","N","F","47","","DEMO STREET","","HALIFAX","CALDERDALE","WEST YORKSHIRE","A","A"
"{DEMO237B-7D42-ABBA-A96A-000000000747}",109000,"2022-04-18 00:00","HX4 9YW","T","N","F","58","","DEMO STREET","","HALIFAX","CALDERDALE","WEST YORKSHIRE","A","A"
"{DEMO9668-E942-9EE7-59AB-000000000748}",348800,"2022-04-19 00:00","HX4 5JJ","D","N","F","65","","DEMO STREET","","HALIFAX","CALDERDALE","WEST YORKSHIRE","A","A"
"{DEMO6169-BC37-BF11-070A-000000000749}",88000,"2022-04-19 00:00","HX5 9PX","D","N","F","95","","DEMO STREET","","HALIFAX","CALDERDALE","WEST YORKSHIRE","A","A"
"{DEMO6F06-9D7D-BCCE-AE8C-00000000074A}",133700,"2022-04-20 00:00","HX7 8JT","T","N","F","97","","DEMO STREET","","HALIFAX","CALDERDALE","WEST YORKSHIRE","A","A"
"{DEMO7F02-4BD1-AEB8-9A29-00000000074B}",85100,"2022-04-21 00:00","HX5 2ZR","D","N","F","106","","DEMO STREET","","HALIFAX","CALDERDALE","WEST YORKSHIRE","A","A"
"{DEMO7A56-6CE8-76CF-E1A1-00000000074C}",149800,"2022-04-21 00:00","HX7 2AF","D","N","F","9","","DEMO STREET","","HALIFAX","CALDERDALE","WEST YORKSHIRE","A","A"
"{DEMOCB35-1355-A318-14DB-00000000074D}",49400,"2022-04-21 00:00","HX3 3DT","S","N","F","58","","DEMO STREET","","HALIFAX","CALDERDALE","WEST YORKSHIRE","A","A"
"{DEMOB189-FD91-05FB-2E72-00000000074E}",146700,"2022-04-25 00:00","HX5 5RL","T","N","F","93","","DEMO STREET","","HALIFAX","CALDERDALE","WEST YORKSHIRE","A","A"
"{DEMOFA9D-9A71-DBF6-55D0-00000000074F}",184000,"2022-04-25 00:00","HX2 0EA","S","N","F","4","","DEMO STREET","","HALIFAX","CALDERDALE","WEST YORKSHIRE","A","A"
"{DEMO2AE8-35C0-7BD6-A008-000000000750}",229100,"2022-04-26 00:00","HX1 9HY","D","N","F","13","","DEMO STREET","","HALIFAX","CALDERDALE","WEST YORKSHIRE","A","A"
"{DEMOD25E-273A-3C83-2426-000000000751}",250100,"2022-04-26 00:00","HX1 8NT","T","N","F","41","","DEMO STREET","","HALIFAX","CALDERDALE","WEST YORKSHIRE","A","A"
"{DEMO1B5F-407A-C70C-3CDE-000000000752}",233000,"2022-04-26 00:00","HX7 3SY","T","Y","F","33","","DEMO STREET","","HALIFAX","CALDERDALE","WEST YORKSHIRE","A","A"
"{DEMOAA3E-4AC3-9948-8505-000000000753}",129300,"2022-04-27 00:00","HX7 7EJ","T","N","F","29","","DEMO STREET","","HALIFAX","CALDERDALE","WEST YORKSHIRE","A","A"
"{DEMO0DAE-7E8E-D7D9-71D3-000000000754}",122800,"2022-04-28 00:00","HX2 9BR","T","N","F","90","","DEMO STREET","","HALIFAX","CALDERDALE","WEST YORKSHIRE","A","A"
"{DEMO119B-C525-99A3-D5D1-000000000755}",133300,"2022-04-28 00:00","HX6 4EJ","S","N","F","34","","DEMO STREET","","HALIFAX","CALDERDALE","WEST YORKSHIRE","A","A"
"{DEMOA009-C0A6-ED44-19A4-000000000756}",136700,"2022-05-03 00:00","HX6 1LG","D","N","F","62","","DEMO STREET","","HALIFAX","CALDERDALE","WEST YORKSHIRE","A","A"
"{DEMOB7D3-7788-9276-687F-000000000757}",115800,"2022-05-04 00:00","HX5 9ZG","D","N","F","45","","DEMO STREET","","HALIFAX","CALDERDALE","WEST YORKSHIRE","A","A"
"{DEMOD838-6731-9415-1B32-000000000758}",88500,"2022-05-05 00:00","HX3 4FW","S","N","F","87","","DEMO STREET","","HALIFAX","CALDERDALE","WEST YORKSHIRE","A","A"
"{DEMO40AA-24BB-BDE2-84DD-000000000759}",80900,"2022-05-05 00:00","HX3 8BX","S","N","F","38","","DEMO STREET","","HALIFAX","CALDERDALE","WEST YORKSHIRE","A","A"
"{DEMOA99F-09F5-77E6-743D-00000000075A}",137200,"2022-05-05 00:00","HX5 3YW","S","Y","F","76","","DEMO STREET","","HALIFAX","CALDERDALE","WEST YORKSHIRE","A","A"
"{DEMO4952-C498-FE07-15FA-00000000075B}",188500,"2022-05-06 00:00","HX7 2SW","S","N","F","50","","DEMO STREET","","HALIFAX","CALDERDALE","WEST YORKSHIRE","A","A"
"{DEMOA896-5CD3-6DFB-23CA-00000000075C}",120400,"2022-05-06 00:00","HX7 1QY","S","N","F","72","","DEMO STREET","","HALIFAX","CALDERDALE","WEST YORKSHIRE","A","A"
"{DEMOBC37-A363-5B69-8E4B-00000000075D}",184000,"2022-05-06 00:00","HX2 0XS","S","N","F","24","","DEMO STREET","","HALIFAX","CALDERDALE","WEST YORKSHIRE","A","A"
"{DEMOEF10-7C12-CDF7-A272-00000000075E}",88100,"2022-05-06 00:00","HX2 4SZ","D","N","F","105","","DEMO STREET","","HALIFAX","CALDERDALE","WEST YORKSHIRE","A","A"
"{DEMO4EFD-02AA-09ED-1FF9-00000000075F}",99100,"2022-05-07 00:00","HX2 7UR","T","N","F","64","","DEMO STREET","","HALIFAX","CALDERDALE","WEST YORKSHIRE","A","A"
"{DEMO3617-4AE7-3FF2-11B4-000000000760}",143300,"2022-05-07 00:00","HX1 0FG","D","N","F","82","","DEMO STREET","","HALIFAX","CALDERDALE","WEST YORKSHIRE","A","A"
"{DEMO3079-9976-C26F-FDD2-000000000761}",70500,"2022-05-08 00:00","HX4 6QX","S","N","F","59","","DEMO STREET","","HALIFAX","CALDERDALE","WEST YORKSHIRE","A","A"
"{DEMO33CE-B366-705A-24E4-000000000762}",187400,"2022-05-09 00:00","HX7 1FP","S","N","F","97","","DEMO STREET","","HALIFAX","CALDERDALE","WEST YORKSHIRE","A","A"
"{DEMO0B6E-6207-E5FC-8E25-000000000763}",192400,"2022-05-09 00:00","HX1 3ZW","T","N","F","31","","DEMO STREET","","HALIFAX","CALDERDALE","WEST YORKSHIRE","A","A"
"{DEMO6BBB-2F33-95A8-038D-000000000764}",34900,"2022-05-11 00:00","HX2 0EA","S","N","F","84","","DEMO STREET","","HALIFAX","CALDERDALE","WEST YORKSHIRE","A","A"
"{DEMO0358-DCE3-D409-5B6C-000000000765}",13300,"2022-05-12 00:00","HX4 0NL","S","N","F","41","","DEMO STREET","","HALIFAX","CALDERDALE","WEST YORKSHIRE","A","A"
"{DEMOB66B-A2E7-AB27-D762-000000000766}",34900,"2022-05-12 00:00","HX2 6BZ","D","N","F","40","","DEMO STREET","","HALIFAX","CALDERDALE","WEST YORKSHIRE","A","A"
"{DEMO9664-DBDC-BE71-340E-000000000767}",55900,"2022-05-12 00:00","HX6 6PY","S","N","F","30","","DEMO STREET","","HALIFAX","CALDERDALE","WEST YORKSHIRE","A","A"
"{DEMO91AA-79AE-0819-31F5-000000000768}",231900,"2022-05-12 00:00","HX7 6YA","T","N","F","92","","DEMO STREET","","HALIFAX","CALDERDALE","WEST YORKSHIRE","A","A"
"{DEMO6B72-F98F-1A1C-52DB-000000000769}",98800,"2022-05-12 00:00","HX3 4TN","S","N","F","66","","DEMO STREET","","HALIFAX","CALDERDALE","WEST YORKSHIRE","A","A"
"{DEMO0838-7782-18BD-7E42-00000000076A}",204700,"2022-05-13 00:00","HX5 9QN","S","N","F","97","","DEMO STREET","","HALIFAX","CALDERDALE","WEST YORKSHIRE","A","A"
"{DEMO82A3-6EAC-DF67-C826-00000000076B}",148200,"2022-05-13 00:00","HX4 1QY","D","N","F","107","","DEMO STREET","","HALIFAX","CALDERDALE","WEST YORKSHIRE","A","A"
"{DEMO38D2-3A76-D60F-1B39-00000000076C}",185300,"2022-05-13 00:00","HX1 6YL","T","N","F","40","","DEMO STREET","","HALIFAX","CALDERDALE","WEST YORKSHIRE","A","A"
"{DEMO0621-935E-8029-6A67-00000000076D}",123400,"2022-05-13 00:00","HX3 4YX","D","N","F","65","","DEMO STREET","","HALIFAX","CALDERDALE","WEST YORKSHIRE","A","A"
"{DEMO4D34-E47F-61E0-2F52-00000000076E}",98900,"2022-05-14 00:00","HX3 8BX","F","N","L","80","","DEMO STREET","","HALIFAX","CALDERDALE","WEST YORKSHIRE","A","A"
"{DEMO73BF-7CB1-F32F-4EF5-00000000076F}",201400,"2022-05-14 00:00","HX5 3HP","S","N","F","35","","DEMO STREET","","HALIFAX","CALDERDALE","WEST YORKSHIRE","A","A"
"{DEMO991E-8899-AAD2-B720-000000000770}",298500,"2022-05-15 00:00","HX6 9UT","T","N","F","21","","DEMO STREET","","HALIFAX","CALDERDALE","WEST YORKSHIRE","A","A"
"{DEMO89F5-BBBA-70A0-8629-000000000771}",156800,"2022-05-16 00:00","HX5 8PW","T","N","F","67","","DEMO STREET","","HALIFAX","CALDERDALE","WEST YORKSHIRE","A","A"
"{DEMO1DB4-1A05-D424-BF45-000000000772}",155100,"2022-05-16 00:00","HX7 5XT","S","N","F","80","","DEMO STREET","","HALIFAX","CALDERDALE","WEST YORKSHIRE","A","A"
"{DEMO57C2-28E3-051C-C7EA-000000000773}",134100,"2022-05-17 00:00","HX5 8GW","T","N","F","17","","DEMO STREET","","HALIFAX","CALDERDALE","WEST YORKSHIRE","A","A"
"{DEMOA943-9303-6473-0769-000000000774}",142400,"2022-05-18 00:00","HX5 9FQ","S","N","F","62","","DEMO STREET","","HALIFAX","CALDERDALE","WEST YORKSHIRE","A","A"
"{DEMO2FA8-7561-CF1A-EB75-000000000775}",74300,"2022-05-19 00:00","HX1 9HY","D","N","F","60","","DEMO STREET","","HALIFAX","CALDERDALE","WEST YORKSHIRE","A","A"
"{DEMO6DCB-9583-B359-2D82-000000000776}",111700,"2022-05-19 00:00","HX4 6EN","D","Y","F","34","","DEMO STREET","","HALIFAX","CALDERDALE","WEST YORKSHIRE","A","A"
"{DEMOBFC3-8625-FF88-71D6-000000000777}",208900,"2022-05-20 00:00","HX2 4WD","S","N","F","114","","DEMO STREET","","HALIFAX","CALDERDALE","WEST YORKSHIRE","A","A"
"{DEMO74CB-BE22-597F-A312-000000000778}",66400,"2022-05-20 00:00","HX1 8NT","T","N","F","12","","DEMO STREET","","HALIFAX","CALDERDALE","WEST YORKSHIRE","A","A"
"{DEMOACC1-66D3-AE02-884B-000000000779}",34600,"2022-05-20 00:00","HX2 9RZ","S","N","F","24","","DEMO STREET","","HALIFAX","CALDERDALE","WEST YORKSHIRE","A","A"
"{DEMOCC50-FE62-4CEC-4482-00000000077A}",52600,"2022-05-21 00:00","HX6 3AD","F","N","L","66","","DEMO STREET","","HALIFAX","CALDERDALE","WEST YORKSHIRE","A","A"
"{DEMO0D04-041A-4D25-7F66-00000000077B}",110800,"2022-05-21 00:00","HX4 2UX","S","N","F","71","","DEMO STREET","","HALIFAX","CALDERDALE","WEST YORKSHIRE","A","A"
"{DEMODCDF-9997-F46B-5B1F-00000000077C}",115200,"2022-05-23 00:00","HX7 9RJ","S","N","F","115","","DEMO STREET","","HALIFAX","CALDERDALE","WEST YORKSHIRE","A","A"
"{DEMOE7AB-CB7D-CA00-84D0-00000000077D}",141400,"2022-05-23 00:00","HX1 5EU","S","N","F","77","","DEMO STREET","","HALIFAX","CALDERDALE","WEST YORKSHIRE","A","A"
"{DEMOD583-E739-9285-0D31-00000000077E}",141100,"2022-05-23 00:00","HX7 9WY","S","N","F","84","","DEMO STREET","","HALIFAX","CALDERDALE","WEST YORKSHIRE","A","A"
"{DEMOE528-C78F-A54A-F8A2-00000000077F}",365800,"2022-05-24 00:00","HX7 3JZ","F","N","L","70","","DEMO STREET","","HALIFAX","CALDERDALE","WEST YORKSHIRE","A","A"
"{DEMO99D9-4FC1-BBE8-8DA0-000000000780}",99000,"2022-05-25 00:00","HX2 9HD","S","N","F","119","","DEMO STREET","","HALIFAX","CALDERDALE","WEST YORKSHIRE","A","A"
"{DEMOFD40-08A7-BE2F-31ED-000000000781}",66300,"2022-05-25 00:00","HX6 7WR","T","N","F","103","","DEMO STREET","","HALIFAX","CALDERDALE","WEST YORKSHIRE","A","A"
"{DEMO813E-1EF6-AC47-BEA7-000000000782}",116900,"2022-05-25 00:00","HX7 1YZ","D","N","F","76","","DEMO STREET","","HALIFAX","CALDERDALE","WEST YORKSHIRE","A","A"
"{DEMO43E9-D1DD-8BE2-D123-000000000783}",113900,"2022-05-26 00:00","HX5 5LN","T","N","F","14","","DEMO STREET","","HALIFAX","CALDERDALE","WEST YORKSHIRE","A","A"
"{DEMO0DA5-AC43-88DF-D429-000000000784}",92000,"2022-05-26 00:00","HX7 0GD","S","N","F","78","","DEMO STREET","","HALIFAX","CALDERDALE","WEST YORKSHIRE","A","A"
"{DEMOE694-18CD-F9E8-66DE-000000000785}",104700,"2022-05-26 00:00","HX7 2UH","S","N","F","4","","DEMO STREET","","HALIFAX","CALDERDALE","WEST YORKSHIRE","A","A"
"{DEMO8642-2AA0-1089-B417-000000000786}",178400,"2022-05-27 00:00","HX5 2NN","T","N","F","42","","DEMO STREET","","HALIFAX","CALDERDALE","WEST YORKSHIRE","A","A"
"{DEMOEBF9-32D5-089F-02CE-000000000787}",117600,"2022-05-27 00:00","HX1 1EL","D","N","F","1","","DEMO STREET","","HALIFAX","CALDERDALE","WEST YORKSHIRE","A","A"
"{DEMODFE0-54A7-7DA5-4071-000000000788}",520100,"2022-05-28 00:00","HX3 9PD","T","N","F","37","","DEMO STREET","","HALIFAX","CALDERDALE","WEST YORKSHIRE","A","A"
"{DEMODA9B-F47B-6FBD-F437-000000000789}",140400,"2022-06-01 00:00","HX5 5RL","S","N","F","83","","DEMO STREET","","HALIFAX","CALDERDALE","WEST YORKSHIRE","A","A"
"{DEMO1737-9805-7AF2-4266-00000000078A}",65200,"2022-06-01 00:00","HX3 7ZB","F","N","L","20","","DEMO STREET","","HALIFAX","CALDERDALE","WEST YORKSHIRE","A","A"
"{DEMOEC6F-3197-03E3-E458-00000000078B}",113600,"2022-06-01 00:00","HX2 4LG","S","N","F","102","","DEMO STREET","","HALIFAX","CALDERDALE","WEST YORKSHIRE","A","A"
"{DEMO3B7A-9D35-05B1-CFF3-00000000078C}",229400,"2022-06-01 00:00","HX2 3HG","T","N","F","97","","DEMO STREET","","HALIFAX","CALDERDALE","WEST YORKSHIRE","A","A"
"{DEMO1619-7196-499E-8A57-00000000078D}",144300,"2022-06-02 00:00","HX2 7UR","S","N","F","37","","DEMO STREET","","HALIFAX","CALDERDALE","WEST YORKSHIRE","A","A"
"{DEMOE122-8629-7288-392E-00000000078E}",178300,"2022-06-03 00:00","HX3 2DY","S","N","F","31","","DEMO STREET","","HALIFAX","CALDERDALE","WEST YORKSHIRE","A","A"
"{DEMOB507-0828-A972-83E1-00000000078F}",81300,"2022-06-03 00:00","HX7 0XY","S","N","F","78","","DEMO STREET","","HALIFAX","CALDERDALE","WEST YORKSHIRE","A","A"
"{DEMO00DC-3ABC-B339-0475-000000000790}",306300,"2022-06-03 00:00","HX5 3HD","D","N","F","93","","DEMO STREET","","HALIFAX","CALDERDALE","WEST YORKSHIRE","A","A"
"{DEMOF8D0-6327-0492-1224-000000000791}",310000,"2022-06-04 00:00","HX5 2DJ","S","N","F","110","","DEMO STREET","","HALIFAX","CALDERDALE","WEST YORKSHIRE","A","A"
"{DEMOEE05-1229-90D0-EE56-000000000792}",194700,"2022-06-04 00:00","HX1 8PX","S","N","F","104","","DEMO STREET","","HALIFAX","CALDERDALE","WEST YORKSHIRE","A","A"
"{DEMOA0AF-E381-23BB-7F49-000000000793}",80300,"2022-06-05 00:00","HX6 8XU","F","N","L","90","","DEMO STREET","","HALIFAX","CALDERDALE","WEST YORKSHIRE","A","A"
"{DEMOF8A1-BD5D-564B-8D33-000000000794}",350100,"2022-06-05 00:00","HX6 8WY","S","N","F","78","","DEMO STREET","","HALIFAX","CALDERDALE","WEST YORKSHIRE","A","A"
"{DEMO6E00-5019-86A4-25F5-000000000795}",77200,"2022-06-05 00:00","HX6 2YG","S","N","F","96","","DEMO STREET","","HALIFAX","CALDERDALE","WEST YORKSHIRE","A","A"
"{DEMO0A08-EC94-15F7-719D-000000000796}",116800,"2022-06-06 00:00","HX5 2QA","D","N","F","74","","DEMO STREET","","HALIFAX","CALDERDALE","WEST YORKSHIRE","A","A"
"{DEMO72AC-7A7D-E84A-57CD-000000000797}",137000,"2022-06-06 00:00","HX5 0WW","S","N","F","88","","DEMO STREET","","HALIFAX","CALDERDALE","WEST YORKSHIRE","A","A"
"{DEMO035F-127F-A99A-B64F-000000000798}",321500,"2022-06-07 00:00","HX5 5PL","S","N","F","62","","DEMO STREET","","HALIFAX","CALDERDALE","WEST YORKSHIRE","A","A"
"{DEMO4FF2-8509-D8EA-17B1-000000000799}",148300,"2022-06-08 00:00","HX1 6YL","S","N","F","120","","DEMO STREET","","HALIFAX","CALDERDALE","WEST YORKSHIRE","A","A"
"{DEMO8DEA-A6A8-5D53-510D-00000000079A}",76400,"2022-06-08 00:00","HX5 7RA","S","N","F","55","","DEMO STREET","","HALIFAX","CALDERDALE","WEST YORKSHIRE","A","A"
"{DEMOC03B-CCBA-D954-F212-00000000079B}",83200,"2022-06-08 00:00","HX5 2EE","T","N","F","26","","DEMO STREET","","HALIFAX","CALDERDALE","WEST YORKSHIRE","A","A"
"{DEMO3443-0A6C-45C1-2665-00000000079C}",534200,"2022-06-09 00:00","HX2 1AG","T","N","F","98","","DEMO STREET","","HALIFAX","CALDERDALE","WEST YORKSHIRE","A","A"
"{DEMOA381-593E-C3F5-17BB-00000000079D}",113700,"2022-06-09 00:00","HX3 3DN","D","N","F","19","","DEMO STREET","","HALIFAX","CALDERDALE","WEST YORKSHIRE","A","A"
"{DEMO3836-DDCE-000F-2F6B-00000000079E}",87000,"2022-06-09 00:00","HX7 7YY","S","N","F","115","","DEMO STREET","","HALIFAX","CALDERDALE","WEST YORKSHIRE","A","A"
"{DEMO83BB-0F54-75D3-7098-00000000079F}",85000,"2022-06-10 00:00","HX1 0XE","D","N","F","16","","DEMO STREET","","HALIFAX","CALDERDALE","WEST YORKSHIRE","A","A"
"{DEMOCD24-5CD0-A1BB-C5C1-0000000007A0}",90800,"2022-06-10 00:00","HX3 2QF","S","N","F","87","","DEMO STREET","","HALIFAX","CALDERDALE","WEST YORKSHIRE","A","A"
"{DEMOA955-1E88-9847-8DBA-0000000007A1}",151700,"2022-06-10 00:00","HX3 4YJ","T","N","F","19","","DEMO STREET","","HALIFAX","CALDERDALE","WEST YORKSHIRE","A","A"
"{DEMO108F-7B8E-09F9-8A09-0000000007A2}",110700,"2022-06-11 00:00","HX7 2AF","D","N","F","111","","DEMO STREET","","HALIFAX","CALDERDALE","WEST YORKSHIRE","A","A"
"{DEMOF932-A6BF-403F-5A0B-0000000007A3}",69400,"2022-06-12 00:00","HX2 0NP","S","N","F","21","","DEMO STREET","","HALIFAX","CALDERDALE","WEST YORKSHIRE","A","A"
"{DEMO6A53-36D0-1FE0-B1DB-0000000007A4}",102800,"2022-06-13 00:00","HX5 4WY","T","N","F","115","","DEMO STREET","","HALIFAX","CALDERDALE","WEST YORKSHIRE","A","A"
"{DEMO8CA3-D0B3-E489-6905-0000000007A5}",361400,"2022-06-14 00:00","HX3 2FX","T","N","F","22","","DEMO STREET","","HALIFAX","CALDERDALE","WEST YORKSHIRE","A","A"
"{DEMOCBC3-31FF-9EC7-E65D-0000000007A6}",34400,"2022-06-15 00:00","HX7 7LX","D","N","F","94","","DEMO STREET","","HALIFAX","CALDERDALE","WEST YORKSHIRE","A","A"
"{DEMOE57E-440F-5043-3AD7-0000000007A7}",68000,"2022-06-15 00:00","HX6 7DS","T","N","F","65","","DEMO STREET","","HALIFAX","CALDERDALE","WEST YORKSHIRE","A","A"
"{DEMO7A6E-D6C4-0DF5-D304-0000000007A8}",78400,"2022-06-16 00:00","HX6 7FQ","D","N","F","55","","DEMO STREET","","HALIFAX","CALDERDALE","WEST YORKSHIRE","A","A"
"{DEMOB360-4DB5-ECE4-2508-0000000007A9}",176300,"2022-06-16 00:00","HX3 5QY","F","N","L","11","","DEMO STREET","","HALIFAX","CALDERDALE","WEST YORKSHIRE","A","A"
"{DEMO4CED-3B86-9272-87CE-0000000007AA}",374400,"2022-06-16 00:00","HX5 9PX","S","N","F","87","","DEMO STREET","","HALIFAX","CALDERDALE","WEST YORKSHIRE","A","A"
"{DEMO6CD2-5514-BA82-C4D2-0000000007AB}",541900,"2022-06-17 00:00","HX5 6XB","T","N","F","18","","DEMO STREET","","HALIFAX","CALDERDALE","WEST YORKSHIRE","A","A"
"{DEMO9FAB-0D9B-539E-427B-0000000007AC}",451800,"2022-06-17 00:00","HX1 1EL","F","N","L","81","","DEMO STREET","","HALIFAX","CALDERDALE","WEST YORKSHIRE","A","A"
"{DEMO4907-707A-A307-371C-0000000007AD}",59400,"2022-06-18 00:00","HX1 1EL","S","N","F","108","","DEMO STREET","","HALIFAX","CALDERDALE","WEST YORKSHIRE","A","A"
"{DEMOB826-E507-BCDB-B671-0000000007AE}",149400,"2022-06-18 00:00","HX7 3QA","S","N","F","47","","DEMO STREET","","HALIFAX","CALDERDALE","WEST YORKSHIRE","A","A"
"{DEMO59D4-9E9F-0FF1-57A0-0000000007AF}",116900,"2022-06-18 00:00","HX7 8QQ","T","N","F","42","","DEMO STREET","","HALIFAX","CALDERDALE","WEST YORKSHIRE","A","A"
"{DEMO4BF6-0E98-4ED8-FA7D-0000000007B0}",43800,"2022-06-19 00:00","HX2 1AG","S","N","F","30","","DEMO STREET","","HALIFAX","CALDERDALE","WEST YORKSHIRE","A","A"
"{DEMO3A23-8DA3-F885-ED31-0000000007B1}",55800,"2022-06-19 00:00","HX7 9JS","D","N","F","10","","DEMO STREET","","HALIFAX","CALDERDALE","WEST YORKSHIRE","A","A"
"{DEMO4ACF-9988-9BDA-47E2-0000000007B2}",761000,"2022-06-19 00:00","HX2 2SY","D","N","F","109","","DEMO STREET","","HALIFAX","CALDERDALE","WEST YORKSHIRE","A","A"
"{DEMO4026-75BD-33D3-950F-0000000007B3}",82200,"2022-06-20 00:00","HX3 8QF","S","N","F","15","","DEMO STREET","","HALIFAX","CALDERDALE","WEST YORKSHIRE","A","A"
"{DEMOC31E-0DB7-8707-64BB-0000000007B4}",160400,"2022-06-20 00:00","HX3 6SA","T","Y","F","105","","DEMO STREET","","HALIFAX","CALDERDALE","WEST YORKSHIRE","A","A"
"{DEMO9708-0361-73E9-662F-0000000007B5}",113100,"2022-06-21 00:00","HX5 2EE","T","N","F","72","","DEMO STREET","","HALIFAX","CALDERDALE","WEST YORKSHIRE","A","A"
"{DEMODE70-96F6-35CE-D6D3-0000000007B6}",82500,"2022-06-22 00:00","HX3 9LY","D","N","F","32","","DEMO STREET","","HALIFAX","CALDERDALE","WEST YORKSHIRE","A","A"
"{DEMO16AE-3B89-C236-5CC6-0000000007B7}",34600,"2022-06-22 00:00","HX1 0NE","T","N","F","120","","DEMO STREET","","HALIFAX","CALDERDALE","WEST YORKSHIRE","A","A"
"{DEMO500A-2B7E-F97F-0214-0000000007B8}",173600,"2022-06-22 00:00","HX1 0FX","F","N","L","6","","DEMO STREET","","HALIFAX","CALDERDALE","WEST YORKSHIRE","A","A"
"{DEMO6715-3684-379B-9433-0000000007B9}",280100,"2022-06-22 00:00","HX2 3BU","S","N","F","15","","DEMO STREET","","HALIFAX","CALDERDALE","WEST YORKSHIRE","A","A"
"{DEMO0C6A-91E1-9443-BE68-0000000007BA}",139700,"2022-06-23 00:00","HX6 2WY","T","N","F","91","","DEMO STREET","","HALIFAX","CALDERDALE","WEST YORKSHIRE","A","A"
"{DEMO6C8A-1BB6-9A36-7248-0000000007BB}",80700,"2022-06-23 00:00","HX7 2XS","D","N","F","69","","DEMO STREET","","HALIFAX","CALDERDALE","WEST YORKSHIRE","A","A"
"{DEMO9524-2C61-1B88-2E4B-0000000007BC}",142600,"2022-06-25 00:00","HX7 9HG","T","N","F","38","","DEMO STREET","","HALIFAX","CALDERDALE","WEST YORKSHIRE","A","A"
"{DEMOB4FD-E436-1F7D-8093-0000000007BD}",313900,"2022-06-25 00:00","HX7 4DP","T","N","F","107","","DEMO STREET","","HALIFAX","CALDERDALE","WEST YORKSHIRE","A","A"
"{DEMO728F-2DB7-F3C1-0216-0000000007BE}",184500,"2022-06-26 00:00","HX3 3JH","T","N","F","66","","DEMO STREET","","HALIFAX","CALDERDALE","WEST YORKSHIRE","A","A"
"{DEMOD3B8-F03D-C051-45C7-0000000007BF}",120900,"2022-06-26 00:00","HX6 8DU","T","N","F","66","","DEMO STREET","","HALIFAX","CALDERDALE","WEST YORKSHIRE","A","A"
"{DEMO1F82-E09C-4DB0-5DF2-0000000007C0}",204100,"2022-06-27 00:00","HX6 9TJ","T","N","F","3","","DEMO STREET","","HALIFAX","CALDERDALE","WEST YORKSHIRE","A","A"
"{DEMO1920-DF55-F11E-E437-0000000007C1}",211000,"2022-06-28 00:00","HX5 7SB","D","N","F","95","","DEMO STREET","","HALIFAX","CALDERDALE","WEST YORKSHIRE","A","A"
"{DEMOE736-1E87-1457-B3C3-0000000007C2}",42300,"2022-06-28 00:00","HX5 6DW","T","N","F","10","","DEMO STREET","","HALIFAX","CALDERDALE","WEST YORKSHIRE","A","A"
"{DEMO1C40-9BF2-32E6-B9E6-0000000007C3}",307300,"2022-07-01 00:00","HX6 2XW","S","N","F","20","","DEMO STREET","","HALIFAX","CALDERDALE","WEST YORKSHIRE","A","A"
"{DEMO3D08-34FA-8D55-EB65-0000000007C4}",82500,"2022-07-02 00:00","HX1 3NE","F","N","L","61","","DEMO STREET","","HALIFAX","CALDERDALE","WEST YORKSHIRE","A","A"
"{DEMO5EAE-D38B-6DA2-DAFF-0000000007C5}",79700,"2022-07-03 00:00","HX5 1ZF","S","N","F","36","","DEMO STREET","","HALIFAX","CALDERDALE","WEST YORKSHIRE","A","A"
"{DEMO7FC6-0512-C205-31A4-0000000007C6}",346400,"2022-07-03 00:00","HX6 1BF","T","N","F","105","","DEMO STREET","","HALIFAX","CALDERDALE","WEST YORKSHIRE","A","A"
"{DEMO867B-A79D-4359-8AF2-0000000007C7}",203400,"2022-07-03 00:00","HX5 6DW","T","N","F","82","","DEMO STREET","","HALIFAX","CALDERDALE","WEST YORKSHIRE","A","A"
"{DEMO4031-22B0-6643-5369-0000000007C8}",226800,"2022-07-03 00:00","HX5 9PL","T","N","F","73","","DEMO STREET","","HALIFAX","CALDERDALE","WEST YORKSHIRE","A","A"
"{DEMOD059-8752-22E3-FF07-0000000007C9}",67300,"2022-07-04 00:00","HX4 7LL","S","N","F","117","","DEMO STREET","","HALIFAX","CALDERDALE","WEST YORKSHIRE","A","A"
"{DEMO8E0E-922C-BEEC-A114-0000000007CA}",168200,"2022-07-04 00:00","HX6 8FA","D","N","F","93","","DEMO STREET","","HALIFAX","CALDERDALE","WEST YORKSHIRE","A","A"
"{DEMO8719-8D15-D40C-F934-0000000007CB}",80100,"2022-07-05 00:00","HX6 7GA","S","N","F","101","","DEMO STREET","","HALIFAX","CALDERDALE","WEST YORKSHIRE","A","A"
"{DEMO736C-81C2-42A7-0ED3-0000000007CC}",53000,"2022-07-05 00:00","HX1 5ZU","T","N","F","79","","DEMO STREET","","HALIFAX","CALDERDALE","WEST YORKSHIRE","A","A"
"{DEMO905B-489C-A0FD-31A4-0000000007CD}",108800,"2022-07-05 00:00","HX3 8ZT","S","N","F","5","","DEMO STREET","","HALIFAX","CALDERDALE","WEST YORKSHIRE","A","A"
"{DEMO7BFE-B5DB-72AF-7DD1-0000000007CE}",185200,"2022-07-05 00:00","HX6 7HR","S","N","F","88","","DEMO STREET","","HALIFAX","CALDERDALE","WEST YORKSHIRE","A","A"
"{DEMO03F5-BD9A-C6A1-C0AF-0000000007CF}",82700,"2022-07-06 00:00","HX4 0WL","T","N","F","41","","DEMO STREET","","HALIFAX","CALDERDALE","WEST YORKSHIRE","A","A"
"{DEMO59F9-9811-DC43-53CF-0000000007D0}",123900,"2022-07-06 00:00","HX1 8WD","S","N","F","42","","DEMO STREET","","HALIFAX","CALDERDALE","WEST YORKSHIRE","A","A"
"{DEMOC6CC-C5D2-A826-0CF5-0000000007D1}",262700,"2022-07-06 00:00","HX2 2EL","T","N","F","101","","DEMO STREET","","HALIFAX","CALDERDALE","WEST YORKSHIRE","A","A"
"{DEMO8BB5-E321-1A3A-BB83-0000000007D2}",258200,"2022-07-07 00:00","HX3 4LZ","D","N","F","25","","DEMO STREET","","HALIFAX","CALDERDALE","WEST YORKSHIRE","A","A"
"{DEMOB5C0-272B-57DB-6696-0000000007D3}",130700,"2022-07-07 00:00","HX6 9UT","D","N","F","1","","DEMO STREET","","HALIFAX","CALDERDALE","WEST YORKSHIRE","A","A"
"{DEMOF5EE-3A39-C9EB-FE96-0000000007D4}",27100,"2022-07-07 00:00","HX4 5QL","S","N","F","92","","DEMO STREET","","HALIFAX","CALDERDALE","WEST YORKSHIRE","A","A"
"{DEMO3A7B-7C8C-938A-2201-0000000007D5}",310500,"2022-07-08 00:00","HX2 7UR","S","N","F","22","","DEMO STREET","","HALIFAX","CALDERDALE","WEST YORKSHIRE","A","A"
"{DEMO8FA5-FAF9-D1D0-4B9D-0000000007D6}",358600,"2022-07-08 00:00","HX2 0DU","S","N","F","74","","DEMO STREET","","HALIFAX","CALDERDALE","WEST YORKSHIRE","A","A"
"{DEMO8323-CC0D-3539-3061-0000000007D7}",68700,"2022-07-09 00:00","HX6 9RP","T","N","F","83","","DEMO STREET","","HALIFAX","CALDERDALE","WEST YORKSHIRE","A","A"
"{DEMO7003-A2A7-0579-ECE5-0000000007D8}",271000,"2022-07-09 00:00","HX3 2RS","D","N","F","88","","DEMO STREET","","HALIFAX","CALDERDALE","WEST YORKSHIRE","A","A"
"{DEMO59B6-8ABA-08C6-44EB-0000000007D9}",669200,"2022-07-10 00:00","HX3 8FY","F","N","L","102","","DEMO STREET","","HALIFAX","CALDERDALE","WEST YORKSHIRE","A","A"
"{DEMO16FD-0851-29DF-E3C6-0000000007DA}",31600,"2022-07-10 00:00","HX2 4SP","S","N","F","17","","DEMO STREET","","HALIFAX","CALDERDALE","WEST YORKSHIRE","A","A"
"{DEMO8DA7-2483-9F7A-C8BE-0000000007DB}",95500,"2022-07-10 00:00","HX1 6SG","S","N","F","26","","DEMO STREET","","HALIFAX","CALDERDALE","WEST YORKSHIRE","A","A"
"{DEMOD77F-16F1-63A3-CF2F-0000000007DC}",148900,"2022-07-10 00:00","HX2 3UJ","T","N","F","94","","DEMO STREET","","HALIFAX","CALDERDALE","WEST YORKSHIRE","A","A"
"{DEMOB907-A775-7B3D-4257-0000000007DD}",120100,"2022-07-11 00:00","HX7 1FP","T","N","F","9","","DEMO STREET","","HALIFAX","CALDERDALE","WEST YORKSHIRE","A","A"
"{DEMO7A55-7E58-C0B0-4CB5-0000000007DE}",108300,"2022-07-12 00:00","HX6 5XD","F","N","L","40","","DEMO STREET","","HALIFAX","CALDERDALE","WEST YORKSHIRE","A","A"
"{DEMO4956-5D11-6051-82B3-0000000007DF}",146100,"2022-07-12 00:00","HX6 5XD","T","N","F","17","","DEMO STREET","","HALIFAX","CALDERDALE","WEST YORKSHIRE","A","A"
"{DEMOE5A4-269D-833E-37F0-0000000007E0}",26000,"2022-07-13 00:00","HX5 9LJ","T","N","F","43","","DEMO STREET","","HALIFAX","CALDERDALE","WEST YORKSHIRE","A","A"
"{DEMO45E8-FC06-4EA2-76BE-0000000007E1}",59800,"2022-07-13 00:00","HX6 7ZZ","S","N","F","26","","DEMO STREET","","HALIFAX","CALDERDALE","WEST YORKSHIRE","A","A"
"{DEMO44CF-AB78-0816-7AF8-0000000007E2}",193600,"2022-07-15 00:00","HX7 2SW","S","N","F","89","","DEMO STREET","","HALIFAX","CALDERDALE","WEST YORKSHIRE","A","A"
"{DEMO86AC-8561-6EE0-5779-0000000007E3}",135200,"2022-07-16 00:00","HX2 3ZG","D","N","F","85","","DEMO STREET","","HALIFAX","CALDERDALE","WEST YORKSHIRE","A","A"
"{DEMO9B26-E416-413E-77D6-0000000007E4}",351900,"2022-07-16 00:00","HX5 2YA","T","N","F","17","","DEMO STREET","","HALIFAX","CALDERDALE","WEST YORKSHIRE","A","A"
"{DEMO4591-60A5-6A7B-7A71-0000000007E5}",289400,"2022-07-16 00:00","HX4 7HF","T","N","F","67","","DEMO STREET","","HALIFAX","CALDERDALE","WEST YORKSHIRE","A","A"
"{DEMO6D78-C2A5-C90D-ECB8-0000000007E6}",190000,"2022-07-16 00:00","HX2 1RJ","T","Y","F","52","","DEMO STREET","","HALIFAX","CALDERDALE","WEST YORKSHIRE","A","A"
"{DEMO0D2A-DD0F-0197-1543-0000000007E7}",355200,"2022-07-17 00:00","HX2 4WB","T","N","F","40","","DEMO STREET","","HALIFAX","CALDERDALE","WEST YORKSHIRE","A","A"
"{DEMO7FB7-AE22-AFFB-54C1-0000000007E8}",43300,"2022-07-17 00:00","HX2 8FA","S","N","F","29","","DEMO STREET","","HALIFAX","CALDERDALE","WEST YORKSHIRE","A","A"
"{DEMOA698-63CF-6B5C-5D67-0000000007E9}",223400,"2022-07-17 00:00","HX4 7HF","S","N","F","42","","DEMO STREET","","HALIFAX","CALDERDALE","WEST YORKSHIRE","A","A"
"{DEMOC439-1218-25CC-BE0E-0000000007EA}",101800,"2022-07-18 00:00","HX4 6TY","T","N","F","52","","DEMO STREET","","HALIFAX","CALDERDALE","WEST YORKSHIRE","A","A"
"{DEMOF388-A561-B0A9-7769-0000000007EB}",253700,"2022-07-18 00:00","HX3 6RQ","T","N","F","36","","DEMO STREET","","HALIFAX","CALDERDALE","WEST YORKSHIRE","A","A"
"{DEMO0BBA-5240-605E-C1FE-0000000007EC}",221500,"2022-07-19 00:00","HX4 4SQ","F","N","L","47","","DEMO STREET","","HALIFAX","CALDERDALE","WEST YORKSHIRE","A","A"
"{DEMO02FE-3072-D8A1-A085-0000000007ED}",168900,"2022-07-19 00:00","HX6 2UQ","S","N","F","86","","DEMO STREET","","HALIFAX","CALDERDALE","WEST YORKSHIRE","A","A"
"{DEMO0CEC-F27E-E74F-21CA-0000000007EE}",98500,"2022-07-19 00:00","HX3 9LY","D","N","F","93","","DEMO STREET","","HALIFAX","CALDERDALE","WEST YORKSHIRE","A","A"
"{DEMOEC19-04AB-66E2-9293-0000000007EF}",127500,"2022-07-19 00:00","HX7 6UU","S","N","F","54","","DEMO STREET","","HALIFAX","CALDERDALE","WEST YORKSHIRE","A","A"
"{DEMOC58C-E5AC-85B4-1CEA-0000000007F0}",176300,"2022-07-20 00:00","HX3 5SJ","D","N","F","67","","DEMO STREET","","HALIFAX","CALDERDALE","WEST YORKSHIRE","A","A"
"{DEMOB6C8-7FA8-44A9-514C-0000000007F1}",12100,"2022-07-20 00:00","HX6 5QR","F","N","L","71","","DEMO STREET","","HALIFAX","CALDERDALE","WEST YORKSHIRE","A","A"
"{DEMOED67-67B1-0571-9B67-0000000007F2}",96200,"2022-07-20 00:00","HX4 0TZ","T","N","F","78","","DEMO STREET","","HALIFAX","CALDERDALE","WEST YORKSHIRE","A","A"
"{DEMO8DCA-1C54-D9AB-AF31-0000000007F3}",86900,"2022-07-21 00:00","HX1 0ZA","D","N","F","115","","DEMO STREET","","HALIFAX","CALDERDALE","WEST YORKSHIRE","A","A"
"{DEMO908B-2596-F889-2F37-0000000007F4}",158400,"2022-07-21 00:00","HX7 3UA","T","N","F","61","","DEMO STREET","","HALIFAX","CALDERDALE","WEST YORKSHIRE","A","A"
"{DEMO1FBA-5CF6-B3D3-AFFA-0000000007F5}",417600,"2022-07-22 00:00","HX2 7HR","S","N","F","11","","DEMO STREET","","HALIFAX","CALDERDALE","WEST YORKSHIRE","A","A"
"{DEMO144B-3BFE-3660-AEC8-0000000007F6}",105800,"2022-07-25 00:00","HX4 1DQ","D","N","F","31","","DEMO STREET","","HALIFAX","CALDERDALE","WEST YORKSHIRE","A","A"
"{DEMO5D4D-DDF5-1626-75C6-0000000007F7}",705100,"2022-07-25 00:00","HX3 8LW","F","N","L","114","","DEMO STREET","","HALIFAX","CALDERDALE","WEST YORKSHIRE","A","A"
"{DEMO6CD9-5CCD-07A1-94A2-0000000007F8}",517800,"2022-07-27 00:00","HX5 6ED","D","N","F","66","","DEMO STREET","","HALIFAX","CALDERDALE","WEST YORKSHIRE","A","A"
"{DEMO0B85-330C-D47A-7B69-0000000007F9}",72400,"2022-07-27 00:00","HX5 0ZG","S","N","F","107","","DEMO STREET","","HALIFAX","CALDERDALE","WEST YORKSHIRE","A","A"
"{DEMO338B-3C33-D920-B9CB-0000000007FA}",43300,"2022-07-28 00:00","HX3 2AP","D","N","F","97","","DEMO STREET","","HALIFAX","CALDERDALE","WEST YORKSHIRE","A","A"
"{DEMO4AC2-D723-C421-4369-0000000007FB}",56000,"2022-07-28 00:00","HX3 8WR","F","Y","L","120","","DEMO STREET","","HALIFAX","CALDERDALE","WEST YORKSHIRE","A","A"
"{DEMO9F77-F947-B978-19BB-0000000007FC}",249000,"2022-08-01 00:00","HX5 2DJ","F","N","L","82","","DEMO STREET","","HALIFAX","CALDERDALE","WEST YORKSHIRE","A","A"
"{DEMOA269-C42E-768E-ABAF-0000000007FD}",602700,"2022-08-02 00:00","HX4 3QG","T","N","F","48","","DEMO STREET","","HALIFAX","CALDERDALE","WEST YORKSHIRE","A","A"
"{DEMO5859-4249-3BB4-E16C-0000000007FE}",97800,"2022-08-03 00:00","HX7 3UY","D","N","F","39","","DEMO STREET","","HALIFAX","CALDERDALE","WEST YORKSHIRE","A","A"
"{DEMOF951-4406-37CE-B94D-0000000007FF}",150700,"2022-08-03 00:00","HX4 8LU","S","N","F","5","","DEMO STREET","","HALIFAX","CALDERDALE","WEST YORKSHIRE","A","A"
"{DEMOC42E-9225-E34E-A6C0-000000000800}",197800,"2022-08-04 00:00","HX7 9SL","F","N","L","27","","DEMO STREET","","HALIFAX","CALDERDALE","WEST YORKSHIRE","A","A"
"{DEMOD8E2-FA6D-6B75-0F52-000000000801}",185000,"2022-08-05 00:00","HX3 2FX","D","N","F","118","","DEMO STREET","","HALIFAX","CALDERDALE","WEST YORKSHIRE","A","A"
"{DEMOFA50-B4E0-6D6A-C399-000000000802}",27600,"2022-08-05 00:00","HX4 1UA","T","N","F","99","","DEMO STREET","","HALIFAX","CALDERDALE","WEST YORKSHIRE","A","A"
"{DEMO1268-4877-BB1B-35D5-000000000803}",49700,"2022-08-05 00:00","HX2 3BU","T","N","F","12","","DEMO STREET","","HALIFAX","CALDERDALE","WEST YORKSHIRE","A","A"
"{DEMO6931-4A6D-0A37-4A4F-000000000804}",90600,"2022-08-06 00:00","HX3 2FX","D","N","F","42","","DEMO STREET","","HALIFAX","CALDERDALE","WEST YORKSHIRE","A","A"
"{DEMO38CB-7FF0-AA88-110B-000000000805}",42300,"2022-08-07 00:00","HX7 3JG","T","N","F","30","","DEMO STREET","","HALIFAX","CALDERDALE","WEST YORKSHIRE","A","A"
"{DEMO6430-0402-7DDE-FE0F-000000000806}",35300,"2022-08-07 00:00","HX3 4LZ","S","Y","F","10","","DEMO STREET","","HALIFAX","CALDERDALE","WEST YORKSHIRE","A","A"
"{DEMO533C-7D53-0E9C-D0BC-000000000807}",64000,"2022-08-09 00:00","HX2 6TP","T","N","F","109","","DEMO STREET","","HALIFAX","CALDERDALE","WEST YORKSHIRE","A","A"
"{DEMOD271-EE97-8EB4-A04E-000000000808}",157800,"2022-08-09 00:00","HX6 7DS","T","N","F","30","","DEMO STREET","","HALIFAX","CALDERDALE","WEST YORKSHIRE","A","A"
"{DEMOA99E-9C5F-1F0B-019A-000000000809}",73700,"2022-08-09 00:00","HX3 8LW","T","N","F","34","","DEMO STREET","","HALIFAX","CALDERDALE","WEST YORKSHIRE","A","A"
"{DEMO2FF8-670F-E3CF-2AC8-00000000080A}",203200,"2022-08-10 00:00","HX6 5YG","D","N","F","88","","DEMO STREET","","HALIFAX","CALDERDALE","WEST YORKSHIRE","A","A"
"{DEMO3756-A9CA-660A-74BB-00000000080B}",295700,"2022-08-10 00:00","HX6 0GR","T","N","F","117","","DEMO STREET","","HALIFAX","CALDERDALE","WEST YORKSHIRE","A","A"
"{DEMOE5E7-525F-5A1C-ED8B-00000000080C}",159400,"2022-08-11 00:00","HX4 5AB","T","N","F","72","","DEMO STREET","","HALIFAX","CALDERDALE","WEST YORKSHIRE","A","A"
"{DEMOC567-00E5-9437-A834-00000000080D}",269300,"2022-08-11 00:00","HX6 2WY","T","N","F","7","","DEMO STREET","","HALIFAX","CALDERDALE","WEST YORKSHIRE","A","A"
"{DEMO4A33-962E-3A6B-C620-00000000080E}",142100,"2022-08-11 00:00","HX5 2GH","T","N","F","44","","DEMO STREET","","HALIFAX","CALDERDALE","WEST YORKSHIRE","A","A"
"{DEMO7A4F-F752-E3CF-9C13-00000000080F}",296600,"2022-08-12 00:00","HX1 1ET","S","N","F","67","","DEMO STREET","","HALIFAX","CALDERDALE","WEST YORKSHIRE","A","A"
"{DEMO45BE-F49A-E13D-28CE-000000000810}",93700,"2022-08-12 00:00","HX6 0LN","S","N","F","36","","DEMO STREET","","HALIFAX","CALDERDALE","WEST YORKSHIRE","A","A"
"{DEMO773B-5D24-EC13-EE36-000000000811}",138400,"2022-08-13 00:00","HX2 1RJ","S","N","F","96","","DEMO STREET","","HALIFAX","CALDERDALE","WEST YORKSHIRE","A","A"
"{DEMO4308-18FC-228D-9BC7-000000000812}",137000,"2022-08-14 00:00","HX6 8ZZ","T","N","F","72","","DEMO STREET","","HALIFAX","CALDERDALE","WEST YORKSHIRE","A","A"
"{DEMO43F6-C2AE-0763-54BA-000000000813}",128000,"2022-08-15 00:00","HX3 2FX","T","N","F","119","","DEMO STREET","","HALIFAX","CALDERDALE","WEST YORKSHIRE","A","A"
"{DEMO8CC6-921A-FE69-EF6D-000000000814}",795300,"2022-08-15 00:00","HX4 0JJ","S","N","F","103","","DEMO STREET","","HALIFAX","CALDERDALE","WEST YORKSHIRE","A","A"
"{DEMO20CA-8FD6-66D5-4E20-000000000815}",166300,"2022-08-16 00:00","HX2 7HD","F","N","L","45","","DEMO STREET","","HALIFAX","CALDERDALE","WEST YORKSHIRE","A","A"
"{DEMO8C62-AD9A-8FE9-FC0B-000000000816}",100700,"2022-08-16 00:00","HX4 6QX","F","N","L","119","","DEMO STREET","","HALIFAX","CALDERDALE","WEST YORKSHIRE","A","A"
"{DEMO4D2F-4E3C-C647-7419-000000000817}",61800,"2022-08-16 00:00","HX7 4YX","F","N","L","88","","DEMO STREET","","HALIFAX","CALDERDALE","WEST YORKSHIRE","A","A"
"{DEMOC6E9-CF11-BDAF-7F03-000000000818}",81500,"2022-08-17 00:00","HX6 7DD","S","N","F","86","","DEMO STREET","","HALIFAX","CALDERDALE","WEST YORKSHIRE","A","A"
"{DEMO2C4C-9AD9-78DB-D22B-000000000819}",73500,"2022-08-19 00:00","HX3 4YX","S","N","F","13","","DEMO STREET","","HALIFAX","CALDERDALE","WEST YORKSHIRE","A","A"
"{DEMO6734-843D-2EFB-16AF-00000000081A}",68600,"2022-08-21 00:00","HX6 4JU","S","N","F","53","","DEMO STREET","","HALIFAX","CALDERDALE","WEST YORKSHIRE","A","A"
"{DEMO45D4-5DF2-AEC5-1F19-00000000081B}",146700,"2022-08-22 00:00","HX6 3FB","S","N","F","64","","DEMO STREET","","HALIFAX","CALDERDALE","WEST YORKSHIRE","A","A"
"{DEMOBE53-DEE6-63AD-91B7-00000000081C}",209200,"2022-08-24 00:00","HX6 2WY","D","N","F","85","","DEMO STREET","","HALIFAX","CALDERDALE","WEST YORKSHIRE","A","A"
"{DEMOB7F6-1C8A-DFD2-83C4-00000000081D}",116100,"2022-08-24 00:00","HX6 4QY","T","N","F","108","","DEMO STREET","","HALIFAX","CALDERDALE","WEST YORKSHIRE","A","A"
"{DEMO1ED6-7B3F-5ADE-0B53-00000000081E}",127600,"2022-08-24 00:00","HX2 3HG","T","N","F","64","","DEMO STREET","","HALIFAX","CALDERDALE","WEST YORKSHIRE","A","A"
"{DEMO22F4-1F8B-9F88-598E-00000000081F}",95500,"2022-08-25 00:00","HX6 2UQ","T","Y","F","58","","DEMO STREET","","HALIFAX","CALDERDALE","WEST YORKSHIRE","A","A"
"{DEMO44B6-4F4D-F919-C3A6-000000000820}",128900,"2022-08-26 00:00","HX4 4XT","F","N","L","98","","DEMO STREET","","HALIFAX","CALDERDALE","WEST YORKSHIRE","A","A"
"{DEMO1A4B-B085-9F64-7BC5-000000000821}",160600,"2022-08-26 00:00","HX4 6PW","S","N","F","5","","DEMO STREET","","HALIFAX","CALDERDALE","WEST YORKSHIRE","A","A"
"{DEMO0170-6EFA-E950-ACA1-000000000822}",88200,"2022-08-28 00:00","HX7 9HG","T","N","F","15","","DEMO STREET","","HALIFAX","CALDERDALE","WEST YORKSHIRE","A","A"
"{DEMOAFAD-2441-084D-E704-000000000823}",200200,"2022-09-02 00:00","HX3 8WR","F","N","L","95","","DEMO STREET","","HALIFAX","CALDERDALE","WEST YORKSHIRE","A","A"
"{DEMO111A-54DE-CD95-67D1-000000000824}",343000,"2022-09-04 00:00","HX5 2WG","S","N","F","9","","DEMO STREET","","HALIFAX","CALDERDALE","WEST YORKSHIRE","A","A"
"{DEMO8CCA-9A3C-998B-D8F5-000000000825}",198500,"2022-09-05 00:00","HX5 4ZB","T","N","F","30","","DEMO STREET","","HALIFAX","CALDERDALE","WEST YORKSHIRE","A","A"
"{DEMO7DD5-FEA2-531B-7DED-000000000826}",272700,"2022-09-06 00:00","HX2 6UP","D","N","F","93","","DEMO STREET","","HALIFAX","CALDERDALE","WEST YORKSHIRE","A","A"
"{DEMO4813-92B8-8DB8-D6C5-000000000827}",214400,"2022-09-07 00:00","HX4 7DP","S","N","F","100","","DEMO STREET","","HALIFAX","CALDERDALE","WEST YORKSHIRE","A","A"
"{DEMO8888-76F7-7980-46A2-000000000828}",71200,"2022-09-07 00:00","HX6 0LN","S","N","F","95","","DEMO STREET","","HALIFAX","CALDERDALE","WEST YORKSHIRE","A","A"
"{DEMOD2B6-8BD5-8F40-B779-000000000829}",55900,"2022-09-09 00:00","HX3 1HW","S","N","F","73","","DEMO STREET","","HALIFAX","CALDERDALE","WEST YORKSHIRE","A","A"
"{DEMO9EF7-FCB6-7D6F-3A9C-00000000082A}",49500,"2022-09-09 00:00","HX2 3ZG","S","N","F","40","","DEMO STREET","","HALIFAX","CALDERDALE","WEST YORKSHIRE","A","A"
"{DEMOCAD7-16F2-9D52-024F-00000000082B}",136300,"2022-09-12 00:00","HX6 5XD","S","N","F","34","","DEMO STREET","","HALIFAX","CALDERDALE","WEST YORKSHIRE","A","A"
"{DEMO3FB4-FF42-66E2-1354-00000000082C}",165300,"2022-09-12 00:00","HX6 2YJ","D","N","F","68","","DEMO STREET","","HALIFAX","CALDERDALE","WEST YORKSHIRE","A","A"
"{DEMO0DB8-4917-31BA-57B6-00000000082D}",44400,"2022-09-12 00:00","HX4 6TY","D","Y","F","52","","DEMO STREET","","HALIFAX","CALDERDALE","WEST YORKSHIRE","A","A"
"{DEMO67D6-84EF-7857-D3DE-00000000082E}",82400,"2022-09-13 00:00","HX5 5BE","T","Y","F","94","","DEMO STREET","","HALIFAX","CALDERDALE","WEST YORKSHIRE","A","A"
"{DEMOF596-AFB7-BADF-629D-00000000082F}",186900,"2022-09-14 00:00","HX6 9RL","D","N","F","79","","DEMO STREET","","HALIFAX","CALDERDALE","WEST YORKSHIRE","A","A"
"{DEMO0C03-BEFB-D208-1CAE-000000000830}",258100,"2022-09-14 00:00","HX4 1PQ","S","N","F","24","","DEMO STREET","","HALIFAX","CALDERDALE","WEST YORKSHIRE","A","A"
"{DEMOCEEF-5CBD-8C29-6D14-000000000831}",75000,"2022-09-17 00:00","HX7 3SY","D","N","F","17","","DEMO STREET","","HALIFAX","CALDERDALE","WEST YORKSHIRE","A","A"
"{DEMOA4D9-FC97-CD56-1158-000000000832}",279600,"2022-09-20 00:00","HX3 5ZT","D","N","F","63","","DEMO STREET","","HALIFAX","CALDERDALE","WEST YORKSHIRE","A","A"
"{DEMOA350-216D-BF16-F9C1-000000000833}",81800,"2022-09-21 00:00","HX4 5AB","S","N","F","31","","DEMO STREET","","HALIFAX","CALDERDALE","WEST YORKSHIRE","A","A"
"{DEMO85F3-C2CF-BDE2-4B9D-000000000834}",130200,"2022-09-22 00:00","HX3 8BX","S","N","F","6","","DEMO STREET","","HALIFAX","CALDERDALE","WEST YORKSHIRE","A","A"
"{DEMO860A-9C3F-01B0-1BB3-000000000835}",535100,"2022-09-24 00:00","HX6 3GE","S","N","F","13","","DEMO STREET","","HALIFAX","CALDERDALE","WEST YORKSHIRE","A","A"
"{DEMO3194-7C99-91E1-FEF4-000000000836}",129600,"2022-09-25 00:00","HX1 0RJ","T","N","F","87","","DEMO STREET","","HALIFAX","CALDERDALE","WEST YORKSHIRE","A","A"
"{DEMOE512-79DA-5306-EEB1-000000000837}",24300,"2022-09-25 00:00","HX5 5PL","S","N","F","30","","DEMO STREET","","HALIFAX","CALDERDALE","WEST YORKSHIRE","A","A"
"{DEMO7A35-834B-B9B0-76AD-000000000838}",58400,"2022-09-27 00:00","HX6 6XQ","S","N","F","105","","DEMO STREET","","HALIFAX","CALDERDALE","WEST YORKSHIRE","A","A"
"{DEMO72D1-C771-B28F-BA22-000000000839}",58700,"2022-09-27 00:00","HX2 6TP","D","N","F","82","","DEMO STREET","","HALIFAX","CALDERDALE","WEST YORKSHIRE","A","A"
"{DEMOC70B-2414-BD7B-5491-00000000083A}",99400,"2022-09-27 00:00","HX4 2UT","F","N","L","44","","DEMO STREET","","HALIFAX","CALDERDALE","WEST YORKSHIRE","A","A"
"{DEMOEA66-F9C8-D0F2-F249-00000000083B}",182100,"2022-09-27 00:00","HX5 2RN","S","N","F","113","","DEMO STREET","","HALIFAX","CALDERDALE","WEST YORKSHIRE","A","A"
"{DEMO3D60-6FEB-247E-54FF-00000000083C}",147700,"2022-10-01 00:00","HX2 9YW","F","N","L","28","","DEMO STREET","","HALIFAX","CALDERDALE","WEST YORKSHIRE","A","A"
"{DEMOEC15-2D99-5ED1-0E32-00000000083D}",82500,"2022-10-02 00:00","HX6 6XQ","S","N","F","17","","DEMO STREET","","HALIFAX","CALDERDALE","WEST YORKSHIRE","A","A"
"{DEMO4435-257D-7F72-743F-00000000083E}",489100,"2022-10-02 00:00","HX2 5JS","T","N","F","60","","DEMO STREET","","HALIFAX","CALDERDALE","WEST YORKSHIRE","A","A"
"{DEMOD276-ABC0-1D2A-D325-00000000083F}",49000,"2022-10-03 00:00","HX1 8NT","D","N","F","37","","DEMO STREET","","HALIFAX","CALDERDALE","WEST YORKSHIRE","A","A"
"{DEMO7841-DD9D-1057-5CFC-000000000840}",99800,"2022-10-05 00:00","HX4 4XT","F","N","L","78","","DEMO STREET","","HALIFAX","CALDERDALE","WEST YORKSHIRE","A","A"
"{DEMO8358-CBEC-35F7-4500-000000000841}",106700,"2022-10-05 00:00","HX1 3ZW","D","N","F","105","","DEMO STREET","","HALIFAX","CALDERDALE","WEST YORKSHIRE","A","A"
"{DEMO6006-9034-9CEF-392D-000000000842}",163200,"2022-10-05 00:00","HX1 4HX","T","Y","F","75","","DEMO STREET","","HALIFAX","CALDERDALE","WEST YORKSHIRE","A","A"
"{DEMO226E-0AEF-9F0A-8C42-000000000843}",235400,"2022-10-07 00:00","HX7 3ZJ","S","N","F","58","","DEMO STREET","","HALIFAX","CALDERDALE","WEST YORKSHIRE","A","A"
"{DEMO7BDA-8365-9371-2597-000000000844}",109200,"2022-10-07 00:00","HX3 7WZ","F","N","L","115","","DEMO STREET","","HALIFAX","CALDERDALE","WEST YORKSHIRE","A","A"
"{DEMODA89-1BC0-A10D-EBD8-000000000845}",242800,"2022-10-07 00:00","HX3 2QF","D","N","F","70","","DEMO STREET","","HALIFAX","CALDERDALE","WEST YORKSHIRE","A","A"
"{DEMO0942-80A6-900D-E3D8-000000000846}",582300,"2022-10-07 00:00","HX2 7BS","D","N","F","107","","DEMO STREET","","HALIFAX","CALDERDALE","WEST YORKSHIRE","A","A"
"{DEMO3B0C-B4E2-A447-D2E0-000000000847}",38400,"2022-10-08 00:00","HX5 2DJ","S","N","F","81","","DEMO STREET","","HALIFAX","CALDERDALE","WEST YORKSHIRE","A","A"
"{DEMOBA85-F424-5F1F-5D16-000000000848}",224800,"2022-10-08 00:00","HX7 2UH","D","Y","F","64","","DEMO STREET","","HALIFAX","CALDERDALE","WEST YORKSHIRE","A","A"
"{DEMOB2A6-A7FC-2946-2601-000000000849}",115600,"2022-10-09 00:00","HX1 4BN","D","N","F","8","","DEMO STREET","","HALIFAX","CALDERDALE","WEST YORKSHIRE","A","A"
"{DEMO0EE9-3F0D-C20E-06D1-00000000084A}",145200,"2022-10-09 00:00","HX5 6XB","D","N","F","70","","DEMO STREET","","HALIFAX","CALDERDALE","WEST YORKSHIRE","A","A"
"{DEMOEAF9-DBE3-08B2-F6F0-00000000084B}",85500,"2022-10-09 00:00","HX1 2AP","T","N","F","16","","DEMO STREET","","HALIFAX","CALDERDALE","WEST YORKSHIRE","A","A"
"{DEMOB423-54E8-D20C-63FE-00000000084C}",518000,"2022-10-09 00:00","HX4 3QG","D","N","F","67","","DEMO STREET","","HALIFAX","CALDERDALE","WEST YORKSHIRE","A","A"
"{DEMO956F-1F35-A093-489E-00000000084D}",99900,"2022-10-09 00:00","HX2 8WY","T","N","F","84","","DEMO STREET","","HALIFAX","CALDERDALE","WEST YORKSHIRE","A","A"
"{DEMO3202-BA7E-4FC6-06B9-00000000084E}",117800,"2022-10-10 00:00","HX6 9RL","T","N","F","62","","DEMO STREET","","HALIFAX","CALDERDALE","WEST YORKSHIRE","A","A"
"{DEMO19F2-84F1-2C26-2EE6-00000000084F}",88100,"2022-10-11 00:00","HX3 9LY","T","N","F","76","","DEMO STREET","","HALIFAX","CALDERDALE","WEST YORKSHIRE","A","A"
"{DEMOEACE-75E1-5A04-B08B-000000000850}",311700,"2022-10-12 00:00","HX7 6SG","D","N","F","83","","DEMO STREET","","HALIFAX","CALDERDALE","WEST YORKSHIRE","A","A"
"{DEMODC2E-267D-FD60-3404-000000000851}",99500,"2022-10-12 00:00","HX3 0NQ","S","N","F","58","","DEMO STREET","","HALIFAX","CALDERDALE","WEST YORKSHIRE","A","A"
"{DEMOBB89-D8BE-D087-96E1-000000000852}",99500,"2022-10-13 00:00","HX1 3JL","S","N","F","95","","DEMO STREET","","HALIFAX","CALDERDALE","WEST YORKSHIRE","A","A"
"{DEMOF667-5808-999D-D2E3-000000000853}",216300,"2022-10-14 00:00","HX5 8ZN","D","N","F","38","","DEMO STREET","","HALIFAX","CALDERDALE","WEST YORKSHIRE","A","A"
"{DEMO067D-C5BB-702F-0E58-000000000854}",75700,"2022-10-14 00:00","HX3 8LW","S","N","F","30","","DEMO STREET","","HALIFAX","CALDERDALE","WEST YORKSHIRE","A","A"
"{DEMO6F78-6714-9CDC-1FD8-000000000855}",225300,"2022-10-17 00:00","HX5 7EL","F","N","L","44","","DEMO STREET","","HALIFAX","CALDERDALE","WEST YORKSHIRE","A","A"
"{DEMOD68A-DE0C-CA9E-0770-000000000856}",132700,"2022-10-17 00:00","HX6 8FQ","D","N","F","56","","DEMO STREET","","HALIFAX","CALDERDALE","WEST YORKSHIRE","A","A"
"{DEMO6B86-C835-1024-CCBB-000000000857}",109500,"2022-10-18 00:00","HX1 0FT","T","N","F","82","","DEMO STREET","","HALIFAX","CALDERDALE","WEST YORKSHIRE","A","A"
"{DEMOD514-D4E2-9B46-0BB3-000000000858}",190400,"2022-10-19 00:00","HX4 3AJ","F","N","L","116","","DEMO STREET","","HALIFAX","CALDERDALE","WEST YORKSHIRE","A","A"
"{DEMO887C-90CA-B3A7-050F-000000000859}",151300,"2022-10-19 00:00","HX5 3PY","T","N","F","91","","DEMO STREET","","HALIFAX","CALDERDALE","WEST YORKSHIRE","A","A"
"{DEMO560F-76DB-1C26-C38B-00000000085A}",329300,"2022-10-20 00:00","HX6 9RL","D","N","F","65","","DEMO STREET","","HALIFAX","CALDERDALE","WEST YORKSHIRE","A","A"
"{DEMO7D56-8AE7-F865-2A75-00000000085B}",455800,"2022-10-20 00:00","HX6 1SG","T","N","F","67","","DEMO STREET","","HALIFAX","CALDERDALE","WEST YORKSHIRE","A","A"
"{DEMO5188-E9F8-4C3D-89A3-00000000085C}",65300,"2022-10-21 00:00","HX6 0GY","D","N","F","88","","DEMO STREET","","HALIFAX","CALDERDALE","WEST YORKSHIRE","A","A"
"{DEMOF0A1-28CC-A31D-F10B-00000000085D}",102600,"2022-10-21 00:00","HX4 8PH","D","N","F","7","","DEMO STREET","","HALIFAX","CALDERDALE","WEST YORKSHIRE","A","A"
"{DEMO4BA7-CAA3-B835-1A8E-00000000085E}",539700,"2022-10-22 00:00","HX5 3PY","F","N","L","14","","DEMO STREET","","HALIFAX","CALDERDALE","WEST YORKSHIRE","A","A"
"{DEMO0685-F7E1-D7BB-69BA-00000000085F}",123700,"2022-10-23 00:00","HX2 1AG","D","N","F","102","","DEMO STREET","","HALIFAX","CALDERDALE","WEST YORKSHIRE","A","A"
"{DEMO005B-4F44-14D9-4E0B-000000000860}",358200,"2022-10-23 00:00","HX6 7HR","S","N","F","70","","DEMO STREET","","HALIFAX","CALDERDALE","WEST YORKSHIRE","A","A"
"{DEMOFD9F-0E8F-D367-BD36-000000000861}",30400,"2022-10-25 00:00","HX5 4ZB","F","N","L","64","","DEMO STREET","","HALIFAX","CALDERDALE","WEST YORKSHIRE","A","A"
"{DEMOFAA6-CAA7-AD5A-B359-000000000862}",72400,"2022-10-26 00:00","HX3 2RS","S","N","F","64","","DEMO STREET","","HALIFAX","CALDERDALE","WEST YORKSHIRE","A","A"
"{DEMO5D2C-CABC-3F6B-325C-000000000863}",449000,"2022-10-28 00:00","HX7 4UL","S","N","F","73","","DEMO STREET","","HALIFAX","CALDERDALE","WEST YORKSHIRE","A","A"
"{DEMOEEBC-89CE-161E-BEBA-000000000864}",230500,"2022-10-28 00:00","HX2 2ES","D","N","F","100","","DEMO STREET","","HALIFAX","CALDERDALE","WEST YORKSHIRE","A","A"
"{DEMOC8C5-6C4D-34CA-659A-000000000865}",81300,"2022-11-01 00:00","HX4 8XW","D","N","F","120","","DEMO STREET","","HALIFAX","CALDERDALE","WEST YORKSHIRE","A","A"
"{DEMO3F27-92E2-F6A9-734A-000000000866}",112500,"2022-11-01 00:00","HX4 0TZ","D","N","F","35","","DEMO STREET","","HALIFAX","CALDERDALE","WEST YORKSHIRE","A","A"
"{DEMOF6C9-A78E-8BC4-EC35-000000000867}",98400,"2022-11-01 00:00","HX6 2YG","D","N","F","61","","DEMO STREET","","HALIFAX","CALDERDALE","WEST YORKSHIRE","A","A"
"{DEMO9D8D-45F7-9BC6-CF9F-000000000868}",100400,"2022-11-02 00:00","HX2 7PZ","D","N","F","116","","DEMO STREET","","HALIFAX","CALDERDALE","WEST YORKSHIRE","A","A"
"{DEMO8BDB-ECE7-90D6-19B6-000000000869}",151400,"2022-11-02 00:00","HX6 8ZZ","F","N","L","25","","DEMO STREET","","HALIFAX","CALDERDALE","WEST YORKSHIRE","A","A"
"{DEMOBF12-353D-BAE6-2543-00000000086A}",49800,"2022-11-02 00:00","HX6 8XR","F","Y","L","120","","DEMO STREET","","HALIFAX","CALDERDALE","WEST YORKSHIRE","A","A"
"{DEMO4782-133D-3175-AC27-00000000086B}",71500,"2022-11-03 00:00","HX5 9PJ","T","N","F","43","","DEMO STREET","","HALIFAX","CALDERDALE","WEST YORKSHIRE","A","A"
"{DEMO1FC7-ADCB-505B-F720-00000000086C}",206400,"2022-11-04 00:00","HX4 3WF","D","N","F","86","","DEMO STREET","","HALIFAX","CALDERDALE","WEST YORKSHIRE","A","A"
"{DEMOD62B-FA3D-4CA3-E188-00000000086D}",1221700,"2022-11-04 00:00","HX3 1GN","S","N","F","86","","DEMO STREET","","HALIFAX","CALDERDALE","WEST YORKSHIRE","A","A"
"{DEMO6052-4A08-6C64-8526-00000000086E}",204900,"2022-11-04 00:00","HX7 7BS","T","N","F","91","","DEMO STREET","","HALIFAX","CALDERDALE","WEST YORKSHIRE","A","A"
"{DEMO8B36-7DD7-17A2-1145-00000000086F}",310300,"2022-11-04 00:00","HX2 5NU","S","N","F","42","","DEMO STREET","","HALIFAX","CALDERDALE","WEST YORKSHIRE","A","A"
"{DEMO8AF3-02F8-BE89-5990-000000000870}",39100,"2022-11-05 00:00","HX2 3UJ","T","N","F","57","","DEMO STREET","","HALIFAX","CALDERDALE","WEST YORKSHIRE","A","A"
"{DEMO44FF-CC53-A3CC-66CF-000000000871}",101100,"2022-11-05 00:00","HX4 8PU","T","N","F","84","","DEMO STREET","","HALIFAX","CALDERDALE","WEST YORKSHIRE","A","A"
"{DEMO6CFA-0D4A-0663-F0B3-000000000872}",129500,"2022-11-06 00:00","HX7 1FP","S","N","F","95","","DEMO STREET","","HALIFAX","CALDERDALE","WEST YORKSHIRE","A","A"
"{DEMO0FB7-19DF-2091-E09C-000000000873}",132000,"2022-11-08 00:00","HX7 3ZJ","F","N","L","64","","DEMO STREET","","HALIFAX","CALDERDALE","WEST YORKSHIRE","A","A"
"{DEMO8D81-E695-E397-AAA9-000000000874}",247000,"2022-11-08 00:00","HX3 7RP","F","N","L","108","","DEMO STREET","","HALIFAX","CALDERDALE","WEST YORKSHIRE","A","A"
"{DEMOEBA1-51F3-F789-F691-000000000875}",306800,"2022-11-10 00:00","HX4 0JW","D","N","F","119","","DEMO STREET","","HALIFAX","CALDERDALE","WEST YORKSHIRE","A","A"
"{DEMOCBAB-9A12-4241-D899-000000000876}",67900,"2022-11-10 00:00","HX1 2YA","S","Y","F","43","","DEMO STREET","","HALIFAX","CALDERDALE","WEST YORKSHIRE","A","A"
"{DEMOC6EC-160E-9E1D-1995-000000000877}",79900,"2022-11-11 00:00","HX6 0JU","S","N","F","6","","DEMO STREET","","HALIFAX","CALDERDALE","WEST YORKSHIRE","A","A"
"{DEMO4083-EB3F-E251-5545-000000000878}",194000,"2022-11-11 00:00","HX5 2EE","S","N","F","8","","DEMO STREET","","HALIFAX","CALDERDALE","WEST YORKSHIRE","A","A"
"{DEMO16FA-FD4F-765A-D6F0-000000000879}",91200,"2022-11-11 00:00","HX6 0QF","D","N","F","69","","DEMO STREET","","HALIFAX","CALDERDALE","WEST YORKSHIRE","A","A"
"{DEMO3135-DB31-4A9D-F86B-00000000087A}",129400,"2022-11-13 00:00","HX7 2JG","F","N","L","22","","DEMO STREET","","HALIFAX","CALDERDALE","WEST YORKSHIRE","A","A"
"{DEMO57DB-BDC1-4BAA-07F9-00000000087B}",73300,"2022-11-13 00:00","HX6 1SG","T","N","F","91","","DEMO STREET","","HALIFAX","CALDERDALE","WEST YORKSHIRE","A","A"
"{DEMO04A5-A112-7F56-C9DB-00000000087C}",642300,"2022-11-13 00:00","HX4 7HF","S","N","F","40","","DEMO STREET","","HALIFAX","CALDERDALE","WEST YORKSHIRE","A","A"
"{DEMO4EB3-43DD-43CD-435F-00000000087D}",258600,"2022-11-14 00:00","HX4 3PE","D","N","F","13","","DEMO STREET","","HALIFAX","CALDERDALE","WEST YORKSHIRE","A","A"
"{DEMO37DF-8BE6-07BE-01D1-00000000087E}",84200,"2022-11-14 00:00","HX6 7ZZ","D","N","F","44","","DEMO STREET","","HALIFAX","CALDERDALE","WEST YORKSHIRE","A","A"
"{DEMOD6E5-F689-98A3-623F-00000000087F}",281800,"2022-11-14 00:00","HX2 0PF","T","N","F","116","","DEMO STREET","","HALIFAX","CALDERDALE","WEST YORKSHIRE","A","A"
"{DEMO56F7-4B4C-93DF-0A8A-000000000880}",72100,"2022-11-14 00:00","HX5 0YA","T","N","F","26","","DEMO STREET","","HALIFAX","CALDERDALE","WEST YORKSHIRE","A","A"
"{DEMO49C6-32BB-7E19-7104-000000000881}",104400,"2022-11-14 00:00","HX1 9HY","T","N","F","68","","DEMO STREET","","HALIFAX","CALDERDALE","WEST YORKSHIRE","A","A"
"{DEMO4085-8CF0-3999-18A1-000000000882}",305400,"2022-11-14 00:00","HX1 0ZA","S","N","F","90","","DEMO STREET","","HALIFAX","CALDERDALE","WEST YORKSHIRE","A","A"
"{DEMO8184-A2FE-B06C-1BEC-000000000883}",74300,"2022-11-15 00:00","HX7 9RJ","S","N","F","35","","DEMO STREET","","HALIFAX","CALDERDALE","WEST YORKSHIRE","A","A"
"{DEMO6F0C-0195-E99A-8220-000000000884}",204700,"2022-11-15 00:00","HX7 6SG","T","N","F","97","","DEMO STREET","","HALIFAX","CALDERDALE","WEST YORKSHIRE","A","A"
"{DEMOE945-F3CF-8267-A6AD-000000000885}",269300,"2022-11-15 00:00","HX6 6AH","D","N","F","104","","DEMO STREET","","HALIFAX","CALDERDALE","WEST YORKSHIRE","A","A"
"{DEMO4D67-0646-7825-FC55-000000000886}",123900,"2022-11-15 00:00","HX5 6WT","D","N","F","42","","DEMO STREET","","HALIFAX","CALDERDALE","WEST YORKSHIRE","A","A"
"{DEMOE31E-038D-6D06-8083-000000000887}",159700,"2022-11-15 00:00","HX1 0JY","D","N","F","119","","DEMO STREET","","HALIFAX","CALDERDALE","WEST YORKSHIRE","A","A"
"{DEMO1FF9-F6F5-5D7B-0D15-000000000888}",117800,"2022-11-16 00:00","HX7 0XY","D","N","F","31","","DEMO STREET","","HALIFAX","CALDERDALE","WEST YORKSHIRE","A","A"
"{DEMO7861-A8B4-7320-3895-000000000889}",66900,"2022-11-16 00:00","HX6 0NX","T","N","F","101","","DEMO STREET","","HALIFAX","CALDERDALE","WEST YORKSHIRE","A","A"
"{DEMOB99D-898C-FF2D-9DB5-00000000088A}",73300,"2022-11-16 00:00","HX7 7UW","F","N","L","108","","DEMO STREET","","HALIFAX","CALDERDALE","WEST YORKSHIRE","A","A"
"{DEMOC235-0B03-D598-0AA4-00000000088B}",219600,"2022-11-17 00:00","HX4 0JW","T","N","F","24","","DEMO STREET","","HALIFAX","CALDERDALE","WEST YORKSHIRE","A","A"
"{DEMO86F0-3D3F-8518-F561-00000000088C}",51000,"2022-11-17 00:00","HX4 6QX","D","N","F","54","","DEMO STREET","","HALIFAX","CALDERDALE","WEST YORKSHIRE","A","A"
"{DEMO564A-FC10-8E57-1338-00000000088D}",127100,"2022-11-18 00:00","HX1 0DL","S","N","F","110","","DEMO STREET","","HALIFAX","CALDERDALE","WEST YORKSHIRE","A","A"
"{DEMO911F-4981-6EE6-3B50-00000000088E}",149400,"2022-11-19 00:00","HX1 6LR","D","N","F","36","","DEMO STREET","","HALIFAX","CALDERDALE","WEST YORKSHIRE","A","A"
"{DEMO6906-83EB-D5CB-1B79-00000000088F}",154100,"2022-11-19 00:00","HX7 7UW","F","N","L","24","","DEMO STREET","","HALIFAX","CALDERDALE","WEST YORKSHIRE","A","A"
"{DEMOADFE-95C9-8F65-40E9-000000000890}",79800,"2022-11-19 00:00","HX5 8JF","D","N","F","33","","DEMO STREET","","HALIFAX","CALDERDALE","WEST YORKSHIRE","A","A"
"{DEMOF6A9-BDA5-973F-2D6B-000000000891}",101900,"2022-11-20 00:00","HX6 9UT","T","N","F","106","","DEMO STREET","","HALIFAX","CALDERDALE","WEST YORKSHIRE","A","A"
"{DEMO0243-8BCE-031E-7E1F-000000000892}",140200,"2022-11-20 00:00","HX4 0DR","S","N","F","4","","DEMO STREET","","HALIFAX","CALDERDALE","WEST YORKSHIRE","A","A"
"{DEMO0875-056B-4E09-35C6-000000000893}",45800,"2022-11-20 00:00","HX2 1WY","D","N","F","66","","DEMO STREET","","HALIFAX","CALDERDALE","WEST YORKSHIRE","A","A"
"{DEMO992A-D248-A80A-08CE-000000000894}",96600,"2022-11-20 00:00","HX3 6AR","T","N","F","15","","DEMO STREET","","HALIFAX","CALDERDALE","WEST YORKSHIRE","A","A"
"{DEMOE354-87BE-3EB0-C9D1-000000000895}",53200,"2022-11-21 00:00","HX7 3JZ","T","N","F","86","","DEMO STREET","","HALIFAX","CALDERDALE","WEST YORKSHIRE","A","A"
"{DEMOEA9F-7DB1-2FAA-D48D-000000000896}",137200,"2022-11-22 00:00","HX6 5BX","T","N","F","82","","DEMO STREET","","HALIFAX","CALDERDALE","WEST YORKSHIRE","A","A"
"{DEMO80AE-65DE-EFB3-DB90-000000000897}",55700,"2022-11-22 00:00","HX5 1ZF","S","N","F","91","","DEMO STREET","","HALIFAX","CALDERDALE","WEST YORKSHIRE","A","A"
"{DEMOE00C-40BC-7437-4D9C-000000000898}",49800,"2022-11-22 00:00","HX2 6JG","S","N","F","93","","DEMO STREET","","HALIFAX","CALDERDALE","WEST YORKSHIRE","A","A"
"{DEMOBD3E-AB26-56A4-9D53-000000000899}",57700,"2022-11-23 00:00","HX6 3FB","T","N","F","59","","DEMO STREET","","HALIFAX","CALDERDALE","WEST YORKSHIRE","A","A"
"{DEMO56FC-D3B3-1B81-C30E-00000000089A}",303000,"2022-11-24 00:00","HX5 6DW","T","N","F","89","","DEMO STREET","","HALIFAX","CALDERDALE","WEST YORKSHIRE","A","A"
"{DEMO0917-7638-FB78-F5E5-00000000089B}",277400,"2022-11-24 00:00","HX2 0DU","D","N","F","52","","DEMO STREET","","HALIFAX","CALDERDALE","WEST YORKSHIRE","A","A"
"{DEMO43C7-59C9-D37E-DEE4-00000000089C}",46800,"2022-11-25 00:00","HX4 8XW","T","N","F","47","","DEMO STREET","","HALIFAX","CALDERDALE","WEST YORKSHIRE","A","A"
"{DEMO95BF-22D0-3C62-0FEC-00000000089D}",170300,"2022-11-26 00:00","HX5 6RG","D","N","F","48","","DEMO STREET","","HALIFAX","CALDERDALE","WEST YORKSHIRE","A","A"
"{DEMOE27A-3A38-473A-CF89-00000000089E}",473000,"2022-11-26 00:00","HX3 3WD","S","Y","F","46","","DEMO STREET","","HALIFAX","CALDERDALE","WEST YORKSHIRE","A","A"
"{DEMO29C7-28CC-F3AC-20EF-00000000089F}",152200,"2022-11-27 00:00","HX4 8QR","S","N","F","23","","DEMO STREET","","HALIFAX","CALDERDALE","WEST YORKSHIRE","A","A"
"{DEMO806C-1868-5444-4DD0-0000000008A0}",180500,"2022-11-28 00:00","HX2 5JS","D","N","F","68","","DEMO STREET","","HALIFAX","CALDERDALE","WEST YORKSHIRE","A","A"
"{DEMO880D-8A25-5D15-D5F9-0000000008A1}",240800,"2022-11-28 00:00","HX5 2EE","S","N","F","2","","DEMO STREET","","HALIFAX","CALDERDALE","WEST YORKSHIRE","A","A"
"{DEMO8D8D-FDFD-2CEC-CC2B-0000000008A2}",246700,"2022-12-01 00:00","HX3 7RL","T","N","F","102","","DEMO STREET","","HALIFAX","CALDERDALE","WEST YORKSHIRE","A","A"
"{DEMO4B12-17A6-80C2-E260-0000000008A3}",258400,"2022-12-01 00:00","HX5 3PY","D","N","F","18","","DEMO STREET","","HALIFAX","CALDERDALE","WEST YORKSHIRE","A","A"
"{DEMOE388-0562-18FD-D35F-0000000008A4}",111200,"2022-12-01 00:00","HX2 9YW","S","N","F","118","","DEMO STREET","","HALIFAX","CALDERDALE","WEST YORKSHIRE","A","A"
"{DEMOFC6A-02C6-99D0-CB5D-0000000008A5}",53200,"2022-12-02 00:00","HX4 7TX","D","N","F","23","","DEMO STREET","","HALIFAX","CALDERDALE","WEST YORKSHIRE","A","A"
"{DEMO0F37-F782-DC00-8281-0000000008A6}",96000,"2022-12-03 00:00","HX7 8JX","T","N","F","23","","DEMO STREET","","HALIFAX","CALDERDALE","WEST YORKSHIRE","A","A"
"{DEMOF2D0-F47C-A5BC-0A92-0000000008A7}",125700,"2022-12-04 00:00","HX1 1ET","F","N","L","38","","DEMO STREET","","HALIFAX","CALDERDALE","WEST YORKSHIRE","A","A"
"{DEMO9118-D7D4-57BF-45F0-0000000008A8}",393200,"2022-12-04 00:00","HX1 8WF","S","N","F","73","","DEMO STREET","","HALIFAX","CALDERDALE","WEST YORKSHIRE","A","A"
"{DEMO7657-A675-399C-4520-0000000008A9}",102300,"2022-12-05 00:00","HX6 4QY","F","N","L","120","","DEMO STREET","","HALIFAX","CALDERDALE","WEST YORKSHIRE","A","A"
"{DEMO6C2B-4B9A-B3C4-F3A6-0000000008AA}",166100,"2022-12-05 00:00","HX6 5BX","T","N","F","70","","DEMO STREET","","HALIFAX","CALDERDALE","WEST YORKSHIRE","A","A"
"{DEMO156E-A09B-DA15-CD8A-0000000008AB}",31600,"2022-12-05 00:00","HX4 8YF","S","N","F","3","","DEMO STREET","","HALIFAX","CALDERDALE","WEST YORKSHIRE","A","A"
"{DEMO9C9E-6A10-E08B-BD46-0000000008AC}",296000,"2022-12-06 00:00","HX4 7BF","S","N","F","16","","DEMO STREET","","HALIFAX","CALDERDALE","WEST YORKSHIRE","A","A"
"{DEMO98EA-EA08-F79C-2990-0000000008AD}",33600,"2022-12-08 00:00","HX4 9PP","S","N","F","88","","DEMO STREET","","HALIFAX","CALDERDALE","WEST YORKSHIRE","A","A"
"{DEMO07FA-1113-CDB8-9B55-0000000008AE}",187800,"2022-12-08 00:00","HX7 7TT","D","N","F","116","","DEMO STREET","","HALIFAX","CALDERDALE","WEST YORKSHIRE","A","A"
"{DEMOCC31-168C-5CFE-A771-0000000008AF}",45100,"2022-12-08 00:00","HX6 3FB","F","N","L","68","","DEMO STREET","","HALIFAX","CALDERDALE","WEST YORKSHIRE","A","A"
"{DEMO727E-C435-52C2-AA84-0000000008B0}",65300,"2022-12-09 00:00","HX6 7GA","T","N","F","4","","DEMO STREET","","HALIFAX","CALDERDALE","WEST YORKSHIRE","A","A"
"{DEMO6975-ECE0-7024-BC6D-0000000008B1}",102900,"2022-12-11 00:00","HX6 7WR","D","N","F","103","","DEMO STREET","","HALIFAX","CALDERDALE","WEST YORKSHIRE","A","A"
"{DEMO03A7-5DD5-5829-0188-0000000008B2}",210300,"2022-12-12 00:00","HX1 0TT","F","N","L","112","","DEMO STREET","","HALIFAX","CALDERDALE","WEST YORKSHIRE","A","A"
"{DEMO68FB-B796-D9AD-5291-0000000008B3}",53400,"2022-12-12 00:00","HX6 1SG","T","N","F","86","","DEMO STREET","","HALIFAX","CALDERDALE","WEST YORKSHIRE","A","A"
"{DEMO562A-AA23-B027-22F7-0000000008B4}",109200,"2022-12-14 00:00","HX3 0PJ","S","N","F","98","","DEMO STREET","","HALIFAX","CALDERDALE","WEST YORKSHIRE","A","A"
"{DEMOA279-EDB2-1B39-D2BA-0000000008B5}",257900,"2022-12-14 00:00","HX7 7YY","S","N","F","89","","DEMO STREET","","HALIFAX","CALDERDALE","WEST YORKSHIRE","A","A"
"{DEMOCA6C-530B-AF94-ED18-0000000008B6}",130300,"2022-12-14 00:00","HX5 2EE","D","N","F","26","","DEMO STREET","","HALIFAX","CALDERDALE","WEST YORKSHIRE","A","A"
"{DEMO1248-C4D5-0DE4-6159-0000000008B7}",138700,"2022-12-14 00:00","HX5 2RN","F","Y","L","24","","DEMO STREET","","HALIFAX","CALDERDALE","WEST YORKSHIRE","A","A"
"{DEMO3370-B0FC-E858-A7E3-0000000008B8}",101900,"2022-12-16 00:00","HX4 1QY","D","N","F","96","","DEMO STREET","","HALIFAX","CALDERDALE","WEST YORKSHIRE","A","A"
"{DEMO937C-38A6-AA5E-D23B-0000000008B9}",207400,"2022-12-17 00:00","HX6 8GE","T","N","F","71","","DEMO STREET","","HALIFAX","CALDERDALE","WEST YORKSHIRE","A","A"
"{DEMO3FFA-4990-A9C9-C92B-0000000008BA}",163500,"2022-12-17 00:00","HX2 9PN","S","N","F","112","","DEMO STREET","","HALIFAX","CALDERDALE","WEST YORKSHIRE","A","A"
"{DEMO8AEA-64C3-8A7D-0228-0000000008BB}",64500,"2022-12-17 00:00","HX5 6XB","D","N","F","71","","DEMO STREET","","HALIFAX","CALDERDALE","WEST YORKSHIRE","A","A"
"{DEMO1C03-3DC3-4051-942D-0000000008BC}",219400,"2022-12-17 00:00","HX4 0TZ","T","N","F","58","","DEMO STREET","","HALIFAX","CALDERDALE","WEST YORKSHIRE","A","A"
"{DEMOAC48-28A0-E73D-5589-0000000008BD}",220400,"2022-12-18 00:00","HX7 5AU","S","N","F","22","","DEMO STREET","","HALIFAX","CALDERDALE","WEST YORKSHIRE","A","A"
"{DEMO3E61-2CD5-2EBF-53A9-0000000008BE}",171400,"2022-12-18 00:00","HX4 3UT","T","N","F","65","","DEMO STREET","","HALIFAX","CALDERDALE","WEST YORKSHIRE","A","A"
"{DEMOB976-4892-6CB7-73EB-0000000008BF}",24900,"2022-12-19 00:00","HX6 6TN","D","N","F","30","","DEMO STREET","","HALIFAX","CALDERDALE","WEST YORKSHIRE","A","A"
"{DEMOBEEC-CD94-EDAC-B983-0000000008C0}",150300,"2022-12-19 00:00","HX2 0AS","D","N","F","29","","DEMO STREET","","HALIFAX","CALDERDALE","WEST YORKSHIRE","A","A"
"{DEMO5028-62B0-DE5A-C039-0000000008C1}",164000,"2022-12-21 00:00","HX4 3WF","D","N","F","79","","DEMO STREET","","HALIFAX","CALDERDALE","WEST YORKSHIRE","A","A"
"{DEMO06A3-08F2-5227-E7E1-0000000008C2}",131800,"2022-12-21 00:00","HX6 2GJ","D","N","F","13","","DEMO STREET","","HALIFAX","CALDERDALE","WEST YORKSHIRE","A","A"
"{DEMO4CA9-6E74-96AB-F922-0000000008C3}",94100,"2022-12-21 00:00","HX3 0DY","T","N","F","111","","DEMO STREET","","HALIFAX","CALDERDALE","WEST YORKSHIRE","A","A"
"{DEMO677D-409B-1D04-4EB8-0000000008C4}",182100,"2022-12-23 00:00","HX4 9SD","D","N","F","46","","DEMO STREET","","HALIFAX","CALDERDALE","WEST YORKSHIRE","A","A"
"{DEMO5374-58BD-3BCE-2F97-0000000008C5}",122900,"2022-12-23 00:00","HX2 7BS","T","N","F","99","","DEMO STREET","","HALIFAX","CALDERDALE","WEST YORKSHIRE","A","A"
"{DEMOA58C-F54A-5F46-EDD7-0000000008C6}",247500,"2022-12-24 00:00","HX2 0UU","S","N","F","82","","DEMO STREET","","HALIFAX","CALDERDALE","WEST YORKSHIRE","A","A"
"{DEMOA677-0208-6C69-08D6-0000000008C7}",297000,"2022-12-26 00:00","HX7 7TH","D","N","F","117","","DEMO STREET","","HALIFAX","CALDERDALE","WEST YORKSHIRE","A","A"
"{DEMO364E-507F-8371-5857-0000000008C8}",442300,"2022-12-26 00:00","HX1 0ZA","S","N","F","26","","DEMO STREET","","HALIFAX","CALDERDALE","WEST YORKSHIRE","A","A"
"{DEMO3D1A-A2E2-5A16-50CD-0000000008C9}",110700,"2022-12-27 00:00","HX7 5AU","S","N","F","92","","DEMO STREET","","HALIFAX","CALDERDALE","WEST YORKSHIRE","A","A"
"{DEMO819C-8485-0C3C-0F25-0000000008CA}",126700,"2022-12-27 00:00","HX2 1AG","T","N","F","19","","DEMO STREET","","HALIFAX","CALDERDALE","WEST YORKSHIRE","A","A"
"{DEMO9964-FA64-2D96-E942-0000000008CB}",114300,"2022-12-28 00:00","HX2 0PF","S","N","F","77","","DEMO STREET","","HALIFAX","CALDERDALE","WEST YORKSHIRE","A","A"
"{DEMOBAE4-0739-75E5-2D7C-0000000008CC}",466700,"2022-12-28 00:00","HX1 9SN","S","N","F","3","","DEMO STREET","","HALIFAX","CALDERDALE","WEST YORKSHIRE","A","A"
"{DEMO36FA-31F7-0013-64CF-0000000008CD}",57100,"2022-12-28 00:00","HX1 6LR","T","Y","F","16","","DEMO STREET","","HALIFAX","CALDERDALE","WEST YORKSHIRE","A","A"
"{DEMO1479-0BA5-FBA6-B870-0000000008CE}",411700,"2022-12-28 00:00","HX5 8GW","T","Y","F","30","","DEMO STREET","","HALIFAX","CALDERDALE","WEST YORKSHIRE","A","A"
"{DEMOE8AC-755A-2737-D25F-0000000008CF}",57700,"2022-12-28 00:00","HX6 0PA","D","Y","F","97","","DEMO STREET","","HALIFAX","CALDERDALE","WEST YORKSHIRE","A","A"
"{DEMO293D-CFE0-8358-9AFD-0000000008D0}",126800,"2022-12-28 00:00","HX4 3QG","T","Y","F","41","","DEMO STREET","","HALIFAX","CALDERDALE","WEST YORKSHIRE","A","A"
"{DEMOA534-A8D1-BA36-BCB5-0000000008D1}",209800,"2023-01-01 00:00","HX1 5EU","D","N","F","67","","DEMO STREET","","HALIFAX","CALDERDALE","WEST YORKSHIRE","A","A"
"{DEMOD9AC-7A85-B877-082A-0000000008D2}",165500,"2023-01-01 00:00","HX2 4FU","S","N","F","41","","DEMO STREET","","HALIFAX","CALDERDALE","WEST YORKSHIRE","A","A"
"{DEMO2CF8-FBD5-7D4D-1F4C-0000000008D3}",202500,"2023-01-02 00:00","HX6 9ET","S","N","F","37","","DEMO STREET","","HALIFAX","CALDERDALE","WEST YORKSHIRE","A","A"
"{DEMOFA91-9DAE-71C7-5811-0000000008D4}",146400,"2023-01-03 00:00","HX7 9BE","D","N","F","19","","DEMO STREET","","HALIFAX","CALDERDALE","WEST YORKSHIRE","A","A"
"{DEMO3FEC-CD69-9520-2811-0000000008D5}",53900,"2023-01-04 00:00","HX4 0WL","S","N","F","99","","DEMO STREET","","HALIFAX","CALDERDALE","WEST YORKSHIRE","A","A"
"{DEMO60D6-CCA1-B18F-215A-0000000008D6}",28600,"2023-01-04 00:00","HX1 7NQ","T","N","F","47","","DEMO STREET","","HALIFAX","CALDERDALE","WEST YORKSHIRE","A","A"
"{DEMO1A38-BEA6-A0F4-4E26-0000000008D7}",76100,"2023-01-05 00:00","HX7 7LP","T","N","F","54","","DEMO STREET","","HALIFAX","CALDERDALE","WEST YORKSHIRE","A","A"
"{DEMO5D8E-382C-F875-767C-0000000008D8}",140800,"2023-01-05 00:00","HX4 1FT","T","N","F","61","","DEMO STREET","","HALIFAX","CALDERDALE","WEST YORKSHIRE","A","A"
"{DEMO590C-02D4-90D3-6F1E-0000000008D9}",157900,"2023-01-06 00:00","HX6 6XZ","D","N","F","61","","DEMO STREET","","HALIFAX","CALDERDALE","WEST YORKSHIRE","A","A"
"{DEMO943E-ABA9-8808-9B2A-0000000008DA}",213600,"2023-01-06 00:00","HX3 8ZZ","T","N","F","35","","DEMO STREET","","HALIFAX","CALDERDALE","WEST YORKSHIRE","A","A"
"{DEMO5EF7-1E5D-3832-5A6F-0000000008DB}",204100,"2023-01-06 00:00","HX2 0AS","T","N","F","120","","DEMO STREET","","HALIFAX","CALDERDALE","WEST YORKSHIRE","A","A"
"{DEMOA886-3D02-A9CD-C21C-0000000008DC}",165800,"2023-01-07 00:00","HX2 6BE","D","N","F","31","","DEMO STREET","","HALIFAX","CALDERDALE","WEST YORKSHIRE","A","A"
"{DEMOAF10-2BAB-B686-CA1A-0000000008DD}",136700,"2023-01-07 00:00","HX6 1SG","S","N","F","35","","DEMO STREET","","HALIFAX","CALDERDALE","WEST YORKSHIRE","A","A"
"{DEMOAE51-E897-D751-C026-0000000008DE}",64100,"2023-01-08 00:00","HX5 9QN","T","N","F","38","","DEMO STREET","","HALIFAX","CALDERDALE","WEST YORKSHIRE","A","A"
"{DEMO24E3-5A36-97A4-845A-0000000008DF}",61900,"2023-01-08 00:00","HX3 1PS","S","N","F","15","","DEMO STREET","","HALIFAX","CALDERDALE","WEST YORKSHIRE","A","A"
"{DEMO7374-68CC-42B1-C353-0000000008E0}",52400,"2023-01-08 00:00","HX5 5BE","F","N","L","21","","DEMO STREET","","HALIFAX","CALDERDALE","WEST YORKSHIRE","A","A"
"{DEMOE132-1EA7-3BA7-E846-0000000008E1}",100800,"2023-01-10 00:00","HX2 3LR","S","N","F","82","","DEMO STREET","","HALIFAX","CALDERDALE","WEST YORKSHIRE","A","A"
"{DEMOC280-184A-7D35-24FC-0000000008E2}",220100,"2023-01-12 00:00","HX5 9ND","S","N","F","61","","DEMO STREET","","HALIFAX","CALDERDALE","WEST YORKSHIRE","A","A"
"{DEMOBCEA-C82D-A918-4667-0000000008E3}",56400,"2023-01-12 00:00","HX3 2RS","D","N","F","103","","DEMO STREET","","HALIFAX","CALDERDALE","WEST YORKSHIRE","A","A"
"{DEMO6929-9155-0EFA-3329-0000000008E4}",108600,"2023-01-12 00:00","HX2 0SJ","S","N","F","51","","DEMO STREET","","HALIFAX","CALDERDALE","WEST YORKSHIRE","A","A"
"{DEMO7483-F266-D673-E3D4-0000000008E5}",151000,"2023-01-13 00:00","HX1 9HY","T","N","F","58","","DEMO STREET","","HALIFAX","CALDERDALE","WEST YORKSHIRE","A","A"
"{DEMO2366-97D4-BF05-7C96-0000000008E6}",113900,"2023-01-14 00:00","HX7 9GJ","S","N","F","81","","DEMO STREET","","HALIFAX","CALDERDALE","WEST YORKSHIRE","A","A"
"{DEMOAA01-2BAA-1FB2-65E0-0000000008E7}",57100,"2023-01-14 00:00","HX2 5US","D","N","F","79","","DEMO STREET","","HALIFAX","CALDERDALE","WEST YORKSHIRE","A","A"
"{DEMO2E14-5B1F-459E-7042-0000000008E8}",317500,"2023-01-15 00:00","HX1 6YL","D","N","F","4","","DEMO STREET","","HALIFAX","CALDERDALE","WEST YORKSHIRE","A","A"
"{DEMO9830-CA17-ED02-CF4F-0000000008E9}",165300,"2023-01-15 00:00","HX2 9RZ","S","N","F","104","","DEMO STREET","","HALIFAX","CALDERDALE","WEST YORKSHIRE","A","A"
"{DEMO1A4E-12C0-20B9-ED32-0000000008EA}",326500,"2023-01-15 00:00","HX6 0JY","S","N","F","68","","DEMO STREET","","HALIFAX","CALDERDALE","WEST YORKSHIRE","A","A"
"{DEMO6799-F011-8F00-0A64-0000000008EB}",63600,"2023-01-17 00:00","HX4 4WR","S","N","F","96","","DEMO STREET","","HALIFAX","CALDERDALE","WEST YORKSHIRE","A","A"
"{DEMO7D88-3B93-3A9D-BE64-0000000008EC}",217500,"2023-01-18 00:00","HX1 1YE","D","N","F","116","","DEMO STREET","","HALIFAX","CALDERDALE","WEST YORKSHIRE","A","A"
"{DEMOD037-8D9F-CFBD-80D4-0000000008ED}",125800,"2023-01-19 00:00","HX7 3ZJ","F","N","L","22","","DEMO STREET","","HALIFAX","CALDERDALE","WEST YORKSHIRE","A","A"
"{DEMOF5AD-B626-93DD-CFD6-0000000008EE}",34400,"2023-01-19 00:00","HX6 4NR","S","Y","F","28","","DEMO STREET","","HALIFAX","CALDERDALE","WEST YORKSHIRE","A","A"
"{DEMO3991-034F-E0BA-DF3E-0000000008EF}",143800,"2023-01-20 00:00","HX4 5JJ","T","N","F","25","","DEMO STREET","","HALIFAX","CALDERDALE","WEST YORKSHIRE","A","A"
"{DEMO39D4-78C3-A11D-360D-0000000008F0}",177800,"2023-01-21 00:00","HX4 7QJ","T","N","F","1","","DEMO STREET","","HALIFAX","CALDERDALE","WEST YORKSHIRE","A","A"
"{DEMO51EB-D4F9-2001-EC11-0000000008F1}",434300,"2023-01-22 00:00","HX3 3JH","T","N","F","87","","DEMO STREET","","HALIFAX","CALDERDALE","WEST YORKSHIRE","A","A"
"{DEMOFD31-71AB-0D06-8D71-0000000008F2}",48100,"2023-01-22 00:00","HX6 5QU","F","N","L","107","","DEMO STREET","","HALIFAX","CALDERDALE","WEST YORKSHIRE","A","A"
"{DEMO5569-C8BD-C12E-CA7F-0000000008F3}",107700,"2023-01-23 00:00","HX1 4HX","S","N","F","63","","DEMO STREET","","HALIFAX","CALDERDALE","WEST YORKSHIRE","A","A"
"{DEMO4DD9-F1A8-7C1F-FE01-0000000008F4}",108100,"2023-01-23 00:00","HX2 4FB","D","N","F","25","","DEMO STREET","","HALIFAX","CALDERDALE","WEST YORKSHIRE","A","A"
"{DEMO688C-312A-521E-CF4D-0000000008F5}",65500,"2023-01-24 00:00","HX5 6DW","F","N","L","29","","DEMO STREET","","HALIFAX","CALDERDALE","WEST YORKSHIRE","A","A"
"{DEMO2DBB-4942-A83C-6D46-0000000008F6}",93700,"2023-01-24 00:00","HX3 3AG","D","N","F","103","","DEMO STREET","","HALIFAX","CALDERDALE","WEST YORKSHIRE","A","A"
"{DEMOEBC9-63C3-3F95-00A6-0000000008F7}",94900,"2023-01-25 00:00","HX3 3JH","T","N","F","100","","DEMO STREET","","HALIFAX","CALDERDALE","WEST YORKSHIRE","A","A"
"{DEMO4731-2C35-D423-87C6-0000000008F8}",69800,"2023-01-25 00:00","HX4 1UA","D","N","F","14","","DEMO STREET","","HALIFAX","CALDERDALE","WEST YORKSHIRE","A","A"
"{DEMO6BDA-3859-49E0-B93C-0000000008F9}",188400,"2023-01-25 00:00","HX3 5SJ","T","N","F","85","","DEMO STREET","","HALIFAX","CALDERDALE","WEST YORKSHIRE","A","A"
"{DEMO7D3E-141A-9E4D-CF85-0000000008FA}",328800,"2023-01-25 00:00","HX2 7RD","T","N","F","37","","DEMO STREET","","HALIFAX","CALDERDALE","WEST YORKSHIRE","A","A"
"{DEMO3C1E-3B29-0F7D-8D77-0000000008FB}",86900,"2023-01-26 00:00","HX6 5WE","S","N","F","111","","DEMO STREET","","HALIFAX","CALDERDALE","WEST YORKSHIRE","A","A"
"{DEMOF804-DE56-8FAC-4BFD-0000000008FC}",76200,"2023-01-27 00:00","HX1 1ET","S","N","F","99","","DEMO STREET","","HALIFAX","CALDERDALE","WEST YORKSHIRE","A","A"
"{DEMOFB4B-27C7-09D1-4A38-0000000008FD}",161200,"2023-01-28 00:00","HX4 8PH","S","N","F","81","","DEMO STREET","","HALIFAX","CALDERDALE","WEST YORKSHIRE","A","A"
"{DEMOBD38-B0D2-8481-8139-0000000008FE}",72100,"2023-01-28 00:00","HX7 5ZH","T","N","F","14","","DEMO STREET","","HALIFAX","CALDERDALE","WEST YORKSHIRE","A","A"
"{DEMO1A18-3E35-4971-FC5F-0000000008FF}",237500,"2023-02-01 00:00","HX5 9JJ","D","N","F","103","","DEMO STREET","","HALIFAX","CALDERDALE","WEST YORKSHIRE","A","A"
"{DEMOC3F1-421E-4603-6DBE-000000000900}",141500,"2023-02-01 00:00","HX2 4FB","S","N","F","104","","DEMO STREET","","HALIFAX","CALDERDALE","WEST YORKSHIRE","A","A"
"{DEMO575C-62BB-D4F2-F42D-000000000901}",131700,"2023-02-01 00:00","HX2 0LR","T","N","F","88","","DEMO STREET","","HALIFAX","CALDERDALE","WEST YORKSHIRE","A","A"
"{DEMO214B-D6B4-329D-5404-000000000902}",259300,"2023-02-02 00:00","HX6 0JY","S","N","F","7","","DEMO STREET","","HALIFAX","CALDERDALE","WEST YORKSHIRE","A","A"
"{DEMO309C-C36F-297B-489F-000000000903}",66000,"2023-02-02 00:00","HX3 6AR","T","N","F","88","","DEMO STREET","","HALIFAX","CALDERDALE","WEST YORKSHIRE","A","A"
"{DEMOE242-AC5F-ECA1-BB38-000000000904}",204900,"2023-02-03 00:00","HX4 5JJ","T","N","F","120","","DEMO STREET","","HALIFAX","CALDERDALE","WEST YORKSHIRE","A","A"
"{DEMOF6ED-DB70-13ED-0C56-000000000905}",24300,"2023-02-04 00:00","HX6 7GA","F","N","L","58","","DEMO STREET","","HALIFAX","CALDERDALE","WEST YORKSHIRE","A","A"
"{DEMOD67F-4E17-8AF1-AB54-000000000906}",157800,"2023-02-04 00:00","HX4 7JY","S","N","F","112","","DEMO STREET","","HALIFAX","CALDERDALE","WEST YORKSHIRE","A","A"
"{DEMOE0F8-F382-4FA1-D3B0-000000000907}",68900,"2023-02-05 00:00","HX4 1ZT","D","N","F","117","","DEMO STREET","","HALIFAX","CALDERDALE","WEST YORKSHIRE","A","A"
"{DEMOF433-7469-59C5-EB62-000000000908}",36800,"2023-02-05 00:00","HX1 8UY","S","N","F","107","","DEMO STREET","","HALIFAX","CALDERDALE","WEST YORKSHIRE","A","A"
"{DEMO0B7E-A261-370F-6395-000000000909}",204000,"2023-02-06 00:00","HX3 3JH","S","N","F","97","","DEMO STREET","","HALIFAX","CALDERDALE","WEST YORKSHIRE","A","A"
"{DEMO0609-EF46-DEBB-B857-00000000090A}",109400,"2023-02-07 00:00","HX1 6AJ","D","N","F","10","","DEMO STREET","","HALIFAX","CALDERDALE","WEST YORKSHIRE","A","A"
"{DEMO6590-7F96-2A69-03D8-00000000090B}",169700,"2023-02-07 00:00","HX2 2AZ","S","N","F","3","","DEMO STREET","","HALIFAX","CALDERDALE","WEST YORKSHIRE","A","A"
"{DEMO320B-3C7F-91FC-39D7-00000000090C}",132300,"2023-02-07 00:00","HX4 2FA","S","Y","F","120","","DEMO STREET","","HALIFAX","CALDERDALE","WEST YORKSHIRE","A","A"
"{DEMO4FB4-46B7-DDA7-02F1-00000000090D}",89600,"2023-02-08 00:00","HX6 6TG","D","N","F","93","","DEMO STREET","","HALIFAX","CALDERDALE","WEST YORKSHIRE","A","A"
"{DEMO425B-9086-1FB9-9012-00000000090E}",139000,"2023-02-08 00:00","HX1 9SN","D","N","F","29","","DEMO STREET","","HALIFAX","CALDERDALE","WEST YORKSHIRE","A","A"
"{DEMOCE44-7AAF-0BC6-E00A-00000000090F}",220900,"2023-02-09 00:00","HX4 1UA","F","N","L","106","","DEMO STREET","","HALIFAX","CALDERDALE","WEST YORKSHIRE","A","A"
"{DEMO05CF-9D04-D4E9-9443-000000000910}",181500,"2023-02-09 00:00","HX7 4ST","S","N","F","76","","DEMO STREET","","HALIFAX","CALDERDALE","WEST YORKSHIRE","A","A"
"{DEMO9755-8A69-2429-DB01-000000000911}",66800,"2023-02-09 00:00","HX1 2YA","T","N","F","64","","DEMO STREET","","HALIFAX","CALDERDALE","WEST YORKSHIRE","A","A"
"{DEMO1535-78F7-93B7-0ED7-000000000912}",55800,"2023-02-10 00:00","HX6 7WR","F","N","L","98","","DEMO STREET","","HALIFAX","CALDERDALE","WEST YORKSHIRE","A","A"
"{DEMO170B-E37C-0315-4BED-000000000913}",111700,"2023-02-10 00:00","HX3 8BJ","T","N","F","87","","DEMO STREET","","HALIFAX","CALDERDALE","WEST YORKSHIRE","A","A"
"{DEMO695C-1DB3-9677-C0B5-000000000914}",178400,"2023-02-10 00:00","HX4 9WF","D","Y","F","4","","DEMO STREET","","HALIFAX","CALDERDALE","WEST YORKSHIRE","A","A"
"{DEMO0619-EF1B-7188-C297-000000000915}",212300,"2023-02-11 00:00","HX1 1EL","T","N","F","81","","DEMO STREET","","HALIFAX","CALDERDALE","WEST YORKSHIRE","A","A"
"{DEMO224E-CB53-86EA-FC21-000000000916}",183900,"2023-02-12 00:00","HX2 7QQ","T","N","F","23","","DEMO STREET","","HALIFAX","CALDERDALE","WEST YORKSHIRE","A","A"
"{DEMO3325-CD8C-BA41-A80D-000000000917}",301900,"2023-02-13 00:00","HX3 6RQ","S","N","F","117","","DEMO STREET","","HALIFAX","CALDERDALE","WEST YORKSHIRE","A","A"
"{DEMOB1FE-CD1F-3061-E904-000000000918}",239000,"2023-02-13 00:00","HX4 1ZT","T","N","F","82","","DEMO STREET","","HALIFAX","CALDERDALE","WEST YORKSHIRE","A","A"
"{DEMOCDBD-A1EF-1510-5312-000000000919}",154600,"2023-02-14 00:00","HX3 3JH","T","N","F","95","","DEMO STREET","","HALIFAX","CALDERDALE","WEST YORKSHIRE","A","A"
"{DEMOFE8F-4757-37B6-B778-00000000091A}",210200,"2023-02-15 00:00","HX7 9SL","S","N","F","12","","DEMO STREET","","HALIFAX","CALDERDALE","WEST YORKSHIRE","A","A"
"{DEMO418D-0352-4A91-FC5A-00000000091B}",50400,"2023-02-16 00:00","HX6 6XQ","S","N","F","99","","DEMO STREET","","HALIFAX","CALDERDALE","WEST YORKSHIRE","A","A"
"{DEMOE98A-DD5C-7FCE-D437-00000000091C}",150300,"2023-02-16 00:00","HX1 2AE","T","N","F","6","","DEMO STREET","","HALIFAX","CALDERDALE","WEST YORKSHIRE","A","A"
"{DEMO4268-0C39-A21E-6350-00000000091D}",197600,"2023-02-16 00:00","HX2 0UU","T","N","F","82","","DEMO STREET","","HALIFAX","CALDERDALE","WEST YORKSHIRE","A","A"
"{DEMOD0F7-C3BE-DD8F-E4D4-00000000091E}",79200,"2023-02-17 00:00","HX1 3NE","S","N","F","18","","DEMO STREET","","HALIFAX","CALDERDALE","WEST YORKSHIRE","A","A"
"{DEMO3FCF-2E8A-9D22-5291-00000000091F}",74700,"2023-02-17 00:00","HX5 8GW","F","N","L","96","","DEMO STREET","","HALIFAX","CALDERDALE","WEST YORKSHIRE","A","A"
"{DEMO1F1F-81AB-6AB0-89DC-000000000920}",66000,"2023-02-17 00:00","HX3 4YX","S","N","F","58","","DEMO STREET","","HALIFAX","CALDERDALE","WEST YORKSHIRE","A","A"
"{DEMO690E-6CA0-83C9-975A-000000000921}",43600,"2023-02-19 00:00","HX1 5HG","F","N","L","20","","DEMO STREET","","HALIFAX","CALDERDALE","WEST YORKSHIRE","A","A"
"{DEMO0FD4-191F-A3B1-A42B-000000000922}",62800,"2023-02-19 00:00","HX6 6AH","F","N","L","42","","DEMO STREET","","HALIFAX","CALDERDALE","WEST YORKSHIRE","A","A"
"{DEMOC81B-120B-8115-0946-000000000923}",88000,"2023-02-19 00:00","HX6 3HR","S","N","F","96","","DEMO STREET","","HALIFAX","CALDERDALE","WEST YORKSHIRE","A","A"
"{DEMOE5D4-D2B0-A6DC-B8D9-000000000924}",140900,"2023-02-21 00:00","HX2 5SB","T","N","F","79","","DEMO STREET","","HALIFAX","CALDERDALE","WEST YORKSHIRE","A","A"
"{DEMOA846-CE76-5C7D-7F55-000000000925}",104900,"2023-02-21 00:00","HX6 2GX","S","N","F","35","","DEMO STREET","","HALIFAX","CALDERDALE","WEST YORKSHIRE","A","A"
"{DEMOCA73-3D2B-EBBD-F8BF-000000000926}",51400,"2023-02-21 00:00","HX6 0QF","S","N","F","6","","DEMO STREET","","HALIFAX","CALDERDALE","WEST YORKSHIRE","A","A"
"{DEMO6C2B-5F66-4BD2-22D0-000000000927}",192900,"2023-02-21 00:00","HX5 5PL","S","Y","F","89","","DEMO STREET","","HALIFAX","CALDERDALE","WEST YORKSHIRE","A","A"
"{DEMO8A2C-A3E3-0AC8-C978-000000000928}",221100,"2023-02-22 00:00","HX1 0AY","F","N","L","35","","DEMO STREET","","HALIFAX","CALDERDALE","WEST YORKSHIRE","A","A"
"{DEMOF280-F688-6840-50C7-000000000929}",398800,"2023-02-22 00:00","HX6 8XU","T","N","F","10","","DEMO STREET","","HALIFAX","CALDERDALE","WEST YORKSHIRE","A","A"
"{DEMO6F68-C542-96B0-17C9-00000000092A}",389100,"2023-02-22 00:00","HX6 5WE","S","N","F","69","","DEMO STREET","","HALIFAX","CALDERDALE","WEST YORKSHIRE","A","A"
"{DEMO465C-EC1D-38CC-AF5B-00000000092B}",36800,"2023-02-22 00:00","HX5 0QY","D","N","F","58","","DEMO STREET","","HALIFAX","CALDERDALE","WEST YORKSHIRE","A","A"
"{DEMO2838-5925-F5CC-E15C-00000000092C}",254000,"2023-02-22 00:00","HX4 9PX","S","N","F","20","","DEMO STREET","","HALIFAX","CALDERDALE","WEST YORKSHIRE","A","A"
"{DEMOAF25-1D99-E474-EC2A-00000000092D}",58100,"2023-02-23 00:00","HX1 0AY","D","N","F","49","","DEMO STREET","","HALIFAX","CALDERDALE","WEST YORKSHIRE","A","A"
"{DEMO0974-13C2-FA05-3C60-00000000092E}",311300,"2023-02-25 00:00","HX4 9WF","S","N","F","32","","DEMO STREET","","HALIFAX","CALDERDALE","WEST YORKSHIRE","A","A"
"{DEMOFCC1-D368-0D23-D467-00000000092F}",21300,"2023-02-25 00:00","HX5 0QY","S","N","F","47","","DEMO STREET","","HALIFAX","CALDERDALE","WEST YORKSHIRE","A","A"
"{DEMO7718-84D6-9FEB-0631-000000000930}",36600,"2023-02-25 00:00","HX6 3FB","S","N","F","68","","DEMO STREET","","HALIFAX","CALDERDALE","WEST YORKSHIRE","A","A"
"{DEMOC442-103D-6420-D6BD-000000000931}",242600,"2023-02-25 00:00","HX5 8BP","S","N","F","51","","DEMO STREET","","HALIFAX","CALDERDALE","WEST YORKSHIRE","A","A"
"{DEMO5002-7810-769D-63A5-000000000932}",130100,"2023-02-26 00:00","HX5 9PX","S","N","F","92","","DEMO STREET","","HALIFAX","CALDERDALE","WEST YORKSHIRE","A","A"
"{DEMO2F84-59EC-96AB-26FE-000000000933}",75000,"2023-02-27 00:00","HX3 5TA","D","N","F","87","","DEMO STREET","","HALIFAX","CALDERDALE","WEST YORKSHIRE","A","A"
"{DEMO5BF9-92B5-62E8-7DE9-000000000934}",94300,"2023-02-27 00:00","HX2 7HR","F","N","L","84","","DEMO STREET","","HALIFAX","CALDERDALE","WEST YORKSHIRE","A","A"
"{DEMOA6A1-C0CC-75D1-2584-000000000935}",273200,"2023-02-28 00:00","HX7 3DH","D","N","F","67","","DEMO STREET","","HALIFAX","CALDERDALE","WEST YORKSHIRE","A","A"
"{DEMOD044-5B3A-F265-7E3F-000000000936}",41300,"2023-02-28 00:00","HX6 0NX","T","N","F","98","","DEMO STREET","","HALIFAX","CALDERDALE","WEST YORKSHIRE","A","A"
"{DEMO73A9-98CF-085C-FD7F-000000000937}",146700,"2023-03-01 00:00","HX7 3RQ","T","N","F","52","","DEMO STREET","","HALIFAX","CALDERDALE","WEST YORKSHIRE","A","A"
"{DEMO7F31-6213-34E6-D777-000000000938}",87900,"2023-03-01 00:00","HX1 9JZ","S","N","F","110","","DEMO STREET","","HALIFAX","CALDERDALE","WEST YORKSHIRE","A","A"
"{DEMO405E-581D-462B-597E-000000000939}",336800,"2023-03-02 00:00","HX4 5SW","S","N","F","46","","DEMO STREET","","HALIFAX","CALDERDALE","WEST YORKSHIRE","A","A"
"{DEMO575C-E6AD-F484-0969-00000000093A}",61100,"2023-03-02 00:00","HX3 0PJ","T","N","F","42","","DEMO STREET","","HALIFAX","CALDERDALE","WEST YORKSHIRE","A","A"
"{DEMOF4A0-F618-45A6-8DB0-00000000093B}",297400,"2023-03-03 00:00","HX7 7TH","F","N","L","42","","DEMO STREET","","HALIFAX","CALDERDALE","WEST YORKSHIRE","A","A"
"{DEMO3F6B-19BD-7556-6919-00000000093C}",91600,"2023-03-04 00:00","HX4 0DR","D","N","F","69","","DEMO STREET","","HALIFAX","CALDERDALE","WEST YORKSHIRE","A","A"
"{DEMO66F7-D53C-4591-4D4F-00000000093D}",97400,"2023-03-04 00:00","HX6 9RP","D","N","F","78","","DEMO STREET","","HALIFAX","CALDERDALE","WEST YORKSHIRE","A","A"
"{DEMO6629-2A0A-25F9-39FC-00000000093E}",46200,"2023-03-06 00:00","HX6 4PT","F","N","L","95","","DEMO STREET","","HALIFAX","CALDERDALE","WEST YORKSHIRE","A","A"
"{DEMO27C4-3716-9495-2FA1-00000000093F}",333400,"2023-03-06 00:00","HX6 1BF","S","N","F","62","","DEMO STREET","","HALIFAX","CALDERDALE","WEST YORKSHIRE","A","A"
"{DEMODE70-F9A4-F12F-3AA7-000000000940}",128500,"2023-03-07 00:00","HX3 2FX","S","N","F","41","","DEMO STREET","","HALIFAX","CALDERDALE","WEST YORKSHIRE","A","A"
"{DEMO49FF-8286-4DFE-F06D-000000000941}",110800,"2023-03-07 00:00","HX6 8FQ","F","N","L","115","","DEMO STREET","","HALIFAX","CALDERDALE","WEST YORKSHIRE","A","A"
"{DEMOEFBE-F9B7-BD9B-F73E-000000000942}",59800,"2023-03-07 00:00","HX1 9JZ","F","N","L","3","","DEMO STREET","","HALIFAX","CALDERDALE","WEST YORKSHIRE","A","A"
"{DEMO1DC7-2556-348D-7273-000000000943}",235500,"2023-03-08 00:00","HX7 8UT","S","N","F","38","","DEMO STREET","","HALIFAX","CALDERDALE","WEST YORKSHIRE","A","A"
"{DEMO69EF-4C73-64AB-7FD3-000000000944}",188400,"2023-03-09 00:00","HX6 2EA","F","N","L","44","","DEMO STREET","","HALIFAX","CALDERDALE","WEST YORKSHIRE","A","A"
"{DEMODC83-158E-3628-74D7-000000000945}",170200,"2023-03-10 00:00","HX7 3QP","S","N","F","16","","DEMO STREET","","HALIFAX","CALDERDALE","WEST YORKSHIRE","A","A"
"{DEMOD581-E3F8-D867-F873-000000000946}",284300,"2023-03-10 00:00","HX5 4DR","T","N","F","50","","DEMO STREET","","HALIFAX","CALDERDALE","WEST YORKSHIRE","A","A"
"{DEMO782B-0EF1-8051-CFD7-000000000947}",359800,"2023-03-12 00:00","HX1 6BJ","S","N","F","67","","DEMO STREET","","HALIFAX","CALDERDALE","WEST YORKSHIRE","A","A"
"{DEMOC016-3929-2BB7-DE51-000000000948}",106500,"2023-03-12 00:00","HX7 0GD","S","N","F","60","","DEMO STREET","","HALIFAX","CALDERDALE","WEST YORKSHIRE","A","A"
"{DEMOA694-1F41-C5F8-AA09-000000000949}",37300,"2023-03-12 00:00","HX6 5QU","D","N","F","20","","DEMO STREET","","HALIFAX","CALDERDALE","WEST YORKSHIRE","A","A"
"{DEMOFA4B-3C9E-C450-0FCE-00000000094A}",167700,"2023-03-13 00:00","HX3 4SF","T","N","F","85","","DEMO STREET","","HALIFAX","CALDERDALE","WEST YORKSHIRE","A","A"
"{DEMO7E20-97A0-9F0D-2738-00000000094B}",67000,"2023-03-13 00:00","HX3 7HX","T","N","F","71","","DEMO STREET","","HALIFAX","CALDERDALE","WEST YORKSHIRE","A","A"
"{DEMOE3A2-F188-073D-8B89-00000000094C}",84900,"2023-03-14 00:00","HX4 9PP","S","N","F","59","","DEMO STREET","","HALIFAX","CALDERDALE","WEST YORKSHIRE","A","A"
"{DEMO14B7-DEB9-35DB-4D27-00000000094D}",296500,"2023-03-14 00:00","HX4 6XA","D","Y","F","66","","DEMO STREET","","HALIFAX","CALDERDALE","WEST YORKSHIRE","A","A"
"{DEMO8D0C-3AB0-46E6-C689-00000000094E}",84000,"2023-03-15 00:00","HX2 3LR","D","N","F","62","","DEMO STREET","","HALIFAX","CALDERDALE","WEST YORKSHIRE","A","A"
"{DEMO53F9-EF47-FAA6-ADF7-00000000094F}",87000,"2023-03-16 00:00","HX6 9UT","D","N","F","60","","DEMO STREET","","HALIFAX","CALDERDALE","WEST YORKSHIRE","A","A"
"{DEMOC276-1B1D-532E-F66A-000000000950}",154000,"2023-03-16 00:00","HX7 8TS","S","N","F","85","","DEMO STREET","","HALIFAX","CALDERDALE","WEST YORKSHIRE","A","A"
"{DEMO875D-D1B9-D573-2A6B-000000000951}",54400,"2023-03-16 00:00","HX2 9BR","D","N","F","108","","DEMO STREET","","HALIFAX","CALDERDALE","WEST YORKSHIRE","A","A"
"{DEMO3D30-8496-EC2D-3B42-000000000952}",308500,"2023-03-16 00:00","HX7 0GD","D","N","F","81","","DEMO STREET","","HALIFAX","CALDERDALE","WEST YORKSHIRE","A","A"
"{DEMOF6C3-DAFA-EB42-988F-000000000953}",208400,"2023-03-17 00:00","HX5 6WT","S","N","F","51","","DEMO STREET","","HALIFAX","CALDERDALE","WEST YORKSHIRE","A","A"
"{DEMO8F95-667F-8A09-2F9F-000000000954}",76200,"2023-03-17 00:00","HX4 7BF","S","Y","F","37","","DEMO STREET","","HALIFAX","CALDERDALE","WEST YORKSHIRE","A","A"
"{DEMO88DE-A994-3228-087D-000000000955}",238800,"2023-03-18 00:00","HX3 2RS","S","N","F","16","","DEMO STREET","","HALIFAX","CALDERDALE","WEST YORKSHIRE","A","A"
"{DEMO4F6C-AD63-EBC1-F5C0-000000000956}",105700,"2023-03-18 00:00","HX7 3JZ","F","N","L","55","","DEMO STREET","","HALIFAX","CALDERDALE","WEST YORKSHIRE","A","A"
"{DEMO9F03-A85C-5743-0041-000000000957}",141000,"2023-03-18 00:00","HX1 3HX","S","N","F","72","","DEMO STREET","","HALIFAX","CALDERDALE","WEST YORKSHIRE","A","A"
"{DEMO2616-003E-D6F9-AA10-000000000958}",442800,"2023-03-18 00:00","HX4 6XA","S","Y","F","30","","DEMO STREET","","HALIFAX","CALDERDALE","WEST YORKSHIRE","A","A"
"{DEMO34E9-E008-0CEE-80C9-000000000959}",65800,"2023-03-19 00:00","HX2 1RJ","D","N","F","41","","DEMO STREET","","HALIFAX","CALDERDALE","WEST YORKSHIRE","A","A"
"{DEMO2FD8-BD3B-F048-977C-00000000095A}",106400,"2023-03-19 00:00","HX5 6AY","F","N","L","75","","DEMO STREET","","HALIFAX","CALDERDALE","WEST YORKSHIRE","A","A"
"{DEMOECFE-1476-AF96-827E-00000000095B}",98100,"2023-03-19 00:00","HX6 0PA","D","N","F","58","","DEMO STREET","","HALIFAX","CALDERDALE","WEST YORKSHIRE","A","A"
"{DEMO62DB-6E93-EF0A-4B51-00000000095C}",28400,"2023-03-19 00:00","HX5 1SN","S","N","F","90","","DEMO STREET","","HALIFAX","CALDERDALE","WEST YORKSHIRE","A","A"
"{DEMO0F91-AE86-CBDD-2164-00000000095D}",74800,"2023-03-20 00:00","HX4 3WF","T","N","F","113","","DEMO STREET","","HALIFAX","CALDERDALE","WEST YORKSHIRE","A","A"
"{DEMO0153-77B6-973C-FD49-00000000095E}",78800,"2023-03-20 00:00","HX1 8UY","T","N","F","21","","DEMO STREET","","HALIFAX","CALDERDALE","WEST YORKSHIRE","A","A"
"{DEMO2FE0-8B42-55BF-0043-00000000095F}",35400,"2023-03-21 00:00","HX3 4SF","S","N","F","12","","DEMO STREET","","HALIFAX","CALDERDALE","WEST YORKSHIRE","A","A"
"{DEMO9751-B5AC-4A5A-275F-000000000960}",86300,"2023-03-21 00:00","HX6 5ST","S","N","F","118","","DEMO STREET","","HALIFAX","CALDERDALE","WEST YORKSHIRE","A","A"
"{DEMOA990-5DB5-B4CC-D9E7-000000000961}",23000,"2023-03-21 00:00","HX3 8PB","T","N","F","105","","DEMO STREET","","HALIFAX","CALDERDALE","WEST YORKSHIRE","A","A"
"{DEMOF18F-116F-D290-89EA-000000000962}",97100,"2023-03-22 00:00","HX2 5UJ","D","N","F","89","","DEMO STREET","","HALIFAX","CALDERDALE","WEST YORKSHIRE","A","A"
"{DEMO51A0-7507-0650-4A22-000000000963}",143500,"2023-03-23 00:00","HX4 1UA","T","N","F","47","","DEMO STREET","","HALIFAX","CALDERDALE","WEST YORKSHIRE","A","A"
"{DEMO9873-C42F-76FD-892E-000000000964}",237200,"2023-03-23 00:00","HX6 8EW","T","N","F","101","","DEMO STREET","","HALIFAX","CALDERDALE","WEST YORKSHIRE","A","A"
"{DEMO8413-0AA0-E011-59A4-000000000965}",46400,"2023-03-24 00:00","HX3 4FW","F","N","L","59","","DEMO STREET","","HALIFAX","CALDERDALE","WEST YORKSHIRE","A","A"
"{DEMOE07A-393C-1432-8F89-000000000966}",34300,"2023-03-25 00:00","HX5 2EE","D","N","F","85","","DEMO STREET","","HALIFAX","CALDERDALE","WEST YORKSHIRE","A","A"
"{DEMO9932-573D-E91A-A045-000000000967}",395500,"2023-03-25 00:00","HX2 5NU","S","N","F","54","","DEMO STREET","","HALIFAX","CALDERDALE","WEST YORKSHIRE","A","A"
"{DEMOB168-0276-A3D7-FC80-000000000968}",247400,"2023-03-26 00:00","HX7 6DD","F","N","L","58","","DEMO STREET","","HALIFAX","CALDERDALE","WEST YORKSHIRE","A","A"
"{DEMO632C-9421-1234-8EA5-000000000969}",81000,"2023-03-26 00:00","HX2 9BW","T","Y","F","28","","DEMO STREET","","HALIFAX","CALDERDALE","WEST YORKSHIRE","A","A"
"{DEMO0D5B-CE4F-0032-F518-00000000096A}",222200,"2023-03-27 00:00","HX3 6NG","S","N","F","17","","DEMO STREET","","HALIFAX","CALDERDALE","WEST YORKSHIRE","A","A"
"{DEMO97DB-F83C-3C8A-90C5-00000000096B}",78300,"2023-03-27 00:00","HX5 2EE","S","N","F","32","","DEMO STREET","","HALIFAX","CALDERDALE","WEST YORKSHIRE","A","A"
"{DEMO0372-17F9-D9AA-1718-00000000096C}",107200,"2023-03-28 00:00","HX5 5WZ","F","N","L","91","","DEMO STREET","","HALIFAX","CALDERDALE","WEST YORKSHIRE","A","A"
"{DEMOC6CA-6B46-7EE3-BCBA-00000000096D}",200300,"2023-03-28 00:00","HX6 7FQ","D","N","F","79","","DEMO STREET","","HALIFAX","CALDERDALE","WEST YORKSHIRE","A","A"
"{DEMO1D1F-CE8A-B2C9-82E1-00000000096E}",68100,"2023-03-28 00:00","HX5 1QZ","F","N","L","1","","DEMO STREET","","HALIFAX","CALDERDALE","WEST YORKSHIRE","A","A"
"{DEMO0397-A74E-18E2-0392-00000000096F}",113300,"2023-04-01 00:00","HX5 0YA","T","N","F","95","","DEMO STREET","","HALIFAX","CALDERDALE","WEST YORKSHIRE","A","A"
"{DEMO08E6-2AED-2A80-3FB3-000000000970}",200600,"2023-04-03 00:00","HX6 7EU","S","Y","F","69","","DEMO STREET","","HALIFAX","CALDERDALE","WEST YORKSHIRE","A","A"
"{DEMOFE24-95FF-23B0-234C-000000000971}",64500,"2023-04-04 00:00","HX6 8FQ","S","N","F","19","","DEMO STREET","","HALIFAX","CALDERDALE","WEST YORKSHIRE","A","A"
"{DEMO8374-D8B2-6881-D8EB-000000000972}",106000,"2023-04-04 00:00","HX1 5GF","T","N","F","78","","DEMO STREET","","HALIFAX","CALDERDALE","WEST YORKSHIRE","A","A"
"{DEMOE9A7-199A-4BF3-07B2-000000000973}",212400,"2023-04-04 00:00","HX5 2FY","D","N","F","114","","DEMO STREET","","HALIFAX","CALDERDALE","WEST YORKSHIRE","A","A"
"{DEMO31FE-E402-D420-C834-000000000974}",83000,"2023-04-06 00:00","HX2 4WB","D","N","F","92","","DEMO STREET","","HALIFAX","CALDERDALE","WEST YORKSHIRE","A","A"
"{DEMO2602-7381-C80D-93ED-000000000975}",94700,"2023-04-06 00:00","HX2 5US","F","N","L","15","","DEMO STREET","","HALIFAX","CALDERDALE","WEST YORKSHIRE","A","A"
"{DEMODE74-91E9-97A7-29F0-000000000976}",118200,"2023-04-07 00:00","HX6 8GE","S","N","F","72","","DEMO STREET","","HALIFAX","CALDERDALE","WEST YORKSHIRE","A","A"
"{DEMO64C5-8E8F-85F4-9E0E-000000000977}",82900,"2023-04-08 00:00","HX4 9YW","T","N","F","57","","DEMO STREET","","HALIFAX","CALDERDALE","WEST YORKSHIRE","A","A"
"{DEMO5453-1518-AAFC-6E9B-000000000978}",102200,"2023-04-09 00:00","HX3 6RQ","T","N","F","55","","DEMO STREET","","HALIFAX","CALDERDALE","WEST YORKSHIRE","A","A"
"{DEMO486B-DEB9-D095-A9D1-000000000979}",41300,"2023-04-10 00:00","HX6 8WY","S","N","F","97","","DEMO STREET","","HALIFAX","CALDERDALE","WEST YORKSHIRE","A","A"
"{DEMO7E4E-022C-D15E-DA73-00000000097A}",77400,"2023-04-11 00:00","HX3 2PY","D","N","F","105","","DEMO STREET","","HALIFAX","CALDERDALE","WEST YORKSHIRE","A","A"
"{DEMOE277-2608-6300-E7D1-00000000097B}",64500,"2023-04-12 00:00","HX1 8PX","T","N","F","98","","DEMO STREET","","HALIFAX","CALDERDALE","WEST YORKSHIRE","A","A"
"{DEMO1DA8-BC40-F65E-746E-00000000097C}",71200,"2023-04-13 00:00","HX3 8ZT","S","N","F","97","","DEMO STREET","","HALIFAX","CALDERDALE","WEST YORKSHIRE","A","A"
"{DEMO0C07-BBC6-B14C-83B5-00000000097D}",56600,"2023-04-13 00:00","HX6 3HR","T","N","F","95","","DEMO STREET","","HALIFAX","CALDERDALE","WEST YORKSHIRE","A","A"
"{DEMO02BA-57D5-3471-40C7-00000000097E}",124300,"2023-04-13 00:00","HX2 1AG","S","N","F","109","","DEMO STREET","","HALIFAX","CALDERDALE","WEST YORKSHIRE","A","A"
"{DEMO1C7D-201F-8A45-100F-00000000097F}",107000,"2023-04-15 00:00","HX4 6PF","F","N","L","38","","DEMO STREET","","HALIFAX","CALDERDALE","WEST YORKSHIRE","A","A"
"{DEMO71C2-8FE9-38EF-05B7-000000000980}",310400,"2023-04-15 00:00","HX3 3JH","T","N","F","60","","DEMO STREET","","HALIFAX","CALDERDALE","WEST YORKSHIRE","A","A"
"{DEMO1600-91C5-6EEC-52F9-000000000981}",51700,"2023-04-16 00:00","HX6 5QR","T","N","F","27","","DEMO STREET","","HALIFAX","CALDERDALE","WEST YORKSHIRE","A","A"
"{DEMOB1AA-19EE-868F-DDC4-000000000982}",111800,"2023-04-16 00:00","HX1 5PY","T","N","F","78","","DEMO STREET","","HALIFAX","CALDERDALE","WEST YORKSHIRE","A","A"
"{DEMOC15B-71DD-CC01-9C43-000000000983}",218400,"2023-04-16 00:00","HX5 0WW","T","N","F","34","","DEMO STREET","","HALIFAX","CALDERDALE","WEST YORKSHIRE","A","A"
"{DEMO77F0-1410-2D3F-C78B-000000000984}",139700,"2023-04-18 00:00","HX1 8TX","T","N","F","47","","DEMO STREET","","HALIFAX","CALDERDALE","WEST YORKSHIRE","A","A"
"{DEMO9031-84B0-14F0-CD75-000000000985}",131400,"2023-04-19 00:00","HX6 5QR","S","N","F","68","","DEMO STREET","","HALIFAX","CALDERDALE","WEST YORKSHIRE","A","A"
"{DEMO7F14-21CB-FE01-906B-000000000986}",303900,"2023-04-19 00:00","HX6 3HR","T","N","F","110","","DEMO STREET","","HALIFAX","CALDERDALE","WEST YORKSHIRE","A","A"
"{DEMO6614-4601-01AE-F491-000000000987}",212000,"2023-04-19 00:00","HX4 3AJ","T","N","F","99","","DEMO STREET","","HALIFAX","CALDERDALE","WEST YORKSHIRE","A","A"
"{DEMOA141-544A-5BD9-412F-000000000988}",142900,"2023-04-19 00:00","HX3 4XU","T","N","F","73","","DEMO STREET","","HALIFAX","CALDERDALE","WEST YORKSHIRE","A","A"
"{DEMO099A-6691-8299-8FF8-000000000989}",109800,"2023-04-20 00:00","HX1 1ET","S","N","F","18","","DEMO STREET","","HALIFAX","CALDERDALE","WEST YORKSHIRE","A","A"
"{DEMOC9A5-29E7-8EC8-3708-00000000098A}",176800,"2023-04-20 00:00","HX3 4RX","D","N","F","38","","DEMO STREET","","HALIFAX","CALDERDALE","WEST YORKSHIRE","A","A"
"{DEMO076A-50D4-FA57-1CE1-00000000098B}",77600,"2023-04-20 00:00","HX6 7SS","T","N","F","23","","DEMO STREET","","HALIFAX","CALDERDALE","WEST YORKSHIRE","A","A"
"{DEMO2977-C406-658F-C871-00000000098C}",44800,"2023-04-20 00:00","HX6 6ZQ","D","N","F","67","","DEMO STREET","","HALIFAX","CALDERDALE","WEST YORKSHIRE","A","A"
"{DEMO63CF-030E-A347-581D-00000000098D}",96900,"2023-04-21 00:00","HX6 0JU","F","N","L","9","","DEMO STREET","","HALIFAX","CALDERDALE","WEST YORKSHIRE","A","A"
"{DEMO7A19-3514-BD63-81E7-00000000098E}",216500,"2023-04-22 00:00","HX7 5RA","D","N","F","72","","DEMO STREET","","HALIFAX","CALDERDALE","WEST YORKSHIRE","A","A"
"{DEMO5A57-640B-2487-6A25-00000000098F}",81200,"2023-04-23 00:00","HX3 1PZ","T","N","F","6","","DEMO STREET","","HALIFAX","CALDERDALE","WEST YORKSHIRE","A","A"
"{DEMO86CA-002D-1848-D777-000000000990}",112600,"2023-04-24 00:00","HX6 8XU","S","Y","F","116","","DEMO STREET","","HALIFAX","CALDERDALE","WEST YORKSHIRE","A","A"
"{DEMO2ECA-6108-C422-FFBB-000000000991}",44500,"2023-04-25 00:00","HX6 8XU","F","N","L","100","","DEMO STREET","","HALIFAX","CALDERDALE","WEST YORKSHIRE","A","A"
"{DEMO3690-7B99-2D8D-CAD2-000000000992}",254700,"2023-04-26 00:00","HX6 2GJ","D","N","F","110","","DEMO STREET","","HALIFAX","CALDERDALE","WEST YORKSHIRE","A","A"
"{DEMOA2A4-33D8-381C-6772-000000000993}",223400,"2023-04-26 00:00","HX4 2PP","T","N","F","12","","DEMO STREET","","HALIFAX","CALDERDALE","WEST YORKSHIRE","A","A"
"{DEMOA0EA-E0F2-F2F6-93CD-000000000994}",156200,"2023-04-26 00:00","HX7 1FP","T","N","F","117","","DEMO STREET","","HALIFAX","CALDERDALE","WEST YORKSHIRE","A","A"
"{DEMOC70B-EFFD-34EE-CCFD-000000000995}",100000,"2023-04-27 00:00","HX7 5AU","T","N","F","13","","DEMO STREET","","HALIFAX","CALDERDALE","WEST YORKSHIRE","A","A"
"{DEMO38CC-815D-34D6-C1EE-000000000996}",194300,"2023-04-27 00:00","HX4 1PQ","T","N","F","118","","DEMO STREET","","HALIFAX","CALDERDALE","WEST YORKSHIRE","A","A"
"{DEMOFBB1-786A-0A9E-3BA6-000000000997}",120500,"2023-04-27 00:00","HX3 4YJ","S","N","F","48","","DEMO STREET","","HALIFAX","CALDERDALE","WEST YORKSHIRE","A","A"
"{DEMO9E3D-E0F2-0F89-8D80-000000000998}",332900,"2023-04-28 00:00","HX6 8WY","S","N","F","102","","DEMO STREET","","HALIFAX","CALDERDALE","WEST YORKSHIRE","A","A"
"{DEMO9B4D-103A-3F1F-757E-000000000999}",48800,"2023-04-28 00:00","HX5 9PX","T","N","F","46","","DEMO STREET","","HALIFAX","CALDERDALE","WEST YORKSHIRE","A","A"
"{DEMOD3F0-ED99-01AD-7838-00000000099A}",71300,"2023-05-01 00:00","HX6 8XU","D","N","F","33","","DEMO STREET","","HALIFAX","CALDERDALE","WEST YORKSHIRE","A","A"
"{DEMOC741-82E0-B034-E707-00000000099B}",131000,"2023-05-01 00:00","HX2 5QD","T","N","F","10","","DEMO STREET","","HALIFAX","CALDERDALE","WEST YORKSHIRE","A","A"
"{DEMOB098-CE26-1927-00BD-00000000099C}",103900,"2023-05-01 00:00","HX2 9BR","F","N","L","67","","DEMO STREET","","HALIFAX","CALDERDALE","WEST YORKSHIRE","A","A"
"{DEMO19AE-AE7B-E17C-3685-00000000099D}",118100,"2023-05-01 00:00","HX6 9EY","D","Y","F","104","","DEMO STREET","","HALIFAX","CALDERDALE","WEST YORKSHIRE","A","A"
"{DEMOAF95-F4CC-B2C3-7973-00000000099E}",309300,"2023-05-01 00:00","HX1 6YR","T","Y","F","29","","DEMO STREET","","HALIFAX","CALDERDALE","WEST YORKSHIRE","A","A"
"{DEMO9D79-B993-08A0-9409-00000000099F}",77300,"2023-05-02 00:00","HX6 0FP","T","N","F","45","","DEMO STREET","","HALIFAX","CALDERDALE","WEST YORKSHIRE","A","A"
"{DEMO59E9-C9DB-922F-6BEC-0000000009A0}",229500,"2023-05-04 00:00","HX3 7HX","F","N","L","41","","DEMO STREET","","HALIFAX","CALDERDALE","WEST YORKSHIRE","A","A"
"{DEMOF9FA-3E66-0077-8726-0000000009A1}",168200,"2023-05-05 00:00","HX1 6LR","T","N","F","4","","DEMO STREET","","HALIFAX","CALDERDALE","WEST YORKSHIRE","A","A"
"{DEMO1592-A27D-8299-A6F8-0000000009A2}",78600,"2023-05-05 00:00","HX6 8FQ","S","N","F","9","","DEMO STREET","","HALIFAX","CALDERDALE","WEST YORKSHIRE","A","A"
"{DEMO3226-6A41-1A52-1802-0000000009A3}",123800,"2023-05-08 00:00","HX7 5XT","S","N","F","39","","DEMO STREET","","HALIFAX","CALDERDALE","WEST YORKSHIRE","A","A"
"{DEMO5E7E-FC58-B067-46EC-0000000009A4}",248800,"2023-05-08 00:00","HX5 3YW","S","N","F","53","","DEMO STREET","","HALIFAX","CALDERDALE","WEST YORKSHIRE","A","A"
"{DEMO9FCC-F6C6-4E01-1220-0000000009A5}",328300,"2023-05-09 00:00","HX6 0JY","D","N","F","116","","DEMO STREET","","HALIFAX","CALDERDALE","WEST YORKSHIRE","A","A"
"{DEMOD766-03EF-16F7-D340-0000000009A6}",21500,"2023-05-11 00:00","HX3 6SA","S","N","F","28","","DEMO STREET","","HALIFAX","CALDERDALE","WEST YORKSHIRE","A","A"
"{DEMOE833-D98D-3A0B-6039-0000000009A7}",535100,"2023-05-11 00:00","HX6 5WE","T","N","F","79","","DEMO STREET","","HALIFAX","CALDERDALE","WEST YORKSHIRE","A","A"
"{DEMO4B46-4264-847A-7C31-0000000009A8}",114000,"2023-05-11 00:00","HX2 2ES","D","N","F","67","","DEMO STREET","","HALIFAX","CALDERDALE","WEST YORKSHIRE","A","A"
"{DEMOA0CB-F801-7B13-154A-0000000009A9}",116900,"2023-05-11 00:00","HX5 6XB","T","Y","F","33","","DEMO STREET","","HALIFAX","CALDERDALE","WEST YORKSHIRE","A","A"
"{DEMO6472-BD4B-201C-5F0F-0000000009AA}",231800,"2023-05-12 00:00","HX4 9PP","S","N","F","24","","DEMO STREET","","HALIFAX","CALDERDALE","WEST YORKSHIRE","A","A"
"{DEMOD271-6797-F337-92EA-0000000009AB}",54200,"2023-05-12 00:00","HX1 2YA","F","N","L","51","","DEMO STREET","","HALIFAX","CALDERDALE","WEST YORKSHIRE","A","A"
"{DEMO416A-3F65-F637-61EC-0000000009AC}",74000,"2023-05-12 00:00","HX2 7QQ","F","N","L","52","","DEMO STREET","","HALIFAX","CALDERDALE","WEST YORKSHIRE","A","A"
"{DEMO4C36-AFAE-9BF6-EDC2-0000000009AD}",249400,"2023-05-13 00:00","HX7 5EB","T","N","F","76","","DEMO STREET","","HALIFAX","CALDERDALE","WEST YORKSHIRE","A","A"
"{DEMOA1E5-F3F9-B407-C659-0000000009AE}",127600,"2023-05-13 00:00","HX4 0NX","S","N","F","67","","DEMO STREET","","HALIFAX","CALDERDALE","WEST YORKSHIRE","A","A"
"{DEMOAAA8-A094-2C21-871A-0000000009AF}",78200,"2023-05-13 00:00","HX1 5LW","F","Y","L","31","","DEMO STREET","","HALIFAX","CALDERDALE","WEST YORKSHIRE","A","A"
"{DEMOCBE2-FB2F-416E-8E41-0000000009B0}",199000,"2023-05-15 00:00","HX5 9LJ","D","N","F","76","","DEMO STREET","","HALIFAX","CALDERDALE","WEST YORKSHIRE","A","A"
"{DEMO31EF-F7CE-EA20-9EE0-0000000009B1}",195000,"2023-05-15 00:00","HX7 7EJ","D","N","F","95","","DEMO STREET","","HALIFAX","CALDERDALE","WEST YORKSHIRE","A","A"
"{DEMOD02F-47ED-8873-C0B9-0000000009B2}",54700,"2023-05-16 00:00","HX3 9PB","S","N","F","83","","DEMO STREET","","HALIFAX","CALDERDALE","WEST YORKSHIRE","A","A"
"{DEMO7BAE-B851-9337-9873-0000000009B3}",46800,"2023-05-17 00:00","HX5 2WG","S","N","F","62","","DEMO STREET","","HALIFAX","CALDERDALE","WEST YORKSHIRE","A","A"
"{DEMOBB93-21B0-02B1-DEB0-0000000009B4}",142900,"2023-05-17 00:00","HX6 9WN","D","N","F","107","","DEMO STREET","","HALIFAX","CALDERDALE","WEST YORKSHIRE","A","A"
"{DEMO771F-25DA-58EB-328F-0000000009B5}",56600,"2023-05-17 00:00","HX3 2RS","T","N","F","3","","DEMO STREET","","HALIFAX","CALDERDALE","WEST YORKSHIRE","A","A"
"{DEMO78A5-6A60-948C-0CDC-0000000009B6}",40800,"2023-05-18 00:00","HX5 2EE","F","N","L","60","","DEMO STREET","","HALIFAX","CALDERDALE","WEST YORKSHIRE","A","A"
"{DEMO1DD0-03C8-2830-DD3F-0000000009B7}",124300,"2023-05-19 00:00","HX1 0RJ","S","N","F","47","","DEMO STREET","","HALIFAX","CALDERDALE","WEST YORKSHIRE","A","A"
"{DEMOD107-038D-7AC3-2326-0000000009B8}",196200,"2023-05-19 00:00","HX3 1HW","D","N","F","49","","DEMO STREET","","HALIFAX","CALDERDALE","WEST YORKSHIRE","A","A"
"{DEMOE368-72BF-9BE4-37A5-0000000009B9}",293900,"2023-05-19 00:00","HX3 3JH","S","N","F","48","","DEMO STREET","","HALIFAX","CALDERDALE","WEST YORKSHIRE","A","A"
"{DEMOA2BD-759F-9B9A-1492-0000000009BA}",89100,"2023-05-22 00:00","HX2 3ZG","D","N","F","21","","DEMO STREET","","HALIFAX","CALDERDALE","WEST YORKSHIRE","A","A"
"{DEMODC9E-75A3-792D-8522-0000000009BB}",163600,"2023-05-22 00:00","HX7 9FE","D","N","F","113","","DEMO STREET","","HALIFAX","CALDERDALE","WEST YORKSHIRE","A","A"
"{DEMO7EEB-DE6A-CBF2-3E72-0000000009BC}",168500,"2023-05-22 00:00","HX5 0YA","T","Y","F","35","","DEMO STREET","","HALIFAX","CALDERDALE","WEST YORKSHIRE","A","A"
"{DEMO9D7C-3CD3-9AE6-695C-0000000009BD}",256900,"2023-05-23 00:00","HX7 9WY","D","N","F","59","","DEMO STREET","","HALIFAX","CALDERDALE","WEST YORKSHIRE","A","A"
"{DEMO58E9-8100-2228-E018-0000000009BE}",216800,"2023-05-23 00:00","HX2 9RZ","S","N","F","10","","DEMO STREET","","HALIFAX","CALDERDALE","WEST YORKSHIRE","A","A"
"{DEMO0C13-0CF6-9D52-993C-0000000009BF}",408600,"2023-05-23 00:00","HX3 6AR","S","N","F","74","","DEMO STREET","","HALIFAX","CALDERDALE","WEST YORKSHIRE","A","A"
"{DEMO64C2-568D-25FF-9192-0000000009C0}",96100,"2023-05-23 00:00","HX5 8BP","T","N","F","92","","DEMO STREET","","HALIFAX","CALDERDALE","WEST YORKSHIRE","A","A"
"{DEMO9144-42C1-ED2E-A314-0000000009C1}",163000,"2023-05-24 00:00","HX6 1LG","T","N","F","79","","DEMO STREET","","HALIFAX","CALDERDALE","WEST YORKSHIRE","A","A"
"{DEMO619D-864D-A9B9-8FEF-0000000009C2}",145400,"2023-05-24 00:00","HX1 2QW","D","N","F","102","","DEMO STREET","","HALIFAX","CALDERDALE","WEST YORKSHIRE","A","A"
"{DEMO2B28-DADA-B8CC-F62B-0000000009C3}",104400,"2023-05-25 00:00","HX6 8FQ","T","N","F","55","","DEMO STREET","","HALIFAX","CALDERDALE","WEST YORKSHIRE","A","A"
"{DEMOA37F-95D3-5DE2-A882-0000000009C4}",280500,"2023-05-25 00:00","HX7 5RA","D","N","F","76","","DEMO STREET","","HALIFAX","CALDERDALE","WEST YORKSHIRE","A","A"
"{DEMO15FA-18C2-C112-5F2B-0000000009C5}",85700,"2023-05-25 00:00","HX3 7AS","T","N","F","26","","DEMO STREET","","HALIFAX","CALDERDALE","WEST YORKSHIRE","A","A"
"{DEMOFCF2-5266-4935-03BC-0000000009C6}",134200,"2023-05-26 00:00","HX4 8QR","T","N","F","64","","DEMO STREET","","HALIFAX","CALDERDALE","WEST YORKSHIRE","A","A"
"{DEMO1151-9B3E-8AF5-F89E-0000000009C7}",302400,"2023-05-27 00:00","HX6 0EW","T","N","F","68","","DEMO STREET","","HALIFAX","CALDERDALE","WEST YORKSHIRE","A","A"
"{DEMO64E3-80D1-F307-3030-0000000009C8}",229500,"2023-05-27 00:00","HX3 5UU","D","N","F","37","","DEMO STREET","","HALIFAX","CALDERDALE","WEST YORKSHIRE","A","A"
"{DEMO167A-8435-FE98-103C-0000000009C9}",31700,"2023-06-01 00:00","HX3 2DY","S","N","F","74","","DEMO STREET","","HALIFAX","CALDERDALE","WEST YORKSHIRE","A","A"
"{DEMO196B-0889-857E-AE94-0000000009CA}",153800,"2023-06-01 00:00","HX5 9PJ","S","N","F","114","","DEMO STREET","","HALIFAX","CALDERDALE","WEST YORKSHIRE","A","A"
"{DEMOFC4A-9040-BC78-DF2B-0000000009CB}",50600,"2023-06-01 00:00","HX5 2FY","S","N","F","20","","DEMO STREET","","HALIFAX","CALDERDALE","WEST YORKSHIRE","A","A"
"{DEMO3F86-5C41-FA6E-3F4D-0000000009CC}",99600,"2023-06-01 00:00","HX6 8FA","D","N","F","5","","DEMO STREET","","HALIFAX","CALDERDALE","WEST YORKSHIRE","A","A"
"{DEMO1501-7BA7-74B7-BE22-0000000009CD}",84800,"2023-06-02 00:00","HX2 9PN","D","N","F","70","","DEMO STREET","","HALIFAX","CALDERDALE","WEST YORKSHIRE","A","A"
"{DEMOBC25-DA83-513C-161E-0000000009CE}",138700,"2023-06-03 00:00","HX6 8FQ","T","N","F","50","","DEMO STREET","","HALIFAX","CALDERDALE","WEST YORKSHIRE","A","A"
"{DEMO9E5F-772F-7138-CE44-0000000009CF}",200400,"2023-06-04 00:00","HX1 7DS","T","N","F","104","","DEMO STREET","","HALIFAX","CALDERDALE","WEST YORKSHIRE","A","A"
"{DEMOA1C5-732E-A1A3-19FC-0000000009D0}",219000,"2023-06-05 00:00","HX2 2ES","D","N","F","15","","DEMO STREET","","HALIFAX","CALDERDALE","WEST YORKSHIRE","A","A"
"{DEMO1D0C-B0BB-3583-CB03-0000000009D1}",131300,"2023-06-07 00:00","HX5 2EE","T","N","F","74","","DEMO STREET","","HALIFAX","CALDERDALE","WEST YORKSHIRE","A","A"
"{DEMOE859-5495-891B-96E9-0000000009D2}",23100,"2023-06-08 00:00","HX7 6UU","T","N","F","44","","DEMO STREET","","HALIFAX","CALDERDALE","WEST YORKSHIRE","A","A"
"{DEMO3CC0-54E1-1237-0C77-0000000009D3}",62300,"2023-06-10 00:00","HX6 2UQ","S","N","F","76","","DEMO STREET","","HALIFAX","CALDERDALE","WEST YORKSHIRE","A","A"
"{DEMOE20A-5F88-55C1-93A8-0000000009D4}",97000,"2023-06-10 00:00","HX1 4HX","T","N","F","60","","DEMO STREET","","HALIFAX","CALDERDALE","WEST YORKSHIRE","A","A"
"{DEMOFCC2-7130-4EBE-B3A2-0000000009D5}",134400,"2023-06-10 00:00","HX7 3ZJ","D","N","F","68","","DEMO STREET","","HALIFAX","CALDERDALE","WEST YORKSHIRE","A","A"
"{DEMOBB18-8723-9390-9E08-0000000009D6}",104400,"2023-06-10 00:00","HX7 3JG","S","N","F","83","","DEMO STREET","","HALIFAX","CALDERDALE","WEST YORKSHIRE","A","A"
"{DEMOCED6-A5D0-EDD0-20C3-0000000009D7}",95000,"2023-06-11 00:00","HX1 0AY","S","N","F","50","","DEMO STREET","","HALIFAX","CALDERDALE","WEST YORKSHIRE","A","A"
"{DEMOC621-761F-5533-0693-0000000009D8}",317900,"2023-06-11 00:00","HX5 0QY","T","N","F","35","","DEMO STREET","","HALIFAX","CALDERDALE","WEST YORKSHIRE","A","A"
"{DEMO18D9-50ED-F74B-F426-0000000009D9}",46700,"2023-06-11 00:00","HX2 9AZ","S","N","F","4","","DEMO STREET","","HALIFAX","CALDERDALE","WEST YORKSHIRE","A","A"
"{DEMODBAB-CE62-1364-BCDD-0000000009DA}",269800,"2023-06-11 00:00","HX6 5FN","S","N","F","87","","DEMO STREET","","HALIFAX","CALDERDALE","WEST YORKSHIRE","A","A"
"{DEMO6838-3D8D-A6EF-BFF5-0000000009DB}",42200,"2023-06-13 00:00","HX1 6SG","F","N","L","81","","DEMO STREET","","HALIFAX","CALDERDALE","WEST YORKSHIRE","A","A"
"{DEMO685A-B2E5-95D2-5756-0000000009DC}",266300,"2023-06-13 00:00","HX6 1SG","T","N","F","107","","DEMO STREET","","HALIFAX","CALDERDALE","WEST YORKSHIRE","A","A"
"{DEMO197D-E1A5-D182-FCDB-0000000009DD}",55800,"2023-06-13 00:00","HX2 4NP","T","N","F","103","","DEMO STREET","","HALIFAX","CALDERDALE","WEST YORKSHIRE","A","A"
"{DEMOAB47-0428-484C-0890-0000000009DE}",233100,"2023-06-14 00:00","HX1 0ZA","S","N","F","120","","DEMO STREET","","HALIFAX","CALDERDALE","WEST YORKSHIRE","A","A"
"{DEMO4C45-428F-954E-0015-0000000009DF}",151600,"2023-06-17 00:00","HX6 8EW","T","N","F","68","","DEMO STREET","","HALIFAX","CALDERDALE","WEST YORKSHIRE","A","A"
"{DEMO839A-FEA4-1A2B-489B-0000000009E0}",120800,"2023-06-17 00:00","HX7 4DP","T","N","F","67","","DEMO STREET","","HALIFAX","CALDERDALE","WEST YORKSHIRE","A","A"
"{DEMOB870-BD82-EC7C-5645-0000000009E1}",118500,"2023-06-19 00:00","HX6 8AH","T","N","F","107","","DEMO STREET","","HALIFAX","CALDERDALE","WEST YORKSHIRE","A","A"
"{DEMOEC16-4B8E-DC1C-7D5C-0000000009E2}",212200,"2023-06-19 00:00","HX6 4ZZ","S","N","F","61","","DEMO STREET","","HALIFAX","CALDERDALE","WEST YORKSHIRE","A","A"
"{DEMOD2C1-9C04-11DB-B2AE-0000000009E3}",52500,"2023-06-20 00:00","HX5 0QY","D","N","F","45","","DEMO STREET","","HALIFAX","CALDERDALE","WEST YORKSHIRE","A","A"
"{DEMOF894-989A-F69A-35B3-0000000009E4}",71300,"2023-06-20 00:00","HX5 0QY","S","N","F","45","","DEMO STREET","","HALIFAX","CALDERDALE","WEST YORKSHIRE","A","A"
"{DEMOD88A-CC86-F42A-78CC-0000000009E5}",90600,"2023-06-21 00:00","HX4 0NL","S","N","F","6","","DEMO STREET","","HALIFAX","CALDERDALE","WEST YORKSHIRE","A","A"
"{DEMO05AA-25C5-93F4-D67C-0000000009E6}",520700,"2023-06-21 00:00","HX3 7WZ","T","N","F","61","","DEMO STREET","","HALIFAX","CALDERDALE","WEST YORKSHIRE","A","A"
"{DEMO4356-30B7-FD6F-1BC1-0000000009E7}",73000,"2023-06-21 00:00","HX6 9WN","S","N","F","66","","DEMO STREET","","HALIFAX","CALDERDALE","WEST YORKSHIRE","A","A"
"{DEMO9FEC-FC65-8D4E-412E-0000000009E8}",264200,"2023-06-22 00:00","HX1 5QT","S","N","F","86","","DEMO STREET","","HALIFAX","CALDERDALE","WEST YORKSHIRE","A","A"
"{DEMO6DE2-B84B-8CB7-8FD3-0000000009E9}",176700,"2023-06-22 00:00","HX2 8WY","D","N","F","90","","DEMO STREET","","HALIFAX","CALDERDALE","WEST YORKSHIRE","A","A"
"{DEMOC84F-F367-2A6D-E38E-0000000009EA}",108000,"2023-06-23 00:00","HX5 9AS","T","N","F","51","","DEMO STREET","","HALIFAX","CALDERDALE","WEST YORKSHIRE","A","A"
"{DEMO3476-4A93-F28B-25F9-0000000009EB}",200900,"2023-06-23 00:00","HX3 3JH","S","N","F","65","","DEMO STREET","","HALIFAX","CALDERDALE","WEST YORKSHIRE","A","A"
"{DEMOD3B9-2E73-5B3A-E17D-0000000009EC}",103900,"2023-06-23 00:00","HX6 7FQ","F","N","L","82","","DEMO STREET","","HALIFAX","CALDERDALE","WEST YORKSHIRE","A","A"
"{DEMO6A3C-56E9-ECD9-B6A3-0000000009ED}",237000,"2023-06-25 00:00","HX2 0TJ","T","N","F","96","","DEMO STREET","","HALIFAX","CALDERDALE","WEST YORKSHIRE","A","A"
"{DEMO4D91-166A-EA17-5689-0000000009EE}",250300,"2023-06-26 00:00","HX6 7PY","S","N","F","53","","DEMO STREET","","HALIFAX","CALDERDALE","WEST YORKSHIRE","A","A"
"{DEMOE04B-AFBB-4B1A-38FF-0000000009EF}",153500,"2023-06-27 00:00","HX5 9PL","F","N","L","78","","DEMO STREET","","HALIFAX","CALDERDALE","WEST YORKSHIRE","A","A"
"{DEMO8F46-D4D7-1BB4-EC18-0000000009F0}",1621500,"2023-06-27 00:00","HX7 3GB","D","N","F","4","","DEMO STREET","","HALIFAX","CALDERDALE","WEST YORKSHIRE","A","A"
"{DEMOF2D7-5D79-B11E-B38E-0000000009F1}",101600,"2023-06-28 00:00","HX2 9RZ","S","N","F","64","","DEMO STREET","","HALIFAX","CALDERDALE","WEST YORKSHIRE","A","A"
"{DEMO529E-04D0-AACF-B95C-0000000009F2}",67900,"2023-07-01 00:00","HX7 6PZ","S","N","F","30","","DEMO STREET","","HALIFAX","CALDERDALE","WEST YORKSHIRE","A","A"
"{DEMO71EF-D267-A700-CD18-0000000009F3}",288800,"2023-07-01 00:00","HX3 4HB","S","N","F","36","","DEMO STREET","","HALIFAX","CALDERDALE","WEST YORKSHIRE","A","A"
"{DEMO8950-798C-8E0E-714E-0000000009F4}",79800,"2023-07-02 00:00","HX3 8FY","S","N","F","95","","DEMO STREET","","HALIFAX","CALDERDALE","WEST YORKSHIRE","A","A"
"{DEMOF09C-3354-6E8F-5D83-0000000009F5}",117800,"2023-07-02 00:00","HX6 6XZ","D","N","F","1","","DEMO STREET","","HALIFAX","CALDERDALE","WEST YORKSHIRE","A","A"
"{DEMOA73A-3A16-D430-F6D8-0000000009F6}",132400,"2023-07-02 00:00","HX3 1TU","T","N","F","107","","DEMO STREET","","HALIFAX","CALDERDALE","WEST YORKSHIRE","A","A"
"{DEMOD2A5-5FBE-826A-909E-0000000009F7}",154300,"2023-07-03 00:00","HX7 9DR","T","N","F","69","","DEMO STREET","","HALIFAX","CALDERDALE","WEST YORKSHIRE","A","A"
"{DEMO3849-9CAE-957D-4870-0000000009F8}",41000,"2023-07-04 00:00","HX6 0FP","T","N","F","46","","DEMO STREET","","HALIFAX","CALDERDALE","WEST YORKSHIRE","A","A"
"{DEMO1CB5-E528-361D-0DCB-0000000009F9}",203800,"2023-07-05 00:00","HX3 8FY","T","N","F","3","","DEMO STREET","","HALIFAX","CALDERDALE","WEST YORKSHIRE","A","A"
"{DEMO11B9-A97A-41D3-F283-0000000009FA}",221300,"2023-07-05 00:00","HX5 8ZN","S","N","F","91","","DEMO STREET","","HALIFAX","CALDERDALE","WEST YORKSHIRE","A","A"
"{DEMO8831-D954-A858-26DA-0000000009FB}",113500,"2023-07-05 00:00","HX6 8XR","D","N","F","55","","DEMO STREET","","HALIFAX","CALDERDALE","WEST YORKSHIRE","A","A"
"{DEMOD6E0-CF85-E799-2D05-0000000009FC}",121600,"2023-07-05 00:00","HX3 3DN","S","N","F","73","","DEMO STREET","","HALIFAX","CALDERDALE","WEST YORKSHIRE","A","A"
"{DEMOC997-B618-836D-B4CE-0000000009FD}",131300,"2023-07-06 00:00","HX4 0AS","F","N","L","39","","DEMO STREET","","HALIFAX","CALDERDALE","WEST YORKSHIRE","A","A"
"{DEMO3155-B357-269D-7629-0000000009FE}",237900,"2023-07-06 00:00","HX1 6SP","F","N","L","30","","DEMO STREET","","HALIFAX","CALDERDALE","WEST YORKSHIRE","A","A"
"{DEMO980A-1FAF-CBD5-265F-0000000009FF}",123800,"2023-07-06 00:00","HX3 6AR","S","N","F","36","","DEMO STREET","","HALIFAX","CALDERDALE","WEST YORKSHIRE","A","A"
"{DEMO8A66-4D27-E6D6-4019-000000000A00}",42400,"2023-07-07 00:00","HX3 4ZD","S","N","F","60","","DEMO STREET","","HALIFAX","CALDERDALE","WEST YORKSHIRE","A","A"
"{DEMO5DDC-0A88-7A8F-72EC-000000000A01}",256900,"2023-07-08 00:00","HX6 5WE","D","N","F","74","","DEMO STREET","","HALIFAX","CALDERDALE","WEST YORKSHIRE","A","A"
"{DEMOAFF2-29D0-E7E7-AAF6-000000000A02}",204400,"2023-07-08 00:00","HX3 5TA","F","N","L","7","","DEMO STREET","","HALIFAX","CALDERDALE","WEST YORKSHIRE","A","A"
"{DEMOF499-3D69-90CF-2480-000000000A03}",105800,"2023-07-09 00:00","HX5 0EG","D","N","F","112","","DEMO STREET","","HALIFAX","CALDERDALE","WEST YORKSHIRE","A","A"
"{DEMO5FF6-2E2A-8BBD-5FFB-000000000A04}",202700,"2023-07-09 00:00","HX1 9QZ","F","Y","L","15","","DEMO STREET","","HALIFAX","CALDERDALE","WEST YORKSHIRE","A","A"
"{DEMO68F9-F8A6-41BC-C090-000000000A05}",285100,"2023-07-10 00:00","HX3 1AT","S","N","F","14","","DEMO STREET","","HALIFAX","CALDERDALE","WEST YORKSHIRE","A","A"
"{DEMO50DA-E84F-EC92-0BC7-000000000A06}",159200,"2023-07-10 00:00","HX7 6DD","D","N","F","23","","DEMO STREET","","HALIFAX","CALDERDALE","WEST YORKSHIRE","A","A"
"{DEMOED28-765A-36AE-361A-000000000A07}",151400,"2023-07-10 00:00","HX3 2RS","S","N","F","31","","DEMO STREET","","HALIFAX","CALDERDALE","WEST YORKSHIRE","A","A"
"{DEMO62F6-1E38-63A9-9C7E-000000000A08}",45900,"2023-07-10 00:00","HX4 6XY","F","N","L","100","","DEMO STREET","","HALIFAX","CALDERDALE","WEST YORKSHIRE","A","A"
"{DEMO6349-E12B-C062-7585-000000000A09}",135800,"2023-07-10 00:00","HX2 3UJ","D","N","F","65","","DEMO STREET","","HALIFAX","CALDERDALE","WEST YORKSHIRE","A","A"
"{DEMO3B09-26F7-B341-1F5D-000000000A0A}",163200,"2023-07-11 00:00","HX1 1ET","T","N","F","70","","DEMO STREET","","HALIFAX","CALDERDALE","WEST YORKSHIRE","A","A"
"{DEMO6DB8-7B78-F732-7809-000000000A0B}",116300,"2023-07-11 00:00","HX3 3JH","D","N","F","64","","DEMO STREET","","HALIFAX","CALDERDALE","WEST YORKSHIRE","A","A"
"{DEMOD219-3460-1EEB-D32A-000000000A0C}",87000,"2023-07-11 00:00","HX5 4WW","F","N","L","111","","DEMO STREET","","HALIFAX","CALDERDALE","WEST YORKSHIRE","A","A"
"{DEMO46C2-4B95-8D41-C5B8-000000000A0D}",106100,"2023-07-11 00:00","HX4 7QJ","T","N","F","14","","DEMO STREET","","HALIFAX","CALDERDALE","WEST YORKSHIRE","A","A"
"{DEMOC3BF-B7A2-054B-6D44-000000000A0E}",39500,"2023-07-12 00:00","HX6 8TJ","S","N","F","112","","DEMO STREET","","HALIFAX","CALDERDALE","WEST YORKSHIRE","A","A"
"{DEMOAF98-001A-0F0D-C737-000000000A0F}",262500,"2023-07-12 00:00","HX6 9ET","T","N","F","89","","DEMO STREET","","HALIFAX","CALDERDALE","WEST YORKSHIRE","A","A"
"{DEMO6685-FBD9-B49E-CCC5-000000000A10}",63300,"2023-07-12 00:00","HX1 8UY","T","N","F","48","","DEMO STREET","","HALIFAX","CALDERDALE","WEST YORKSHIRE","A","A"
"{DEMO8EFF-3920-973F-52F9-000000000A11}",529600,"2023-07-14 00:00","HX3 7LQ","S","N","F","35","","DEMO STREET","","HALIFAX","CALDERDALE","WEST YORKSHIRE","A","A"
"{DEMO914D-973E-4FEB-3547-000000000A12}",176100,"2023-07-15 00:00","HX3 8FY","S","N","F","100","","DEMO STREET","","HALIFAX","CALDERDALE","WEST YORKSHIRE","A","A"
"{DEMO966A-E02D-9805-7448-000000000A13}",59500,"2023-07-16 00:00","HX7 3UY","T","N","F","4","","DEMO STREET","","HALIFAX","CALDERDALE","WEST YORKSHIRE","A","A"
"{DEMODD99-DA89-F238-446B-000000000A14}",176100,"2023-07-16 00:00","HX4 6QX","D","N","F","10","","DEMO STREET","","HALIFAX","CALDERDALE","WEST YORKSHIRE","A","A"
"{DEMOB64A-EB6B-361C-B2DE-000000000A15}",132400,"2023-07-16 00:00","HX3 6RQ","T","N","F","7","","DEMO STREET","","HALIFAX","CALDERDALE","WEST YORKSHIRE","A","A"
"{DEMOBC5D-2073-8788-A93A-000000000A16}",877000,"2023-07-17 00:00","HX2 6BZ","S","N","F","119","","DEMO STREET","","HALIFAX","CALDERDALE","WEST YORKSHIRE","A","A"
"{DEMO2653-4356-E0C7-1A2F-000000000A17}",269500,"2023-07-17 00:00","HX7 8TS","T","N","F","16","","DEMO STREET","","HALIFAX","CALDERDALE","WEST YORKSHIRE","A","A"
"{DEMO9053-F1A5-128D-0075-000000000A18}",342600,"2023-07-17 00:00","HX5 2FY","F","N","L","47","","DEMO STREET","","HALIFAX","CALDERDALE","WEST YORKSHIRE","A","A"
"{DEMOE851-9867-568D-74E7-000000000A19}",202200,"2023-07-18 00:00","HX3 4HB","S","N","F","41","","DEMO STREET","","HALIFAX","CALDERDALE","WEST YORKSHIRE","A","A"
"{DEMO4A09-4FA1-B631-BAD6-000000000A1A}",75100,"2023-07-19 00:00","HX3 2AP","D","N","F","7","","DEMO STREET","","HALIFAX","CALDERDALE","WEST YORKSHIRE","A","A"
"{DEMO2C9E-E1B2-47A9-6257-000000000A1B}",74700,"2023-07-20 00:00","HX3 1LT","S","N","F","81","","DEMO STREET","","HALIFAX","CALDERDALE","WEST YORKSHIRE","A","A"
"{DEMO4274-18E9-8A29-C1FC-000000000A1C}",339900,"2023-07-22 00:00","HX4 0WL","T","N","F","5","","DEMO STREET","","HALIFAX","CALDERDALE","WEST YORKSHIRE","A","A"
"{DEMO791F-FE49-461E-CB96-000000000A1D}",210400,"2023-07-22 00:00","HX1 5ZU","D","N","F","107","","DEMO STREET","","HALIFAX","CALDERDALE","WEST YORKSHIRE","A","A"
"{DEMO2BBD-EC03-B6EF-D0C5-000000000A1E}",91000,"2023-07-22 00:00","HX1 9JZ","S","Y","F","21","","DEMO STREET","","HALIFAX","CALDERDALE","WEST YORKSHIRE","A","A"
"{DEMO6135-5C5A-7150-5255-000000000A1F}",40200,"2023-07-23 00:00","HX4 5AB","S","N","F","45","","DEMO STREET","","HALIFAX","CALDERDALE","WEST YORKSHIRE","A","A"
"{DEMO2EDA-98C2-9169-BEB3-000000000A20}",669900,"2023-07-23 00:00","HX2 7JY","S","N","F","61","","DEMO STREET","","HALIFAX","CALDERDALE","WEST YORKSHIRE","A","A"
"{DEMO8ABF-30F9-D96F-E189-000000000A21}",49200,"2023-07-23 00:00","HX5 4WY","S","N","F","38","","DEMO STREET","","HALIFAX","CALDERDALE","WEST YORKSHIRE","A","A"
"{DEMOE46F-860A-E9D7-759C-000000000A22}",60900,"2023-07-25 00:00","HX4 3WF","S","N","F","50","","DEMO STREET","","HALIFAX","CALDERDALE","WEST YORKSHIRE","A","A"
"{DEMO4E9E-15D4-5742-6F55-000000000A23}",62600,"2023-07-25 00:00","HX2 5DY","T","N","F","65","","DEMO STREET","","HALIFAX","CALDERDALE","WEST YORKSHIRE","A","A"
"{DEMOA28A-F5A4-6EA9-E8E7-000000000A24}",84400,"2023-07-26 00:00","HX3 3JH","T","N","F","75","","DEMO STREET","","HALIFAX","CALDERDALE","WEST YORKSHIRE","A","A"
"{DEMOB993-4C16-38C9-B436-000000000A25}",102200,"2023-07-26 00:00","HX5 9ZG","S","N","F","73","","DEMO STREET","","HALIFAX","CALDERDALE","WEST YORKSHIRE","A","A"
"{DEMO0753-150E-88B8-1497-000000000A26}",93700,"2023-07-27 00:00","HX4 7HQ","S","N","F","26","","DEMO STREET","","HALIFAX","CALDERDALE","WEST YORKSHIRE","A","A"
"{DEMOC136-D01C-56DA-387A-000000000A27}",123000,"2023-07-27 00:00","HX3 5QY","T","N","F","84","","DEMO STREET","","HALIFAX","CALDERDALE","WEST YORKSHIRE","A","A"
"{DEMO47E3-BDE1-7555-9351-000000000A28}",327900,"2023-07-27 00:00","HX2 9WA","T","N","F","75","","DEMO STREET","","HALIFAX","CALDERDALE","WEST YORKSHIRE","A","A"
"{DEMOE72A-E3D9-77DB-AD21-000000000A29}",74200,"2023-07-28 00:00","HX6 8FQ","S","N","F","23","","DEMO STREET","","HALIFAX","CALDERDALE","WEST YORKSHIRE","A","A"
"{DEMO8145-EE31-7313-09C1-000000000A2A}",49500,"2023-07-28 00:00","HX4 0YZ","S","N","F","63","","DEMO STREET","","HALIFAX","CALDERDALE","WEST YORKSHIRE","A","A"
"{DEMO9419-008F-3B96-C7B4-000000000A2B}",354700,"2023-08-01 00:00","HX2 0PG","D","N","F","27","","DEMO STREET","","HALIFAX","CALDERDALE","WEST YORKSHIRE","A","A"
"{DEMOC879-2990-3843-B2F8-000000000A2C}",107800,"2023-08-01 00:00","HX2 4JQ","S","N","F","17","","DEMO STREET","","HALIFAX","CALDERDALE","WEST YORKSHIRE","A","A"
"{DEMO085F-E5B4-585C-13B9-000000000A2D}",60200,"2023-08-02 00:00","HX1 7NQ","S","N","F","116","","DEMO STREET","","HALIFAX","CALDERDALE","WEST YORKSHIRE","A","A"
"{DEMO5535-607C-F05F-7535-000000000A2E}",89000,"2023-08-03 00:00","HX2 4AU","D","N","F","61","","DEMO STREET","","HALIFAX","CALDERDALE","WEST YORKSHIRE","A","A"
"{DEMO05A6-841D-4295-D316-000000000A2F}",57900,"2023-08-04 00:00","HX2 7HD","D","N","F","76","","DEMO STREET","","HALIFAX","CALDERDALE","WEST YORKSHIRE","A","A"
"{DEMO853F-1ABB-2640-1A12-000000000A30}",91600,"2023-08-05 00:00","HX3 4FW","S","N","F","104","","DEMO STREET","","HALIFAX","CALDERDALE","WEST YORKSHIRE","A","A"
"{DEMO54E5-4545-D162-8969-000000000A31}",115600,"2023-08-05 00:00","HX7 6UU","T","N","F","2","","DEMO STREET","","HALIFAX","CALDERDALE","WEST YORKSHIRE","A","A"
"{DEMO18AE-6C26-1AFC-CA82-000000000A32}",262800,"2023-08-05 00:00","HX2 9WA","D","N","F","99","","DEMO STREET","","HALIFAX","CALDERDALE","WEST YORKSHIRE","A","A"
"{DEMO4647-A431-D919-BBCC-000000000A33}",297600,"2023-08-05 00:00","HX6 1BA","S","Y","F","14","","DEMO STREET","","HALIFAX","CALDERDALE","WEST YORKSHIRE","A","A"
"{DEMOEB2F-17B6-024F-F0B9-000000000A34}",176800,"2023-08-06 00:00","HX7 6WW","S","N","F","21","","DEMO STREET","","HALIFAX","CALDERDALE","WEST YORKSHIRE","A","A"
"{DEMO692A-123A-9FAF-1E1F-000000000A35}",276800,"2023-08-06 00:00","HX2 9WA","T","N","F","1","","DEMO STREET","","HALIFAX","CALDERDALE","WEST YORKSHIRE","A","A"
"{DEMO7A53-7292-A928-51D5-000000000A36}",203000,"2023-08-06 00:00","HX1 3ZW","D","N","F","79","","DEMO STREET","","HALIFAX","CALDERDALE","WEST YORKSHIRE","A","A"
"{DEMO0282-6D1A-59BB-3183-000000000A37}",234700,"2023-08-07 00:00","HX6 4JU","S","N","F","76","","DEMO STREET","","HALIFAX","CALDERDALE","WEST YORKSHIRE","A","A"
"{DEMO40CF-7BB0-1C28-147B-000000000A38}",118700,"2023-08-07 00:00","HX1 1EL","D","N","F","23","","DEMO STREET","","HALIFAX","CALDERDALE","WEST YORKSHIRE","A","A"
"{DEMO3C66-47FC-7D31-FD66-000000000A39}",187400,"2023-08-10 00:00","HX1 0XE","F","N","L","80","","DEMO STREET","","HALIFAX","CALDERDALE","WEST YORKSHIRE","A","A"
"{DEMO2988-DA70-15E4-00B8-000000000A3A}",88700,"2023-08-10 00:00","HX7 6DD","F","N","L","96","","DEMO STREET","","HALIFAX","CALDERDALE","WEST YORKSHIRE","A","A"
"{DEMO720F-EA4F-B88A-7A3C-000000000A3B}",89500,"2023-08-11 00:00","HX7 6DD","S","N","F","36","","DEMO STREET","","HALIFAX","CALDERDALE","WEST YORKSHIRE","A","A"
"{DEMOFE9F-E528-11A1-C0BB-000000000A3C}",128900,"2023-08-11 00:00","HX2 9YW","S","N","F","114","","DEMO STREET","","HALIFAX","CALDERDALE","WEST YORKSHIRE","A","A"
"{DEMO6DCA-D2D7-955E-154D-000000000A3D}",178400,"2023-08-12 00:00","HX1 9UU","T","N","F","118","","DEMO STREET","","HALIFAX","CALDERDALE","WEST YORKSHIRE","A","A"
"{DEMO1E73-4C3F-55E5-688B-000000000A3E}",161200,"2023-08-12 00:00","HX1 0ZA","S","N","F","65","","DEMO STREET","","HALIFAX","CALDERDALE","WEST YORKSHIRE","A","A"
"{DEMOBD07-9A73-6FA4-DE96-000000000A3F}",37200,"2023-08-13 00:00","HX7 4DP","S","N","F","73","","DEMO STREET","","HALIFAX","CALDERDALE","WEST YORKSHIRE","A","A"
"{DEMO506B-025C-FB26-3401-000000000A40}",154000,"2023-08-13 00:00","HX4 4SQ","S","Y","F","12","","DEMO STREET","","HALIFAX","CALDERDALE","WEST YORKSHIRE","A","A"
"{DEMOD639-C1AD-12D9-7DF9-000000000A41}",214700,"2023-08-14 00:00","HX1 5ZU","S","N","F","34","","DEMO STREET","","HALIFAX","CALDERDALE","WEST YORKSHIRE","A","A"
"{DEMO1D50-D3EF-907C-44F3-000000000A42}",232200,"2023-08-15 00:00","HX2 1LH","D","N","F","67","","DEMO STREET","","HALIFAX","CALDERDALE","WEST YORKSHIRE","A","A"
"{DEMO2FD2-21B4-E4EF-C001-000000000A43}",559400,"2023-08-16 00:00","HX7 2SW","S","N","F","86","","DEMO STREET","","HALIFAX","CALDERDALE","WEST YORKSHIRE","A","A"
"{DEMOCA2D-B7F0-0165-7529-000000000A44}",83200,"2023-08-19 00:00","HX2 1WY","T","N","F","73","","DEMO STREET","","HALIFAX","CALDERDALE","WEST YORKSHIRE","A","A"
"{DEMO7644-28C1-0195-74B3-000000000A45}",116600,"2023-08-20 00:00","HX6 9UT","T","N","F","45","","DEMO STREET","","HALIFAX","CALDERDALE","WEST YORKSHIRE","A","A"
"{DEMOAA33-E83F-A7A5-874A-000000000A46}",164800,"2023-08-20 00:00","HX2 6BE","D","N","F","6","","DEMO STREET","","HALIFAX","CALDERDALE","WEST YORKSHIRE","A","A"
"{DEMO3055-71FC-479C-8CD3-000000000A47}",79900,"2023-08-20 00:00","HX6 7HR","T","N","F","4","","DEMO STREET","","HALIFAX","CALDERDALE","WEST YORKSHIRE","A","A"
"{DEMOAB2C-AD6A-DF49-3492-000000000A48}",39500,"2023-08-20 00:00","HX7 9JS","D","N","F","5","","DEMO STREET","","HALIFAX","CALDERDALE","WEST YORKSHIRE","A","A"
"{DEMODC20-A9F1-32ED-716B-000000000A49}",95600,"2023-08-21 00:00","HX1 6SG","T","N","F","67","","DEMO STREET","","HALIFAX","CALDERDALE","WEST YORKSHIRE","A","A"
"{DEMOBE7F-2C9E-7B58-45C1-000000000A4A}",58200,"2023-08-21 00:00","HX3 8SW","F","N","L","89","","DEMO STREET","","HALIFAX","CALDERDALE","WEST YORKSHIRE","A","A"
"{DEMOD835-2F61-24CF-C3B2-000000000A4B}",222300,"2023-08-21 00:00","HX6 4ZZ","D","N","F","42","","DEMO STREET","","HALIFAX","CALDERDALE","WEST YORKSHIRE","A","A"
"{DEMO201D-A332-083F-711F-000000000A4C}",99900,"2023-08-25 00:00","HX5 3PY","S","N","F","29","","DEMO STREET","","HALIFAX","CALDERDALE","WEST YORKSHIRE","A","A"
"{DEMOD297-78D7-2E43-2CE1-000000000A4D}",104300,"2023-08-26 00:00","HX3 8WW","F","N","L","86","","DEMO STREET","","HALIFAX","CALDERDALE","WEST YORKSHIRE","A","A"
"{DEMOD312-E086-AB51-04AE-000000000A4E}",110400,"2023-08-26 00:00","HX4 0TZ","S","N","F","1","","DEMO STREET","","HALIFAX","CALDERDALE","WEST YORKSHIRE","A","A"
"{DEMO944E-45C0-33D8-570C-000000000A4F}",70400,"2023-08-26 00:00","HX6 5XD","S","N","F","65","","DEMO STREET","","HALIFAX","CALDERDALE","WEST YORKSHIRE","A","A"
"{DEMOAA9F-F2CC-913E-F8A1-000000000A50}",36600,"2023-08-27 00:00","HX4 5QL","D","N","F","71","","DEMO STREET","","HALIFAX","CALDERDALE","WEST YORKSHIRE","A","A"
"{DEMO06A3-A40C-C7C0-5698-000000000A51}",108700,"2023-08-28 00:00","HX3 8WA","D","N","F","45","","DEMO STREET","","HALIFAX","CALDERDALE","WEST YORKSHIRE","A","A"
"{DEMO0B08-87E8-49B0-C1F6-000000000A52}",219900,"2023-08-28 00:00","HX6 8ZZ","S","N","F","26","","DEMO STREET","","HALIFAX","CALDERDALE","WEST YORKSHIRE","A","A"
"{DEMOAEC4-4B7C-E1BB-7BC1-000000000A53}",94000,"2023-09-01 00:00","HX4 4SQ","T","N","F","6","","DEMO STREET","","HALIFAX","CALDERDALE","WEST YORKSHIRE","A","A"
"{DEMO9C24-4743-6627-D330-000000000A54}",170600,"2023-09-02 00:00","HX6 8WY","D","N","F","30","","DEMO STREET","","HALIFAX","CALDERDALE","WEST YORKSHIRE","A","A"
"{DEMO6C9D-F89E-3EA2-0A9B-000000000A55}",87600,"2023-09-02 00:00","HX3 2RS","F","N","L","35","","DEMO STREET","","HALIFAX","CALDERDALE","WEST YORKSHIRE","A","A"
"{DEMO9117-52C3-C06F-F965-000000000A56}",320900,"2023-09-03 00:00","HX5 5PW","F","N","L","50","","DEMO STREET","","HALIFAX","CALDERDALE","WEST YORKSHIRE","A","A"
"{DEMOE6CD-69E9-0D0A-836C-000000000A57}",239700,"2023-09-03 00:00","HX2 1ZA","D","N","F","50","","DEMO STREET","","HALIFAX","CALDERDALE","WEST YORKSHIRE","A","A"
"{DEMO5AA4-2692-17A4-534D-000000000A58}",40500,"2023-09-03 00:00","HX6 3FB","T","N","F","41","","DEMO STREET","","HALIFAX","CALDERDALE","WEST YORKSHIRE","A","A"
"{DEMODC79-A285-DBE8-184E-000000000A59}",59800,"2023-09-06 00:00","HX4 1UA","D","N","F","15","","DEMO STREET","","HALIFAX","CALDERDALE","WEST YORKSHIRE","A","A"
"{DEMOF2D6-BC7F-AB19-5547-000000000A5A}",139100,"2023-09-06 00:00","HX4 0YZ","T","N","F","54","","DEMO STREET","","HALIFAX","CALDERDALE","WEST YORKSHIRE","A","A"
"{DEMO3E42-FD25-AE43-BB19-000000000A5B}",241600,"2023-09-08 00:00","HX4 5JJ","S","N","F","8","","DEMO STREET","","HALIFAX","CALDERDALE","WEST YORKSHIRE","A","A"
"{DEMO9C66-55DC-6772-DC6E-000000000A5C}",192000,"2023-09-08 00:00","HX5 2HR","D","N","F","54","","DEMO STREET","","HALIFAX","CALDERDALE","WEST YORKSHIRE","A","A"
"{DEMO8534-6EE9-5128-F2D9-000000000A5D}",198900,"2023-09-08 00:00","HX5 9PX","T","N","F","62","","DEMO STREET","","HALIFAX","CALDERDALE","WEST YORKSHIRE","A","A"
"{DEMO8065-902D-FE47-D3F8-000000000A5E}",97400,"2023-09-08 00:00","HX4 8LU","T","N","F","92","","DEMO STREET","","HALIFAX","CALDERDALE","WEST YORKSHIRE","A","A"
"{DEMOF9C1-F743-CD23-7B3D-000000000A5F}",123700,"2023-09-09 00:00","HX6 3QE","S","N","F","74","","DEMO STREET","","HALIFAX","CALDERDALE","WEST YORKSHIRE","A","A"
"{DEMOFAB6-4228-099C-AB61-000000000A60}",133300,"2023-09-10 00:00","HX6 9UT","D","N","F","43","","DEMO STREET","","HALIFAX","CALDERDALE","WEST YORKSHIRE","A","A"
"{DEMOE9F8-19DE-E49A-6E9A-000000000A61}",80600,"2023-09-10 00:00","HX4 6XY","D","N","F","60","","DEMO STREET","","HALIFAX","CALDERDALE","WEST YORKSHIRE","A","A"
"{DEMO7DF2-BB80-85B8-B0F0-000000000A62}",561800,"2023-09-11 00:00","HX3 8QF","T","N","F","20","","DEMO STREET","","HALIFAX","CALDERDALE","WEST YORKSHIRE","A","A"
"{DEMO3AD3-5741-6261-13C1-000000000A63}",164800,"2023-09-11 00:00","HX6 9RL","S","N","F","28","","DEMO STREET","","HALIFAX","CALDERDALE","WEST YORKSHIRE","A","A"
"{DEMO8DBB-FB5E-70E3-5E96-000000000A64}",32600,"2023-09-12 00:00","HX6 8FQ","D","N","F","10","","DEMO STREET","","HALIFAX","CALDERDALE","WEST YORKSHIRE","A","A"
"{DEMO7B9F-16E7-5B88-81A9-000000000A65}",211600,"2023-09-13 00:00","HX4 1PQ","T","N","F","17","","DEMO STREET","","HALIFAX","CALDERDALE","WEST YORKSHIRE","A","A"
"{DEMO101F-7515-1D21-2DB3-000000000A66}",88900,"2023-09-14 00:00","HX6 5QR","T","N","F","118","","DEMO STREET","","HALIFAX","CALDERDALE","WEST YORKSHIRE","A","A"
"{DEMOBB35-9737-E8FA-995B-000000000A67}",78000,"2023-09-14 00:00","HX2 6JG","D","N","F","53","","DEMO STREET","","HALIFAX","CALDERDALE","WEST YORKSHIRE","A","A"
"{DEMO9254-A509-5F44-32F9-000000000A68}",132100,"2023-09-15 00:00","HX6 6AH","S","N","F","7","","DEMO STREET","","HALIFAX","CALDERDALE","WEST YORKSHIRE","A","A"
"{DEMO9E84-1E04-4A65-8516-000000000A69}",236700,"2023-09-15 00:00","HX5 9ZG","T","N","F","93","","DEMO STREET","","HALIFAX","CALDERDALE","WEST YORKSHIRE","A","A"
"{DEMO37FC-DA93-E383-557D-000000000A6A}",108500,"2023-09-18 00:00","HX5 8PW","F","N","L","32","","DEMO STREET","","HALIFAX","CALDERDALE","WEST YORKSHIRE","A","A"
"{DEMOCED7-DEAD-4614-872F-000000000A6B}",180800,"2023-09-19 00:00","HX4 4BU","T","N","F","98","","DEMO STREET","","HALIFAX","CALDERDALE","WEST YORKSHIRE","A","A"
"{DEMO7CC7-A82D-EC18-1A65-000000000A6C}",246000,"2023-09-19 00:00","HX7 8GY","S","N","F","27","","DEMO STREET","","HALIFAX","CALDERDALE","WEST YORKSHIRE","A","A"
"{DEMOA632-29E5-5B1E-FA02-000000000A6D}",411900,"2023-09-20 00:00","HX1 5ZU","F","N","L","97","","DEMO STREET","","HALIFAX","CALDERDALE","WEST YORKSHIRE","A","A"
"{DEMOBA0A-527B-719B-8B79-000000000A6E}",33200,"2023-09-20 00:00","HX4 6PW","F","N","L","80","","DEMO STREET","","HALIFAX","CALDERDALE","WEST YORKSHIRE","A","A"
"{DEMOA185-1C5D-A051-AF42-000000000A6F}",71500,"2023-09-20 00:00","HX5 0RE","T","N","F","68","","DEMO STREET","","HALIFAX","CALDERDALE","WEST YORKSHIRE","A","A"
"{DEMOF3EF-A9A6-12D5-DEB8-000000000A70}",105200,"2023-09-21 00:00","HX6 8GE","T","N","F","2","","DEMO STREET","","HALIFAX","CALDERDALE","WEST YORKSHIRE","A","A"
"{DEMO337C-F068-B22C-E46A-000000000A71}",127500,"2023-09-21 00:00","HX1 0ZA","F","N","L","59","","DEMO STREET","","HALIFAX","CALDERDALE","WEST YORKSHIRE","A","A"
"{DEMO4E97-4C79-C0DA-9E77-000000000A72}",263700,"2023-09-22 00:00","HX4 4SE","T","N","F","44","","DEMO STREET","","HALIFAX","CALDERDALE","WEST YORKSHIRE","A","A"
"{DEMOCC4B-585A-A928-33D4-000000000A73}",63800,"2023-09-22 00:00","HX7 7LP","T","N","F","12","","DEMO STREET","","HALIFAX","CALDERDALE","WEST YORKSHIRE","A","A"
"{DEMOF8F4-AB88-E19B-DA7A-000000000A74}",217200,"2023-09-22 00:00","HX3 1PS","S","N","F","59","","DEMO STREET","","HALIFAX","CALDERDALE","WEST YORKSHIRE","A","A"
"{DEMO65CB-DCFA-D64B-775A-000000000A75}",75600,"2023-09-23 00:00","HX5 4WY","D","N","F","33","","DEMO STREET","","HALIFAX","CALDERDALE","WEST YORKSHIRE","A","A"
"{DEMOFF5F-B267-EEBF-7881-000000000A76}",109500,"2023-09-24 00:00","HX1 3NE","S","N","F","109","","DEMO STREET","","HALIFAX","CALDERDALE","WEST YORKSHIRE","A","A"
"{DEMO57A4-4128-71D0-56F2-000000000A77}",225300,"2023-09-24 00:00","HX3 2QF","D","N","F","22","","DEMO STREET","","HALIFAX","CALDERDALE","WEST YORKSHIRE","A","A"
"{DEMODA6F-05EB-1932-31AE-000000000A78}",424600,"2023-09-24 00:00","HX4 5PF","S","N","F","1","","DEMO STREET","","HALIFAX","CALDERDALE","WEST YORKSHIRE","A","A"
"{DEMO75A9-8C3A-B9B7-0EC1-000000000A79}",338800,"2023-09-25 00:00","HX6 9EY","F","N","L","16","","DEMO STREET","","HALIFAX","CALDERDALE","WEST YORKSHIRE","A","A"
"{DEMO5610-3321-BD25-F4CB-000000000A7A}",49600,"2023-09-25 00:00","HX5 9ND","S","N","F","14","","DEMO STREET","","HALIFAX","CALDERDALE","WEST YORKSHIRE","A","A"
"{DEMO5DC6-D798-7D2D-8CF9-000000000A7B}",43800,"2023-09-26 00:00","HX5 3HD","F","N","L","12","","DEMO STREET","","HALIFAX","CALDERDALE","WEST YORKSHIRE","A","A"
"{DEMOFC6B-6F25-5063-9932-000000000A7C}",193300,"2023-09-26 00:00","HX7 2UH","D","N","F","85","","DEMO STREET","","HALIFAX","CALDERDALE","WEST YORKSHIRE","A","A"
"{DEMO22BB-B89F-1359-4B1E-000000000A7D}",185500,"2023-09-27 00:00","HX3 4FW","S","N","F","54","","DEMO STREET","","HALIFAX","CALDERDALE","WEST YORKSHIRE","A","A"
"{DEMOC313-61F2-912A-5E91-000000000A7E}",75100,"2023-10-02 00:00","HX5 3YW","S","N","F","4","","DEMO STREET","","HALIFAX","CALDERDALE","WEST YORKSHIRE","A","A"
"{DEMOA8A1-444D-9EB3-8EF4-000000000A7F}",252500,"2023-10-03 00:00","HX1 9HY","S","N","F","103","","DEMO STREET","","HALIFAX","CALDERDALE","WEST YORKSHIRE","A","A"
"{DEMO04C9-59F7-2F78-AA60-000000000A80}",320200,"2023-10-04 00:00","HX1 6DP","D","N","F","109","","DEMO STREET","","HALIFAX","CALDERDALE","WEST YORKSHIRE","A","A"
"{DEMODC1D-BB18-1750-2E54-000000000A81}",66800,"2023-10-04 00:00","HX6 1SG","T","N","F","22","","DEMO STREET","","HALIFAX","CALDERDALE","WEST YORKSHIRE","A","A"
"{DEMOC936-4DF9-0FC6-6F1C-000000000A82}",168400,"2023-10-04 00:00","HX7 3ZJ","T","Y","F","93","","DEMO STREET","","HALIFAX","CALDERDALE","WEST YORKSHIRE","A","A"
"{DEMOD847-8120-B7F6-478B-000000000A83}",113400,"2023-10-05 00:00","HX4 6TY","F","N","L","120","","DEMO STREET","","HALIFAX","CALDERDALE","WEST YORKSHIRE","A","A"
"{DEMO8119-1E4B-FC52-4B55-000000000A84}",482800,"2023-10-07 00:00","HX2 0LR","S","N","F","5","","DEMO STREET","","HALIFAX","CALDERDALE","WEST YORKSHIRE","A","A"
"{DEMOC9E6-6C51-DD84-C088-000000000A85}",63400,"2023-10-09 00:00","HX3 9FR","D","N","F","24","","DEMO STREET","","HALIFAX","CALDERDALE","WEST YORKSHIRE","A","A"
"{DEMO17C2-6A20-A68E-EA70-000000000A86}",79000,"2023-10-10 00:00","HX3 8QF","D","N","F","97","","DEMO STREET","","HALIFAX","CALDERDALE","WEST YORKSHIRE","A","A"
"{DEMO8444-B120-B197-CC2F-000000000A87}",184200,"2023-10-11 00:00","HX6 6AH","T","N","F","73","","DEMO STREET","","HALIFAX","CALDERDALE","WEST YORKSHIRE","A","A"
"{DEMO6CD7-9D73-DAFD-0E9C-000000000A88}",21100,"2023-10-11 00:00","HX2 4ZE","T","N","F","44","","DEMO STREET","","HALIFAX","CALDERDALE","WEST YORKSHIRE","A","A"
"{DEMO4551-5835-620B-23E0-000000000A89}",304500,"2023-10-11 00:00","HX1 0FT","D","Y","F","29","","DEMO STREET","","HALIFAX","CALDERDALE","WEST YORKSHIRE","A","A"
"{DEMO9D55-443B-2F33-539C-000000000A8A}",241000,"2023-10-12 00:00","HX6 9RL","T","N","F","91","","DEMO STREET","","HALIFAX","CALDERDALE","WEST YORKSHIRE","A","A"
"{DEMO6EBC-8A59-5AB0-FF36-000000000A8B}",181500,"2023-10-12 00:00","HX4 8PH","D","N","F","24","","DEMO STREET","","HALIFAX","CALDERDALE","WEST YORKSHIRE","A","A"
"{DEMOF806-1673-67AE-0FB3-000000000A8C}",206700,"2023-10-12 00:00","HX1 3HX","D","N","F","119","","DEMO STREET","","HALIFAX","CALDERDALE","WEST YORKSHIRE","A","A"
"{DEMO2671-014D-4C83-FA49-000000000A8D}",112700,"2023-10-13 00:00","HX7 3UQ","S","N","F","40","","DEMO STREET","","HALIFAX","CALDERDALE","WEST YORKSHIRE","A","A"
"{DEMO1A92-3537-F1F6-3C9A-000000000A8E}",148400,"2023-10-14 00:00","HX7 4YT","T","N","F","32","","DEMO STREET","","HALIFAX","CALDERDALE","WEST YORKSHIRE","A","A"
"{DEMO064F-1807-2AB7-D2E3-000000000A8F}",326900,"2023-10-14 00:00","HX7 4BH","T","N","F","98","","DEMO STREET","","HALIFAX","CALDERDALE","WEST YORKSHIRE","A","A"
"{DEMO8E99-DE5D-1061-1208-000000000A90}",44000,"2023-10-14 00:00","HX3 7ZE","D","N","F","64","","DEMO STREET","","HALIFAX","CALDERDALE","WEST YORKSHIRE","A","A"
"{DEMOCA11-5A1C-7E0A-138D-000000000A91}",171000,"2023-10-16 00:00","HX6 5WE","S","N","F","34","","DEMO STREET","","HALIFAX","CALDERDALE","WEST YORKSHIRE","A","A"
"{DEMO7C92-8208-003C-66C5-000000000A92}",294500,"2023-10-16 00:00","HX4 9WF","S","N","F","31","","DEMO STREET","","HALIFAX","CALDERDALE","WEST YORKSHIRE","A","A"
"{DEMO96DA-60D2-B6A9-6749-000000000A93}",223000,"2023-10-17 00:00","HX4 1WG","S","N","F","96","","DEMO STREET","","HALIFAX","CALDERDALE","WEST YORKSHIRE","A","A"
"{DEMO30AA-2C56-E9AC-2A22-000000000A94}",326200,"2023-10-18 00:00","HX2 9BW","S","N","F","37","","DEMO STREET","","HALIFAX","CALDERDALE","WEST YORKSHIRE","A","A"
"{DEMO6C23-35FF-3064-5BBE-000000000A95}",89400,"2023-10-18 00:00","HX5 5PW","F","N","L","56","","DEMO STREET","","HALIFAX","CALDERDALE","WEST YORKSHIRE","A","A"
"{DEMO72F0-75A6-CAE6-27EF-000000000A96}",85600,"2023-10-21 00:00","HX1 4HX","T","N","F","2","","DEMO STREET","","HALIFAX","CALDERDALE","WEST YORKSHIRE","A","A"
"{DEMO928E-4A5C-C62E-E6E2-000000000A97}",143200,"2023-10-21 00:00","HX3 3JH","T","N","F","116","","DEMO STREET","","HALIFAX","CALDERDALE","WEST YORKSHIRE","A","A"
"{DEMO5E89-7F8D-9D45-3DAF-000000000A98}",220100,"2023-10-24 00:00","HX5 6AY","T","N","F","107","","DEMO STREET","","HALIFAX","CALDERDALE","WEST YORKSHIRE","A","A"
"{DEMO4ACE-9ED2-CFCC-B5DD-000000000A99}",41400,"2023-10-24 00:00","HX3 7HX","S","N","F","99","","DEMO STREET","","HALIFAX","CALDERDALE","WEST YORKSHIRE","A","A"
"{DEMOEEF6-0A11-7263-DEB5-000000000A9A}",82400,"2023-10-24 00:00","HX1 2QT","T","N","F","86","","DEMO STREET","","HALIFAX","CALDERDALE","WEST YORKSHIRE","A","A"
"{DEMO90F2-EA4F-24EE-DABE-000000000A9B}",103000,"2023-10-26 00:00","HX6 8FQ","T","N","F","3","","DEMO STREET","","HALIFAX","CALDERDALE","WEST YORKSHIRE","A","A"
"{DEMO60AD-3E43-0C9D-22C4-000000000A9C}",195500,"2023-10-26 00:00","HX6 7GA","T","N","F","94","","DEMO STREET","","HALIFAX","CALDERDALE","WEST YORKSHIRE","A","A"
"{DEMO106D-280C-F59A-AB8A-000000000A9D}",84200,"2023-10-26 00:00","HX1 0DL","S","N","F","103","","DEMO STREET","","HALIFAX","CALDERDALE","WEST YORKSHIRE","A","A"
"{DEMO5056-09AA-3817-4BE6-000000000A9E}",143000,"2023-10-26 00:00","HX5 2FL","T","N","F","112","","DEMO STREET","","HALIFAX","CALDERDALE","WEST YORKSHIRE","A","A"
"{DEMO6676-3CD3-6AF1-0D12-000000000A9F}",43500,"2023-10-27 00:00","HX3 8ZZ","T","N","F","31","","DEMO STREET","","HALIFAX","CALDERDALE","WEST YORKSHIRE","A","A"
"{DEMO7FD9-5145-26F2-FC62-000000000AA0}",125600,"2023-10-27 00:00","HX2 1YE","D","N","F","22","","DEMO STREET","","HALIFAX","CALDERDALE","WEST YORKSHIRE","A","A"
"{DEMO1C58-C3DB-8687-4F87-000000000AA1}",83200,"2023-10-28 00:00","HX3 2SG","T","N","F","84","","DEMO STREET","","HALIFAX","CALDERDALE","WEST YORKSHIRE","A","A"
"{DEMOFAA1-429B-78E0-982C-000000000AA2}",128400,"2023-10-28 00:00","HX4 7HF","S","N","F","88","","DEMO STREET","","HALIFAX","CALDERDALE","WEST YORKSHIRE","A","A"
"{DEMOCFD7-00E3-660E-61F8-000000000AA3}",66800,"2023-11-01 00:00","HX6 7FQ","S","N","F","68","","DEMO STREET","","HALIFAX","CALDERDALE","WEST YORKSHIRE","A","A"
"{DEMO7978-62EA-5C86-FEAB-000000000AA4}",195100,"2023-11-01 00:00","HX7 4BH","F","N","L","62","","DEMO STREET","","HALIFAX","CALDERDALE","WEST YORKSHIRE","A","A"
"{DEMO8AD7-351E-B369-9858-000000000AA5}",93600,"2023-11-01 00:00","HX2 5NL","S","N","F","102","","DEMO STREET","","HALIFAX","CALDERDALE","WEST YORKSHIRE","A","A"
"{DEMOBAD1-C826-B7B5-2903-000000000AA6}",72600,"2023-11-02 00:00","HX5 2DJ","S","N","F","110","","DEMO STREET","","HALIFAX","CALDERDALE","WEST YORKSHIRE","A","A"
"{DEMOB587-4712-FD98-50EC-000000000AA7}",208200,"2023-11-02 00:00","HX3 2QF","S","N","F","92","","DEMO STREET","","HALIFAX","CALDERDALE","WEST YORKSHIRE","A","A"
"{DEMOBADD-063A-5362-200F-000000000AA8}",279500,"2023-11-02 00:00","HX3 7RP","D","Y","F","19","","DEMO STREET","","HALIFAX","CALDERDALE","WEST YORKSHIRE","A","A"
"{DEMO760F-D551-40FD-B3D9-000000000AA9}",145600,"2023-11-04 00:00","HX6 6AH","T","N","F","31","","DEMO STREET","","HALIFAX","CALDERDALE","WEST YORKSHIRE","A","A"
"{DEMO8F12-5234-C74B-23F2-000000000AAA}",54400,"2023-11-05 00:00","HX4 5SW","D","N","F","57","","DEMO STREET","","HALIFAX","CALDERDALE","WEST YORKSHIRE","A","A"
"{DEMOC256-3D7B-ECC5-1338-000000000AAB}",211500,"2023-11-05 00:00","HX5 6XB","S","N","F","117","","DEMO STREET","","HALIFAX","CALDERDALE","WEST YORKSHIRE","A","A"
"{DEMO85E1-9F78-BE97-551D-000000000AAC}",198700,"2023-11-06 00:00","HX1 4NR","D","N","F","108","","DEMO STREET","","HALIFAX","CALDERDALE","WEST YORKSHIRE","A","A"
"{DEMO92F7-4443-D9D6-D354-000000000AAD}",300900,"2023-11-06 00:00","HX1 1YE","S","N","F","63","","DEMO STREET","","HALIFAX","CALDERDALE","WEST YORKSHIRE","A","A"
"{DEMO0171-715C-89D3-E6F7-000000000AAE}",141900,"2023-11-07 00:00","HX5 2DJ","T","N","F","38","","DEMO STREET","","HALIFAX","CALDERDALE","WEST YORKSHIRE","A","A"
"{DEMO362C-A1BD-486A-A512-000000000AAF}",115400,"2023-11-07 00:00","HX1 6UP","S","N","F","102","","DEMO STREET","","HALIFAX","CALDERDALE","WEST YORKSHIRE","A","A"
"{DEMO4857-9D0B-8BF1-CC0D-000000000AB0}",260500,"2023-11-08 00:00","HX6 5WE","D","N","F","21","","DEMO STREET","","HALIFAX","CALDERDALE","WEST YORKSHIRE","A","A"
"{DEMO49D1-BA65-17F4-6CDB-000000000AB1}",91600,"2023-11-10 00:00","HX7 8QQ","S","N","F","54","","DEMO STREET","","HALIFAX","CALDERDALE","WEST YORKSHIRE","A","A"
"{DEMO97D7-FCDD-0412-0B2F-000000000AB2}",196900,"2023-11-13 00:00","HX6 7EU","T","N","F","61","","DEMO STREET","","HALIFAX","CALDERDALE","WEST YORKSHIRE","A","A"
"{DEMO00B7-C72C-2A91-BD21-000000000AB3}",83000,"2023-11-13 00:00","HX4 0NX","T","N","F","104","","DEMO STREET","","HALIFAX","CALDERDALE","WEST YORKSHIRE","A","A"
"{DEMOAF29-1211-4AC0-FED4-000000000AB4}",66600,"2023-11-13 00:00","HX4 6XA","D","Y","F","60","","DEMO STREET","","HALIFAX","CALDERDALE","WEST YORKSHIRE","A","A"
"{DEMO3CBB-95DB-08F7-96D8-000000000AB5}",72500,"2023-11-14 00:00","HX3 3JH","S","N","F","18","","DEMO STREET","","HALIFAX","CALDERDALE","WEST YORKSHIRE","A","A"
"{DEMO8269-E411-D020-8E1C-000000000AB6}",93100,"2023-11-14 00:00","HX6 1BF","D","N","F","65","","DEMO STREET","","HALIFAX","CALDERDALE","WEST YORKSHIRE","A","A"
"{DEMOC88D-A0EC-5F18-90C2-000000000AB7}",133300,"2023-11-14 00:00","HX4 9PX","T","N","F","81","","DEMO STREET","","HALIFAX","CALDERDALE","WEST YORKSHIRE","A","A"
"{DEMOE7AF-7953-73F1-1055-000000000AB8}",134900,"2023-11-15 00:00","HX7 0ZS","S","N","F","24","","DEMO STREET","","HALIFAX","CALDERDALE","WEST YORKSHIRE","A","A"
"{DEMOB0CA-7D86-B390-A7D9-000000000AB9}",80400,"2023-11-15 00:00","HX5 0WW","T","N","F","71","","DEMO STREET","","HALIFAX","CALDERDALE","WEST YORKSHIRE","A","A"
"{DEMODBEB-345B-6833-34F3-000000000ABA}",147200,"2023-11-15 00:00","HX1 6DP","D","Y","F","93","","DEMO STREET","","HALIFAX","CALDERDALE","WEST YORKSHIRE","A","A"
"{DEMO8678-0E2F-2599-3F71-000000000ABB}",116100,"2023-11-16 00:00","HX4 0YZ","D","N","F","110","","DEMO STREET","","HALIFAX","CALDERDALE","WEST YORKSHIRE","A","A"
"{DEMO4065-7608-9E4F-850E-000000000ABC}",69500,"2023-11-16 00:00","HX7 3JZ","S","N","F","47","","DEMO STREET","","HALIFAX","CALDERDALE","WEST YORKSHIRE","A","A"
"{DEMO2C19-EF34-8025-FDF7-000000000ABD}",199600,"2023-11-17 00:00","HX6 5FN","S","N","F","11","","DEMO STREET","","HALIFAX","CALDERDALE","WEST YORKSHIRE","A","A"
"{DEMO322F-44DD-1B6C-2A60-000000000ABE}",67600,"2023-11-18 00:00","HX3 9LY","T","N","F","63","","DEMO STREET","","HALIFAX","CALDERDALE","WEST YORKSHIRE","A","A"
"{DEMO3824-E25B-5712-9855-000000000ABF}",74900,"2023-11-18 00:00","HX3 1AT","D","N","F","75","","DEMO STREET","","HALIFAX","CALDERDALE","WEST YORKSHIRE","A","A"
"{DEMO63C8-CD4D-86D5-827D-000000000AC0}",68600,"2023-11-19 00:00","HX7 5XT","T","N","F","95","","DEMO STREET","","HALIFAX","CALDERDALE","WEST YORKSHIRE","A","A"
"{DEMO0102-B506-D3BF-C958-000000000AC1}",118400,"2023-11-20 00:00","HX6 7HR","S","N","F","65","","DEMO STREET","","HALIFAX","CALDERDALE","WEST YORKSHIRE","A","A"
"{DEMODAF3-88DD-A52C-0CE4-000000000AC2}",225600,"2023-11-21 00:00","HX2 4WD","T","N","F","79","","DEMO STREET","","HALIFAX","CALDERDALE","WEST YORKSHIRE","A","A"
"{DEMO14B3-C752-A957-BEF4-000000000AC3}",190000,"2023-11-21 00:00","HX1 9QZ","S","N","F","80","","DEMO STREET","","HALIFAX","CALDERDALE","WEST YORKSHIRE","A","A"
"{DEMO1F83-BB3D-654E-9E55-000000000AC4}",220900,"2023-11-21 00:00","HX1 0FT","F","N","L","35","","DEMO STREET","","HALIFAX","CALDERDALE","WEST YORKSHIRE","A","A"
"{DEMO04AD-4D60-2A3D-3D59-000000000AC5}",663900,"2023-11-21 00:00","HX1 6SG","T","N","F","69","","DEMO STREET","","HALIFAX","CALDERDALE","WEST YORKSHIRE","A","A"
"{DEMOB473-E238-8336-C46F-000000000AC6}",62400,"2023-11-21 00:00","HX6 3GE","F","N","L","78","","DEMO STREET","","HALIFAX","CALDERDALE","WEST YORKSHIRE","A","A"
"{DEMO024F-5462-84F7-6290-000000000AC7}",100900,"2023-11-22 00:00","HX3 7ZE","D","N","F","91","","DEMO STREET","","HALIFAX","CALDERDALE","WEST YORKSHIRE","A","A"
"{DEMO786D-7255-F37E-BF62-000000000AC8}",122700,"2023-11-22 00:00","HX7 2XS","S","N","F","73","","DEMO STREET","","HALIFAX","CALDERDALE","WEST YORKSHIRE","A","A"
"{DEMO72AA-C80B-77FE-3B4B-000000000AC9}",448500,"2023-11-23 00:00","HX3 8FY","T","N","F","87","","DEMO STREET","","HALIFAX","CALDERDALE","WEST YORKSHIRE","A","A"
"{DEMO0C15-7072-F85C-7FB8-000000000ACA}",56300,"2023-11-23 00:00","HX5 2EE","F","N","L","9","","DEMO STREET","","HALIFAX","CALDERDALE","WEST YORKSHIRE","A","A"
"{DEMO753F-63A5-6CA2-50A5-000000000ACB}",151600,"2023-11-25 00:00","HX3 8WR","S","N","F","89","","DEMO STREET","","HALIFAX","CALDERDALE","WEST YORKSHIRE","A","A"
"{DEMOEA3E-F641-5172-AA4E-000000000ACC}",71000,"2023-11-26 00:00","HX6 0GY","D","N","F","100","","DEMO STREET","","HALIFAX","CALDERDALE","WEST YORKSHIRE","A","A"
"{DEMO121D-CF3B-94A0-D282-000000000ACD}",102900,"2023-11-26 00:00","HX4 6TY","S","N","F","118","","DEMO STREET","","HALIFAX","CALDERDALE","WEST YORKSHIRE","A","A"
"{DEMO2A69-9F66-F938-BDFA-000000000ACE}",162000,"2023-11-26 00:00","HX6 3GE","S","N","F","72","","DEMO STREET","","HALIFAX","CALDERDALE","WEST YORKSHIRE","A","A"
"{DEMO0D04-20ED-0FBA-A31F-000000000ACF}",85000,"2023-11-27 00:00","HX6 0GE","T","N","F","10","","DEMO STREET","","HALIFAX","CALDERDALE","WEST YORKSHIRE","A","A"
"{DEMOA5B3-03CD-C0E9-4948-000000000AD0}",87900,"2023-11-27 00:00","HX1 6SG","T","Y","F","80","","DEMO STREET","","HALIFAX","CALDERDALE","WEST YORKSHIRE","A","A"
"{DEMO30B9-53A9-5FC0-90B9-000000000AD1}",154700,"2023-12-01 00:00","HX6 9RL","T","N","F","120","","DEMO STREET","","HALIFAX","CALDERDALE","WEST YORKSHIRE","A","A"
"{DEMO5BDE-6124-4D41-5F42-000000000AD2}",122900,"2023-12-05 00:00","HX6 5ST","S","N","F","46","","DEMO STREET","","HALIFAX","CALDERDALE","WEST YORKSHIRE","A","A"
"{DEMO283D-ABE3-ED55-49CD-000000000AD3}",93700,"2023-12-05 00:00","HX7 4YX","T","N","F","69","","DEMO STREET","","HALIFAX","CALDERDALE","WEST YORKSHIRE","A","A"
"{DEMO1C4C-711C-E1CD-0775-000000000AD4}",384200,"2023-12-06 00:00","HX2 1RJ","S","N","F","41","","DEMO STREET","","HALIFAX","CALDERDALE","WEST YORKSHIRE","A","A"
"{DEMO8C90-7809-930D-A13A-000000000AD5}",74300,"2023-12-06 00:00","HX6 6AH","S","N","F","50","","DEMO STREET","","HALIFAX","CALDERDALE","WEST YORKSHIRE","A","A"
"{DEMO4DCD-50B8-6666-33FC-000000000AD6}",394500,"2023-12-06 00:00","HX2 3PY","F","N","L","45","","DEMO STREET","","HALIFAX","CALDERDALE","WEST YORKSHIRE","A","A"
"{DEMOA307-A9C7-F1BB-D3A1-000000000AD7}",102500,"2023-12-07 00:00","HX2 9RU","T","N","F","38","","DEMO STREET","","HALIFAX","CALDERDALE","WEST YORKSHIRE","A","A"
"{DEMOC79E-76A5-D6FC-8C0F-000000000AD8}",227500,"2023-12-07 00:00","HX4 5QL","D","N","F","43","","DEMO STREET","","HALIFAX","CALDERDALE","WEST YORKSHIRE","A","A"
"{DEMO874D-3A0F-4469-4836-000000000AD9}",482900,"2023-12-07 00:00","HX1 0ZA","T","N","F","25","","DEMO STREET","","HALIFAX","CALDERDALE","WEST YORKSHIRE","A","A"
"{DEMOFE1D-A4A6-8CEF-A972-000000000ADA}",122300,"2023-12-08 00:00","HX3 4FW","T","N","F","6","","DEMO STREET","","HALIFAX","CALDERDALE","WEST YORKSHIRE","A","A"
"{DEMO4B22-D6E3-D96B-E617-000000000ADB}",259500,"2023-12-08 00:00","HX4 3WF","S","N","F","2","","DEMO STREET","","HALIFAX","CALDERDALE","WEST YORKSHIRE","A","A"
"{DEMO2C3C-A659-565E-FD91-000000000ADC}",91400,"2023-12-08 00:00","HX2 7QQ","S","N","F","38","","DEMO STREET","","HALIFAX","CALDERDALE","WEST YORKSHIRE","A","A"
"{DEMO168E-FCB2-5C56-C42C-000000000ADD}",68700,"2023-12-09 00:00","HX3 9PB","D","N","F","49","","DEMO STREET","","HALIFAX","CALDERDALE","WEST YORKSHIRE","A","A"
"{DEMOEB30-F9C9-548E-5DE0-000000000ADE}",183400,"2023-12-09 00:00","HX6 7FQ","S","N","F","66","","DEMO STREET","","HALIFAX","CALDERDALE","WEST YORKSHIRE","A","A"
"{DEMO676D-3A8D-98B1-DC86-000000000ADF}",140900,"2023-12-10 00:00","HX1 4HX","D","N","F","103","","DEMO STREET","","HALIFAX","CALDERDALE","WEST YORKSHIRE","A","A"
"{DEMOEB98-3338-5214-F9C5-000000000AE0}",40200,"2023-12-10 00:00","HX5 8GW","D","N","F","56","","DEMO STREET","","HALIFAX","CALDERDALE","WEST YORKSHIRE","A","A"
"{DEMOEA94-861E-D21A-F0B5-000000000AE1}",107300,"2023-12-12 00:00","HX5 9LJ","S","N","F","18","","DEMO STREET","","HALIFAX","CALDERDALE","WEST YORKSHIRE","A","A"
"{DEMO04F2-2B4A-ABAF-E164-000000000AE2}",160300,"2023-12-12 00:00","HX6 4ZZ","T","N","F","107","","DEMO STREET","","HALIFAX","CALDERDALE","WEST YORKSHIRE","A","A"
"{DEMOCA68-9F9F-7661-6F58-000000000AE3}",158900,"2023-12-12 00:00","HX2 7HR","S","N","F","75","","DEMO STREET","","HALIFAX","CALDERDALE","WEST YORKSHIRE","A","A"
"{DEMOB4B1-27B0-D488-C1DA-000000000AE4}",95500,"2023-12-13 00:00","HX5 9LJ","D","N","F","82","","DEMO STREET","","HALIFAX","CALDERDALE","WEST YORKSHIRE","A","A"
"{DEMOA3CF-32A2-A3E8-38B3-000000000AE5}",194700,"2023-12-13 00:00","HX5 0ZG","T","N","F","46","","DEMO STREET","","HALIFAX","CALDERDALE","WEST YORKSHIRE","A","A"
"{DEMOCA09-5A6C-316D-88F4-000000000AE6}",100900,"2023-12-14 00:00","HX5 6WT","T","N","F","55","","DEMO STREET","","HALIFAX","CALDERDALE","WEST YORKSHIRE","A","A"
"{DEMOBADB-5DB9-6656-19F2-000000000AE7}",73300,"2023-12-15 00:00","HX1 5PY","D","N","F","57","","DEMO STREET","","HALIFAX","CALDERDALE","WEST YORKSHIRE","A","A"
"{DEMO299A-D025-6506-BBC9-000000000AE8}",27500,"2023-12-16 00:00","HX5 9FQ","S","N","F","11","","DEMO STREET","","HALIFAX","CALDERDALE","WEST YORKSHIRE","A","A"
"{DEMOA504-3630-97EB-EB7D-000000000AE9}",400100,"2023-12-16 00:00","HX2 6JG","T","N","F","17","","DEMO STREET","","HALIFAX","CALDERDALE","WEST YORKSHIRE","A","A"
"{DEMO2E46-D1E4-5C7A-A53C-000000000AEA}",43500,"2023-12-16 00:00","HX2 9YW","T","N","F","71","","DEMO STREET","","HALIFAX","CALDERDALE","WEST YORKSHIRE","A","A"
"{DEMOAD49-F929-6E04-4E9D-000000000AEB}",229100,"2023-12-18 00:00","HX7 4DP","F","N","L","69","","DEMO STREET","","HALIFAX","CALDERDALE","WEST YORKSHIRE","A","A"
"{DEMO04A9-A7C5-B489-23A4-000000000AEC}",257800,"2023-12-18 00:00","HX5 4DR","S","Y","F","28","","DEMO STREET","","HALIFAX","CALDERDALE","WEST YORKSHIRE","A","A"
"{DEMO693D-34BA-57C7-1E97-000000000AED}",135600,"2023-12-20 00:00","HX5 5RL","D","N","F","20","","DEMO STREET","","HALIFAX","CALDERDALE","WEST YORKSHIRE","A","A"
"{DEMOED78-3827-F09F-36AF-000000000AEE}",370700,"2023-12-20 00:00","HX2 6TP","D","N","F","41","","DEMO STREET","","HALIFAX","CALDERDALE","WEST YORKSHIRE","A","A"
"{DEMO15F3-04E4-DE29-D970-000000000AEF}",63400,"2023-12-20 00:00","HX2 5UJ","S","N","F","113","","DEMO STREET","","HALIFAX","CALDERDALE","WEST YORKSHIRE","A","A"
"{DEMOA40D-8AC4-B4C7-D767-000000000AF0}",180600,"2023-12-20 00:00","HX5 1SN","S","N","F","112","","DEMO STREET","","HALIFAX","CALDERDALE","WEST YORKSHIRE","A","A"
"{DEMO941B-AFD6-2B49-7637-000000000AF1}",128500,"2023-12-21 00:00","HX6 7FQ","D","N","F","62","","DEMO STREET","","HALIFAX","CALDERDALE","WEST YORKSHIRE","A","A"
"{DEMOA89A-E32E-A36D-B4BF-000000000AF2}",144600,"2023-12-22 00:00","HX3 4FW","D","Y","F","33","","DEMO STREET","","HALIFAX","CALDERDALE","WEST YORKSHIRE","A","A"
"{DEMOF77D-4566-F044-3499-000000000AF3}",78600,"2023-12-23 00:00","HX1 5SR","S","N","F","119","","DEMO STREET","","HALIFAX","CALDERDALE","WEST YORKSHIRE","A","A"
"{DEMO7CCA-644B-092B-AC72-000000000AF4}",345100,"2023-12-24 00:00","HX5 4NN","D","N","F","5","","DEMO STREET","","HALIFAX","CALDERDALE","WEST YORKSHIRE","A","A"
"{DEMOCABB-6C40-ACD8-7E28-000000000AF5}",130200,"2023-12-25 00:00","HX3 2RS","S","N","F","35","","DEMO STREET","","HALIFAX","CALDERDALE","WEST YORKSHIRE","A","A"
"{DEMOE2F6-E527-D6CC-9A93-000000000AF6}",141300,"2023-12-25 00:00","HX1 4US","T","N","F","105","","DEMO STREET","","HALIFAX","CALDERDALE","WEST YORKSHIRE","A","A"
"{DEMOFFB4-E403-0B4C-E8D0-000000000AF7}",180400,"2023-12-26 00:00","HX7 7TH","S","N","F","71","","DEMO STREET","","HALIFAX","CALDERDALE","WEST YORKSHIRE","A","A"
"{DEMO2632-64EC-ED9E-6FD1-000000000AF8}",42800,"2023-12-26 00:00","HX2 4WB","S","N","F","115","","DEMO STREET","","HALIFAX","CALDERDALE","WEST YORKSHIRE","A","A"
"{DEMO5195-BAE8-AB6C-E8FD-000000000AF9}",72400,"2023-12-26 00:00","HX3 9FR","T","N","F","72","","DEMO STREET","","HALIFAX","CALDERDALE","WEST YORKSHIRE","A","A"
"{DEMO0016-7578-5F10-3437-000000000AFA}",286100,"2023-12-26 00:00","HX4 9WZ","T","N","F","77","","DEMO STREET","","HALIFAX","CALDERDALE","WEST YORKSHIRE","A","A"
"{DEMO417B-BC8C-B2A9-6107-000000000AFB}",150500,"2023-12-26 00:00","HX7 3JZ","S","N","F","79","","DEMO STREET","","HALIFAX","CALDERDALE","WEST YORKSHIRE","A","A"
"{DEMOB22D-D2AE-2C55-2721-000000000AFC}",375400,"2023-12-26 00:00","HX7 5AU","T","Y","F","12","","DEMO STREET","","HALIFAX","CALDERDALE","WEST YORKSHIRE","A","A"
"{DEMOAE4B-6D47-376A-327C-000000000AFD}",45300,"2023-12-27 00:00","HX6 8ZZ","S","N","F","24","","DEMO STREET","","HALIFAX","CALDERDALE","WEST YORKSHIRE","A","A"
"{DEMO80D0-177E-7161-AC61-000000000AFE}",89000,"2023-12-28 00:00","HX4 8QR","F","N","L","82","","DEMO STREET","","HALIFAX","CALDERDALE","WEST YORKSHIRE","A","A"
"{DEMOD3E4-24D5-F96B-701B-000000000AFF}",352600,"2023-12-28 00:00","HX1 9UU","F","N","L","48","","DEMO STREET","","HALIFAX","CALDERDALE","WEST YORKSHIRE","A","A"
"{DEMOF4DE-44EA-A9CC-1AED-000000000B00}",120000,"2023-12-28 00:00","HX1 8WD","D","N","F","26","","DEMO STREET","","HALIFAX","CALDERDALE","WEST YORKSHIRE","A","A"
"{DEMO7D72-6B63-CE9C-F863-000000000B01}",149600,"2024-01-01 00:00","HX7 7TT","F","N","L","6","","DEMO STREET","","HALIFAX","CALDERDALE","WEST YORKSHIRE","A","A"
"{DEMO207D-334A-DAC5-B6C3-000000000B02}",119900,"2024-01-02 00:00","HX6 6PY","S","Y","F","5","","DEMO STREET","","HALIFAX","CALDERDALE","WEST YORKSHIRE","A","A"
"{DEMO2F3C-935A-EFC3-1D91-000000000B03}",318200,"2024-01-03 00:00","HX4 1UA","D","N","F","34","","DEMO STREET","","HALIFAX","CALDERDALE","WEST YORKSHIRE","A","A"
"{DEMO2A61-FC4F-0916-6746-000000000B04}",132700,"2024-01-03 00:00","HX2 0TJ","S","N","F","62","","DEMO STREET","","HALIFAX","CALDERDALE","WEST YORKSHIRE","A","A"
"{DEMO9944-32F6-D949-F237-000000000B05}",164600,"2024-01-04 00:00","HX4 5EG","T","N","F","111","","DEMO STREET","","HALIFAX","CALDERDALE","WEST YORKSHIRE","A","A"
"{DEMO78F7-C1EB-AE01-D008-000000000B06}",324900,"2024-01-04 00:00","HX3 2RS","D","N","F","3","","DEMO STREET","","HALIFAX","CALDERDALE","WEST YORKSHIRE","A","A"
"{DEMO7518-5186-81AE-7D4B-000000000B07}",129500,"2024-01-06 00:00","HX5 0ZG","S","N","F","59","","DEMO STREET","","HALIFAX","CALDERDALE","WEST YORKSHIRE","A","A"
"{DEMO1135-DE86-76BA-717B-000000000B08}",105300,"2024-01-08 00:00","HX5 5NT","S","N","F","87","","DEMO STREET","","HALIFAX","CALDERDALE","WEST YORKSHIRE","A","A"
"{DEMO9FE1-D0AC-69D9-C6F3-000000000B09}",82800,"2024-01-09 00:00","HX3 8WW","S","N","F","5","","DEMO STREET","","HALIFAX","CALDERDALE","WEST YORKSHIRE","A","A"
"{DEMOF01E-BA98-EB33-47FF-000000000B0A}",146500,"2024-01-09 00:00","HX1 5ZU","D","N","F","25","","DEMO STREET","","HALIFAX","CALDERDALE","WEST YORKSHIRE","A","A"
"{DEMO3991-4478-241C-1C6C-000000000B0B}",158100,"2024-01-09 00:00","HX6 8ZZ","T","N","F","92","","DEMO STREET","","HALIFAX","CALDERDALE","WEST YORKSHIRE","A","A"
"{DEMO31EC-60CF-412C-13DC-000000000B0C}",221100,"2024-01-09 00:00","HX1 1JZ","D","N","F","35","","DEMO STREET","","HALIFAX","CALDERDALE","WEST YORKSHIRE","A","A"
"{DEMOC6D7-FDCD-AF82-6C25-000000000B0D}",127900,"2024-01-10 00:00","HX2 5YH","D","N","F","69","","DEMO STREET","","HALIFAX","CALDERDALE","WEST YORKSHIRE","A","A"
"{DEMOA065-E49C-1845-D6E4-000000000B0E}",283300,"2024-01-10 00:00","HX5 7RX","T","N","F","81","","DEMO STREET","","HALIFAX","CALDERDALE","WEST YORKSHIRE","A","A"
"{DEMO2F1D-BCFF-DEE7-9CA6-000000000B0F}",73500,"2024-01-11 00:00","HX5 6ED","T","N","F","69","","DEMO STREET","","HALIFAX","CALDERDALE","WEST YORKSHIRE","A","A"
"{DEMOB6ED-31D0-D1C0-13DA-000000000B10}",176500,"2024-01-12 00:00","HX7 4HL","S","N","F","13","","DEMO STREET","","HALIFAX","CALDERDALE","WEST YORKSHIRE","A","A"
"{DEMOABCF-F85D-797F-2290-000000000B11}",57400,"2024-01-12 00:00","HX1 1EL","S","N","F","91","","DEMO STREET","","HALIFAX","CALDERDALE","WEST YORKSHIRE","A","A"
"{DEMO0855-3316-8A45-B9B8-000000000B12}",237600,"2024-01-12 00:00","HX5 5LN","D","N","F","15","","DEMO STREET","","HALIFAX","CALDERDALE","WEST YORKSHIRE","A","A"
"{DEMO8E18-8C31-E023-952F-000000000B13}",64700,"2024-01-12 00:00","HX7 3JZ","D","N","F","116","","DEMO STREET","","HALIFAX","CALDERDALE","WEST YORKSHIRE","A","A"
"{DEMOBF66-634B-76C7-9155-000000000B14}",111800,"2024-01-13 00:00","HX7 3DH","S","N","F","50","","DEMO STREET","","HALIFAX","CALDERDALE","WEST YORKSHIRE","A","A"
"{DEMO1199-80C8-B38A-41F3-000000000B15}",220700,"2024-01-13 00:00","HX1 9HY","D","Y","F","55","","DEMO STREET","","HALIFAX","CALDERDALE","WEST YORKSHIRE","A","A"
"{DEMOB05B-860F-A1F3-48A4-000000000B16}",76200,"2024-01-15 00:00","HX2 9BW","S","N","F","94","","DEMO STREET","","HALIFAX","CALDERDALE","WEST YORKSHIRE","A","A"
"{DEMO08A8-C0DB-4BD9-F07D-000000000B17}",337300,"2024-01-15 00:00","HX1 1YE","S","N","F","19","","DEMO STREET","","HALIFAX","CALDERDALE","WEST YORKSHIRE","A","A"
"{DEMO3BB4-77E9-5B51-F7CD-000000000B18}",186000,"2024-01-15 00:00","HX3 7YB","T","N","F","18","","DEMO STREET","","HALIFAX","CALDERDALE","WEST YORKSHIRE","A","A"
"{DEMO771B-6906-8D14-712B-000000000B19}",219700,"2024-01-16 00:00","HX7 0RQ","S","N","F","87","","DEMO STREET","","HALIFAX","CALDERDALE","WEST YORKSHIRE","A","A"
"{DEMO6405-FC25-2007-6EFD-000000000B1A}",72600,"2024-01-16 00:00","HX2 9RZ","S","N","F","22","","DEMO STREET","","HALIFAX","CALDERDALE","WEST YORKSHIRE","A","A"
"{DEMOBDBC-E77F-74CA-1FF5-000000000B1B}",98800,"2024-01-16 00:00","HX7 3UA","D","N","F","22","","DEMO STREET","","HALIFAX","CALDERDALE","WEST YORKSHIRE","A","A"
"{DEMO6B61-462C-1475-59DB-000000000B1C}",103200,"2024-01-17 00:00","HX6 7WR","S","N","F","108","","DEMO STREET","","HALIFAX","CALDERDALE","WEST YORKSHIRE","A","A"
"{DEMO1FC3-0303-1222-D552-000000000B1D}",66700,"2024-01-18 00:00","HX7 9SL","F","N","L","91","","DEMO STREET","","HALIFAX","CALDERDALE","WEST YORKSHIRE","A","A"
"{DEMO4FDA-C2DC-396F-06D2-000000000B1E}",192800,"2024-01-20 00:00","HX4 0TZ","D","N","F","110","","DEMO STREET","","HALIFAX","CALDERDALE","WEST YORKSHIRE","A","A"
"{DEMOC672-2106-40A9-58DF-000000000B1F}",118800,"2024-01-20 00:00","HX3 4DS","T","N","F","85","","DEMO STREET","","HALIFAX","CALDERDALE","WEST YORKSHIRE","A","A"
"{DEMO7DD9-B24E-B4C0-DDC0-000000000B20}",238700,"2024-01-21 00:00","HX2 8FA","T","N","F","38","","DEMO STREET","","HALIFAX","CALDERDALE","WEST YORKSHIRE","A","A"
"{DEMO5B59-5A3E-D0C2-47BB-000000000B21}",177900,"2024-01-21 00:00","HX3 4EE","S","N","F","36","","DEMO STREET","","HALIFAX","CALDERDALE","WEST YORKSHIRE","A","A"
"{DEMO5DFF-4B25-CA42-CF1F-000000000B22}",217100,"2024-01-22 00:00","HX4 4XT","T","N","F","75","","DEMO STREET","","HALIFAX","CALDERDALE","WEST YORKSHIRE","A","A"
"{DEMOB1CA-48FC-A8D2-AAC4-000000000B23}",229100,"2024-01-23 00:00","HX7 8JX","D","N","F","8","","DEMO STREET","","HALIFAX","CALDERDALE","WEST YORKSHIRE","A","A"
"{DEMO812D-945D-E47C-C7E1-000000000B24}",55000,"2024-01-23 00:00","HX6 7HR","S","N","F","80","","DEMO STREET","","HALIFAX","CALDERDALE","WEST YORKSHIRE","A","A"
"{DEMO38F3-DAF2-6422-35C1-000000000B25}",108900,"2024-01-23 00:00","HX6 6EE","T","N","F","31","","DEMO STREET","","HALIFAX","CALDERDALE","WEST YORKSHIRE","A","A"
"{DEMO9364-D4D9-7951-D618-000000000B26}",502500,"2024-01-24 00:00","HX7 0XY","S","N","F","36","","DEMO STREET","","HALIFAX","CALDERDALE","WEST YORKSHIRE","A","A"
"{DEMOFAB3-80CC-303E-76B0-000000000B27}",176600,"2024-01-24 00:00","HX3 4YJ","D","N","F","54","","DEMO STREET","","HALIFAX","CALDERDALE","WEST YORKSHIRE","A","A"
"{DEMOFDD2-BD9C-94C9-6653-000000000B28}",42800,"2024-01-25 00:00","HX5 2EE","F","N","L","13","","DEMO STREET","","HALIFAX","CALDERDALE","WEST YORKSHIRE","A","A"
"{DEMO8077-FE9F-137A-AF70-000000000B29}",34500,"2024-01-26 00:00","HX7 9FE","T","N","F","55","","DEMO STREET","","HALIFAX","CALDERDALE","WEST YORKSHIRE","A","A"
"{DEMOF9A6-4A72-245F-63A7-000000000B2A}",140600,"2024-01-27 00:00","HX1 0ZA","S","N","F","1","","DEMO STREET","","HALIFAX","CALDERDALE","WEST YORKSHIRE","A","A"
"{DEMO04F6-FD3C-4355-6F2B-000000000B2B}",74000,"2024-01-28 00:00","HX3 4EE","S","N","F","88","","DEMO STREET","","HALIFAX","CALDERDALE","WEST YORKSHIRE","A","A"
"{DEMOB32B-03B2-BD6F-A6C6-000000000B2C}",83400,"2024-01-28 00:00","HX6 1QZ","S","N","F","97","","DEMO STREET","","HALIFAX","CALDERDALE","WEST YORKSHIRE","A","A"
"{DEMOCE8D-A796-10D7-3935-000000000B2D}",92200,"2024-02-01 00:00","HX4 1FT","T","N","F","104","","DEMO STREET","","HALIFAX","CALDERDALE","WEST YORKSHIRE","A","A"
"{DEMOC924-2D4F-253D-A0EC-000000000B2E}",127500,"2024-02-02 00:00","HX7 5RA","F","N","L","64","","DEMO STREET","","HALIFAX","CALDERDALE","WEST YORKSHIRE","A","A"
"{DEMODDF9-CCAA-6BCD-CA16-000000000B2F}",215200,"2024-02-03 00:00","HX4 8PH","D","N","F","49","","DEMO STREET","","HALIFAX","CALDERDALE","WEST YORKSHIRE","A","A"
"{DEMOD158-0AE4-D09B-5256-000000000B30}",145100,"2024-02-04 00:00","HX5 6AY","F","N","L","52","","DEMO STREET","","HALIFAX","CALDERDALE","WEST YORKSHIRE","A","A"
"{DEMO60B5-D93B-124D-DA89-000000000B31}",62800,"2024-02-05 00:00","HX4 0JJ","T","N","F","99","","DEMO STREET","","HALIFAX","CALDERDALE","WEST YORKSHIRE","A","A"
"{DEMO69BB-6A0E-1A8C-B4FB-000000000B32}",70400,"2024-02-06 00:00","HX2 3HG","D","N","F","75","","DEMO STREET","","HALIFAX","CALDERDALE","WEST YORKSHIRE","A","A"
"{DEMOD0B2-3ED8-3D60-62B2-000000000B33}",229000,"2024-02-06 00:00","HX4 8LU","D","N","F","31","","DEMO STREET","","HALIFAX","CALDERDALE","WEST YORKSHIRE","A","A"
"{DEMO7B5C-F898-F33C-4B5C-000000000B34}",60300,"2024-02-08 00:00","HX7 5AU","T","N","F","114","","DEMO STREET","","HALIFAX","CALDERDALE","WEST YORKSHIRE","A","A"
"{DEMO728B-2CCA-438C-AC70-000000000B35}",343900,"2024-02-08 00:00","HX5 2YA","S","N","F","84","","DEMO STREET","","HALIFAX","CALDERDALE","WEST YORKSHIRE","A","A"
"{DEMO3B54-F8F7-3931-FF43-000000000B36}",34000,"2024-02-09 00:00","HX3 3AG","S","N","F","10","","DEMO STREET","","HALIFAX","CALDERDALE","WEST YORKSHIRE","A","A"
"{DEMO56CB-B1E1-E244-C476-000000000B37}",86400,"2024-02-10 00:00","HX4 1UA","T","N","F","91","","DEMO STREET","","HALIFAX","CALDERDALE","WEST YORKSHIRE","A","A"
"{DEMO8845-BB07-0292-9931-000000000B38}",69100,"2024-02-11 00:00","HX6 9UT","S","N","F","3","","DEMO STREET","","HALIFAX","CALDERDALE","WEST YORKSHIRE","A","A"
"{DEMO10D8-B9D3-76A7-0D2C-000000000B39}",120400,"2024-02-11 00:00","HX4 8HX","D","N","F","3","","DEMO STREET","","HALIFAX","CALDERDALE","WEST YORKSHIRE","A","A"
"{DEMO8D72-C97F-E8D7-1CC7-000000000B3A}",67600,"2024-02-12 00:00","HX6 3FB","F","N","L","12","","DEMO STREET","","HALIFAX","CALDERDALE","WEST YORKSHIRE","A","A"
"{DEMO57E9-30FD-2DE4-21DF-000000000B3B}",81500,"2024-02-13 00:00","HX1 3NE","D","N","F","65","","DEMO STREET","","HALIFAX","CALDERDALE","WEST YORKSHIRE","A","A"
"{DEMO9E4F-0752-A5BC-A70B-000000000B3C}",225800,"2024-02-13 00:00","HX7 3UQ","T","N","F","49","","DEMO STREET","","HALIFAX","CALDERDALE","WEST YORKSHIRE","A","A"
"{DEMO629B-2F5A-4496-BFC8-000000000B3D}",169200,"2024-02-13 00:00","HX2 9RZ","T","N","F","12","","DEMO STREET","","HALIFAX","CALDERDALE","WEST YORKSHIRE","A","A"
"{DEMO9DDE-1A11-B703-AD1C-000000000B3E}",128500,"2024-02-13 00:00","HX7 3UA","S","N","F","39","","DEMO STREET","","HALIFAX","CALDERDALE","WEST YORKSHIRE","A","A"
"{DEMOC405-CA83-E2B9-239F-000000000B3F}",247600,"2024-02-14 00:00","HX2 5UJ","D","Y","F","74","","DEMO STREET","","HALIFAX","CALDERDALE","WEST YORKSHIRE","A","A"
"{DEMO2DBD-D160-8B4C-21A8-000000000B40}",76900,"2024-02-15 00:00","HX7 5RA","D","N","F","41","","DEMO STREET","","HALIFAX","CALDERDALE","WEST YORKSHIRE","A","A"
"{DEMOCDD5-A29B-6725-9EC4-000000000B41}",90000,"2024-02-16 00:00","HX6 7FQ","D","N","F","36","","DEMO STREET","","HALIFAX","CALDERDALE","WEST YORKSHIRE","A","A"
"{DEMO672B-B3D0-76AF-4C7F-000000000B42}",128600,"2024-02-17 00:00","HX3 5JR","S","N","F","104","","DEMO STREET","","HALIFAX","CALDERDALE","WEST YORKSHIRE","A","A"
"{DEMO01B7-8D5F-8410-045E-000000000B43}",66000,"2024-02-17 00:00","HX7 9HG","S","N","F","35","","DEMO STREET","","HALIFAX","CALDERDALE","WEST YORKSHIRE","A","A"
"{DEMOA413-8857-B010-71DF-000000000B44}",142100,"2024-02-17 00:00","HX3 4FW","T","Y","F","112","","DEMO STREET","","HALIFAX","CALDERDALE","WEST YORKSHIRE","A","A"
"{DEMOE6BC-1235-440C-4343-000000000B45}",161600,"2024-02-19 00:00","HX4 5DL","T","N","F","45","","DEMO STREET","","HALIFAX","CALDERDALE","WEST YORKSHIRE","A","A"
"{DEMOB164-9F01-3736-CE14-000000000B46}",145600,"2024-02-19 00:00","HX2 4ZE","D","N","F","65","","DEMO STREET","","HALIFAX","CALDERDALE","WEST YORKSHIRE","A","A"
"{DEMOD2C3-A823-CD06-E11C-000000000B47}",424500,"2024-02-20 00:00","HX3 2TA","S","N","F","52","","DEMO STREET","","HALIFAX","CALDERDALE","WEST YORKSHIRE","A","A"
"{DEMOA0AD-0C9A-8178-B4FF-000000000B48}",186800,"2024-02-20 00:00","HX2 6SR","S","N","F","103","","DEMO STREET","","HALIFAX","CALDERDALE","WEST YORKSHIRE","A","A"
"{DEMO60B4-1346-A4D5-69B3-000000000B49}",26500,"2024-02-20 00:00","HX4 0TZ","S","N","F","118","","DEMO STREET","","HALIFAX","CALDERDALE","WEST YORKSHIRE","A","A"
"{DEMOFAD9-7FC6-81DC-BABB-000000000B4A}",56900,"2024-02-22 00:00","HX3 8BZ","T","N","F","77","","DEMO STREET","","HALIFAX","CALDERDALE","WEST YORKSHIRE","A","A"
"{DEMO0CF6-9334-28F7-70BD-000000000B4B}",157600,"2024-02-22 00:00","HX4 1ZT","D","N","F","73","","DEMO STREET","","HALIFAX","CALDERDALE","WEST YORKSHIRE","A","A"
"{DEMO558D-4FF9-71EE-50BE-000000000B4C}",156400,"2024-02-23 00:00","HX3 8BZ","S","N","F","98","","DEMO STREET","","HALIFAX","CALDERDALE","WEST YORKSHIRE","A","A"
"{DEMO8EDE-7712-C0E3-EAEF-000000000B4D}",80800,"2024-02-23 00:00","HX2 4FU","F","N","L","10","","DEMO STREET","","HALIFAX","CALDERDALE","WEST YORKSHIRE","A","A"
"{DEMO2F41-1BAC-A1DD-6DFF-000000000B4E}",179300,"2024-02-24 00:00","HX5 4DR","F","N","L","102","","DEMO STREET","","HALIFAX","CALDERDALE","WEST YORKSHIRE","A","A"
"{DEMO9DF0-31A2-8D7A-4847-000000000B4F}",1275600,"2024-02-24 00:00","HX2 5US","S","N","F","101","","DEMO STREET","","HALIFAX","CALDERDALE","WEST YORKSHIRE","A","A"
"{DEMO7300-2499-2594-F123-000000000B50}",430400,"2024-02-25 00:00","HX4 5QL","T","N","F","117","","DEMO STREET","","HALIFAX","CALDERDALE","WEST YORKSHIRE","A","A"
"{DEMO81B3-CAC4-87A9-F07C-000000000B51}",102600,"2024-02-26 00:00","HX5 3HD","S","N","F","115","","DEMO STREET","","HALIFAX","CALDERDALE","WEST YORKSHIRE","A","A"
"{DEMO7829-8B3B-49D6-6C21-000000000B52}",123200,"2024-02-26 00:00","HX4 9WZ","T","N","F","37","","DEMO STREET","","HALIFAX","CALDERDALE","WEST YORKSHIRE","A","A"
"{DEMOFC26-1AE0-8B4C-FA64-000000000B53}",115000,"2024-02-27 00:00","HX5 9NP","S","N","F","22","","DEMO STREET","","HALIFAX","CALDERDALE","WEST YORKSHIRE","A","A"
"{DEMO164B-B3D7-0106-C0FA-000000000B54}",103300,"2024-02-27 00:00","HX2 7JY","S","N","F","55","","DEMO STREET","","HALIFAX","CALDERDALE","WEST YORKSHIRE","A","A"
"{DEMO3251-D38F-EF98-4DC0-000000000B55}",106100,"2024-02-27 00:00","HX5 0QY","T","N","F","7","","DEMO STREET","","HALIFAX","CALDERDALE","WEST YORKSHIRE","A","A"
"{DEMODB90-CFCA-965A-A527-000000000B56}",265300,"2024-02-27 00:00","HX1 7DS","T","Y","F","56","","DEMO STREET","","HALIFAX","CALDERDALE","WEST YORKSHIRE","A","A"
"{DEMO2BE2-B9AE-74F6-E055-000000000B57}",74600,"2024-02-28 00:00","HX6 1SG","T","N","F","66","","DEMO STREET","","HALIFAX","CALDERDALE","WEST YORKSHIRE","A","A"
"{DEMO2C16-BB59-F1D3-973B-000000000B58}",150100,"2024-02-28 00:00","HX3 2EW","D","N","F","90","","DEMO STREET","","HALIFAX","CALDERDALE","WEST YORKSHIRE","A","A"
"{DEMO0205-E462-6803-7F57-000000000B59}",122300,"2024-02-28 00:00","HX5 0ZG","F","Y","L","53","","DEMO STREET","","HALIFAX","CALDERDALE","WEST YORKSHIRE","A","A"
"{DEMO223C-579F-A596-2D66-000000000B5A}",222400,"2024-02-28 00:00","HX6 7DS","T","Y","F","101","","DEMO STREET","","HALIFAX","CALDERDALE","WEST YORKSHIRE","A","A"
"{DEMOE89D-A8AD-7E6E-FBE1-000000000B5B}",49900,"2024-03-01 00:00","HX6 0FP","S","N","F","18","","DEMO STREET","","HALIFAX","CALDERDALE","WEST YORKSHIRE","A","A"
"{DEMO48F7-84CB-3E1F-B846-000000000B5C}",78200,"2024-03-02 00:00","HX3 0DY","D","N","F","15","","DEMO STREET","","HALIFAX","CALDERDALE","WEST YORKSHIRE","A","A"
"{DEMO2B55-AF62-5693-D748-000000000B5D}",257900,"2024-03-03 00:00","HX1 1ET","S","N","F","100","","DEMO STREET","","HALIFAX","CALDERDALE","WEST YORKSHIRE","A","A"
"{DEMOC2C0-81B6-8C90-E34A-000000000B5E}",197900,"2024-03-03 00:00","HX5 1UU","D","Y","F","45","","DEMO STREET","","HALIFAX","CALDERDALE","WEST YORKSHIRE","A","A"
"{DEMO2F53-099B-1BC0-BB0C-000000000B5F}",353100,"2024-03-04 00:00","HX6 7DD","T","N","F","79","","DEMO STREET","","HALIFAX","CALDERDALE","WEST YORKSHIRE","A","A"
"{DEMOFAED-622E-6CB7-851F-000000000B60}",209600,"2024-03-04 00:00","HX6 6AH","S","N","F","94","","DEMO STREET","","HALIFAX","CALDERDALE","WEST YORKSHIRE","A","A"
"{DEMO63A7-BB51-AB92-3DB4-000000000B61}",176600,"2024-03-04 00:00","HX2 9YW","D","N","F","58","","DEMO STREET","","HALIFAX","CALDERDALE","WEST YORKSHIRE","A","A"
"{DEMOECC4-B2E4-234A-01AF-000000000B62}",35900,"2024-03-05 00:00","HX4 8QR","D","N","F","44","","DEMO STREET","","HALIFAX","CALDERDALE","WEST YORKSHIRE","A","A"
"{DEMOB66A-4FEC-7F2E-37CA-000000000B63}",265100,"2024-03-05 00:00","HX6 8TJ","D","N","F","25","","DEMO STREET","","HALIFAX","CALDERDALE","WEST YORKSHIRE","A","A"
"{DEMO7921-4F4F-7F89-57CA-000000000B64}",82900,"2024-03-06 00:00","HX2 4XF","T","N","F","10","","DEMO STREET","","HALIFAX","CALDERDALE","WEST YORKSHIRE","A","A"
"{DEMOE23B-CBBF-DC58-54B6-000000000B65}",134400,"2024-03-07 00:00","HX2 5NU","S","N","F","68","","DEMO STREET","","HALIFAX","CALDERDALE","WEST YORKSHIRE","A","A"
"{DEMOCD3D-C55B-DBD6-3B56-000000000B66}",426400,"2024-03-08 00:00","HX3 5WF","T","N","F","79","","DEMO STREET","","HALIFAX","CALDERDALE","WEST YORKSHIRE","A","A"
"{DEMO4471-9814-C87E-A743-000000000B67}",149900,"2024-03-08 00:00","HX7 3AF","D","Y","F","95","","DEMO STREET","","HALIFAX","CALDERDALE","WEST YORKSHIRE","A","A"
"{DEMO5B1E-96BB-357F-9E46-000000000B68}",292600,"2024-03-09 00:00","HX4 8YF","T","N","F","110","","DEMO STREET","","HALIFAX","CALDERDALE","WEST YORKSHIRE","A","A"
"{DEMOBEAD-6E43-8369-C859-000000000B69}",312300,"2024-03-09 00:00","HX3 3AG","T","N","F","4","","DEMO STREET","","HALIFAX","CALDERDALE","WEST YORKSHIRE","A","A"
"{DEMO54B7-CDCA-DC47-C557-000000000B6A}",281900,"2024-03-10 00:00","HX3 0ZW","T","N","F","19","","DEMO STREET","","HALIFAX","CALDERDALE","WEST YORKSHIRE","A","A"
"{DEMOFE45-FCB6-8047-E3E8-000000000B6B}",164300,"2024-03-11 00:00","HX2 1AG","F","N","L","63","","DEMO STREET","","HALIFAX","CALDERDALE","WEST YORKSHIRE","A","A"
"{DEMOB879-E316-3646-29D5-000000000B6C}",66900,"2024-03-11 00:00","HX2 9YW","S","N","F","46","","DEMO STREET","","HALIFAX","CALDERDALE","WEST YORKSHIRE","A","A"
"{DEMO7EC0-C0CC-FFBE-6A07-000000000B6D}",297700,"2024-03-11 00:00","HX3 4XU","T","N","F","91","","DEMO STREET","","HALIFAX","CALDERDALE","WEST YORKSHIRE","A","A"
"{DEMO72E7-1F2D-43EA-13D1-000000000B6E}",192400,"2024-03-12 00:00","HX4 7DP","S","N","F","44","","DEMO STREET","","HALIFAX","CALDERDALE","WEST YORKSHIRE","A","A"
"{DEMODC43-AD2E-8222-15F3-000000000B6F}",66400,"2024-03-12 00:00","HX4 5JJ","T","N","F","109","","DEMO STREET","","HALIFAX","CALDERDALE","WEST YORKSHIRE","A","A"
"{DEMO9A8E-50F4-5D20-2380-000000000B70}",938400,"2024-03-12 00:00","HX6 3JG","D","N","F","74","","DEMO STREET","","HALIFAX","CALDERDALE","WEST YORKSHIRE","A","A"
"{DEMO086B-1D4D-C308-704B-000000000B71}",86400,"2024-03-12 00:00","HX1 3ZW","D","N","F","20","","DEMO STREET","","HALIFAX","CALDERDALE","WEST YORKSHIRE","A","A"
"{DEMOF90D-C1F1-94BB-6B3A-000000000B72}",87200,"2024-03-13 00:00","HX5 4NN","S","N","F","52","","DEMO STREET","","HALIFAX","CALDERDALE","WEST YORKSHIRE","A","A"
"{DEMO3E46-0D83-E9A1-6157-000000000B73}",187700,"2024-03-14 00:00","HX7 4DP","D","N","F","20","","DEMO STREET","","HALIFAX","CALDERDALE","WEST YORKSHIRE","A","A"
"{DEMO50FA-7EF4-717E-1BD2-000000000B74}",223600,"2024-03-17 00:00","HX4 2SH","S","N","F","46","","DEMO STREET","","HALIFAX","CALDERDALE","WEST YORKSHIRE","A","A"
"{DEMOC7C2-887E-E0D3-0754-000000000B75}",161800,"2024-03-17 00:00","HX6 1SG","S","N","F","114","","DEMO STREET","","HALIFAX","CALDERDALE","WEST YORKSHIRE","A","A"
"{DEMO2D18-E7C2-A36D-2325-000000000B76}",143300,"2024-03-17 00:00","HX2 9RZ","F","N","L","101","","DEMO STREET","","HALIFAX","CALDERDALE","WEST YORKSHIRE","A","A"
"{DEMO5CCD-7E83-F35C-5875-000000000B77}",112900,"2024-03-18 00:00","HX1 1EL","F","Y","L","110","","DEMO STREET","","HALIFAX","CALDERDALE","WEST YORKSHIRE","A","A"
"{DEMO505B-00AE-77FA-B397-000000000B78}",94100,"2024-03-19 00:00","HX4 6TY","D","N","F","106","","DEMO STREET","","HALIFAX","CALDERDALE","WEST YORKSHIRE","A","A"
"{DEMOB198-696A-11B3-707A-000000000B79}",101400,"2024-03-19 00:00","HX3 2FX","T","Y","F","83","","DEMO STREET","","HALIFAX","CALDERDALE","WEST YORKSHIRE","A","A"
"{DEMO3A2D-405B-63F5-5F70-000000000B7A}",76400,"2024-03-20 00:00","HX2 7HD","T","N","F","5","","DEMO STREET","","HALIFAX","CALDERDALE","WEST YORKSHIRE","A","A"
"{DEMO2EFB-DE92-A31B-10CB-000000000B7B}",147100,"2024-03-24 00:00","HX2 0EA","T","N","F","56","","DEMO STREET","","HALIFAX","CALDERDALE","WEST YORKSHIRE","A","A"
"{DEMO9C6C-09B6-26B1-425C-000000000B7C}",256400,"2024-03-24 00:00","HX5 4NN","T","N","F","39","","DEMO STREET","","HALIFAX","CALDERDALE","WEST YORKSHIRE","A","A"
"{DEMOBDB6-D87F-90AA-EF53-000000000B7D}",385100,"2024-03-26 00:00","HX4 4UR","D","N","F","73","","DEMO STREET","","HALIFAX","CALDERDALE","WEST YORKSHIRE","A","A"
"{DEMOA96D-B1CA-906C-E490-000000000B7E}",64800,"2024-03-26 00:00","HX1 8NT","S","N","F","47","","DEMO STREET","","HALIFAX","CALDERDALE","WEST YORKSHIRE","A","A"
"{DEMO8E35-7439-E0E7-9549-000000000B7F}",113900,"2024-03-26 00:00","HX5 9PX","D","N","F","34","","DEMO STREET","","HALIFAX","CALDERDALE","WEST YORKSHIRE","A","A"
"{DEMO295C-7656-E16D-47F9-000000000B80}",38900,"2024-03-27 00:00","HX1 5HG","F","N","L","47","","DEMO STREET","","HALIFAX","CALDERDALE","WEST YORKSHIRE","A","A"
"{DEMO5E08-80C9-B682-29E0-000000000B81}",175400,"2024-03-27 00:00","HX3 1GN","S","N","F","31","","DEMO STREET","","HALIFAX","CALDERDALE","WEST YORKSHIRE","A","A"
"{DEMO7538-2C26-65A6-39D2-000000000B82}",432400,"2024-03-27 00:00","HX5 5BE","T","N","F","6","","DEMO STREET","","HALIFAX","CALDERDALE","WEST YORKSHIRE","A","A"
"{DEMOD7BC-FC3D-675D-D5D6-000000000B83}",106600,"2024-03-27 00:00","HX2 9YW","T","N","F","99","","DEMO STREET","","HALIFAX","CALDERDALE","WEST YORKSHIRE","A","A"
"{DEMOE4A4-AA14-4295-5250-000000000B84}",337200,"2024-03-28 00:00","HX7 3UQ","T","N","F","85","","DEMO STREET","","HALIFAX","CALDERDALE","WEST YORKSHIRE","A","A"
"{DEMO2890-09CC-203D-276C-000000000B85}",56000,"2024-04-01 00:00","HX6 1EG","F","N","L","80","","DEMO STREET","","HALIFAX","CALDERDALE","WEST YORKSHIRE","A","A"
"{DEMO9DE0-3607-A3D5-A816-000000000B86}",132100,"2024-04-01 00:00","HX5 6WT","S","N","F","104","","DEMO STREET","","HALIFAX","CALDERDALE","WEST YORKSHIRE","A","A"
"{DEMO0EC2-1A91-F385-9A14-000000000B87}",99500,"2024-04-03 00:00","HX2 1YE","D","N","F","85","","DEMO STREET","","HALIFAX","CALDERDALE","WEST YORKSHIRE","A","A"
"{DEMO33C4-0F90-456B-CA13-000000000B88}",137600,"2024-04-03 00:00","HX5 2EE","T","N","F","60","","DEMO STREET","","HALIFAX","CALDERDALE","WEST YORKSHIRE","A","A"
"{DEMOF6F2-3D40-DA33-DDDB-000000000B89}",149800,"2024-04-03 00:00","HX6 2PG","D","N","F","37","","DEMO STREET","","HALIFAX","CALDERDALE","WEST YORKSHIRE","A","A"
"{DEMO4BF5-5BA0-A3E5-7756-000000000B8A}",348500,"2024-04-04 00:00","HX3 0SL","T","N","F","76","","DEMO STREET","","HALIFAX","CALDERDALE","WEST YORKSHIRE","A","A"
"{DEMOD79C-AEED-CCE8-88F6-000000000B8B}",160200,"2024-04-05 00:00","HX5 5NT","T","N","F","6","","DEMO STREET","","HALIFAX","CALDERDALE","WEST YORKSHIRE","A","A"
"{DEMO4A15-E196-499C-6ED1-000000000B8C}",189100,"2024-04-05 00:00","HX7 9WY","T","N","F","113","","DEMO STREET","","HALIFAX","CALDERDALE","WEST YORKSHIRE","A","A"
"{DEMO9063-5097-AC32-30E6-000000000B8D}",231500,"2024-04-06 00:00","HX6 6AS","T","N","F","120","","DEMO STREET","","HALIFAX","CALDERDALE","WEST YORKSHIRE","A","A"
"{DEMO9FD9-9476-B946-F135-000000000B8E}",73500,"2024-04-06 00:00","HX5 6EW","S","N","F","14","","DEMO STREET","","HALIFAX","CALDERDALE","WEST YORKSHIRE","A","A"
"{DEMOD58D-86A4-AA67-12B4-000000000B8F}",245900,"2024-04-07 00:00","HX2 4WD","T","N","F","108","","DEMO STREET","","HALIFAX","CALDERDALE","WEST YORKSHIRE","A","A"
"{DEMODD54-AE41-19BB-81F1-000000000B90}",56600,"2024-04-07 00:00","HX2 6SR","S","N","F","66","","DEMO STREET","","HALIFAX","CALDERDALE","WEST YORKSHIRE","A","A"
"{DEMOD8C3-3252-8803-D89C-000000000B91}",356300,"2024-04-07 00:00","HX7 3SY","T","N","F","33","","DEMO STREET","","HALIFAX","CALDERDALE","WEST YORKSHIRE","A","A"
"{DEMOC9F0-6F44-529B-B6B9-000000000B92}",444000,"2024-04-08 00:00","HX4 0TE","F","Y","L","115","","DEMO STREET","","HALIFAX","CALDERDALE","WEST YORKSHIRE","A","A"
"{DEMOA754-32B3-4B2A-5D9F-000000000B93}",63800,"2024-04-09 00:00","HX4 8XW","T","N","F","96","","DEMO STREET","","HALIFAX","CALDERDALE","WEST YORKSHIRE","A","A"
"{DEMOC3F1-9DC6-C090-13D7-000000000B94}",345800,"2024-04-11 00:00","HX7 0RQ","T","N","F","60","","DEMO STREET","","HALIFAX","CALDERDALE","WEST YORKSHIRE","A","A"
"{DEMOA174-70D1-1423-4486-000000000B95}",79400,"2024-04-12 00:00","HX3 9FR","D","N","F","87","","DEMO STREET","","HALIFAX","CALDERDALE","WEST YORKSHIRE","A","A"
"{DEMO7A5C-DF5E-5442-5E99-000000000B96}",357700,"2024-04-12 00:00","HX4 7QZ","S","N","F","72","","DEMO STREET","","HALIFAX","CALDERDALE","WEST YORKSHIRE","A","A"
"{DEMO509A-B785-F390-83EB-000000000B97}",183200,"2024-04-14 00:00","HX1 5GF","T","N","F","35","","DEMO STREET","","HALIFAX","CALDERDALE","WEST YORKSHIRE","A","A"
"{DEMO17DC-AC10-3111-811D-000000000B98}",122900,"2024-04-14 00:00","HX7 5NX","D","N","F","105","","DEMO STREET","","HALIFAX","CALDERDALE","WEST YORKSHIRE","A","A"
"{DEMO98E8-E860-2D38-D2C1-000000000B99}",38400,"2024-04-14 00:00","HX4 4UR","D","N","F","30","","DEMO STREET","","HALIFAX","CALDERDALE","WEST YORKSHIRE","A","A"
"{DEMO2F85-9C21-D278-F333-000000000B9A}",307700,"2024-04-14 00:00","HX1 6UA","D","N","F","97","","DEMO STREET","","HALIFAX","CALDERDALE","WEST YORKSHIRE","A","A"
"{DEMO7FED-1CD2-57A2-5ED0-000000000B9B}",21700,"2024-04-15 00:00","HX4 5QL","S","N","F","115","","DEMO STREET","","HALIFAX","CALDERDALE","WEST YORKSHIRE","A","A"
"{DEMOD772-A15E-8A35-2C3B-000000000B9C}",119500,"2024-04-15 00:00","HX6 5BX","S","N","F","12","","DEMO STREET","","HALIFAX","CALDERDALE","WEST YORKSHIRE","A","A"
"{DEMOD138-C3F1-6637-3707-000000000B9D}",57300,"2024-04-15 00:00","HX3 3DN","S","N","F","44","","DEMO STREET","","HALIFAX","CALDERDALE","WEST YORKSHIRE","A","A"
"{DEMO0ED7-73F8-8E46-2853-000000000B9E}",72500,"2024-04-15 00:00","HX6 0FP","D","N","F","101","","DEMO STREET","","HALIFAX","CALDERDALE","WEST YORKSHIRE","A","A"
"{DEMO3410-972D-BDCC-893E-000000000B9F}",73800,"2024-04-15 00:00","HX7 5RA","D","N","F","87","","DEMO STREET","","HALIFAX","CALDERDALE","WEST YORKSHIRE","A","A"
"{DEMOC97C-2746-59EB-3261-000000000BA0}",255800,"2024-04-15 00:00","HX5 9JJ","D","Y","F","119","","DEMO STREET","","HALIFAX","CALDERDALE","WEST YORKSHIRE","A","A"
"{DEMOD99E-33CD-A4EA-7D71-000000000BA1}",78500,"2024-04-17 00:00","HX3 7NT","S","N","F","101","","DEMO STREET","","HALIFAX","CALDERDALE","WEST YORKSHIRE","A","A"
"{DEMOA449-2ACE-45DD-8F03-000000000BA2}",117200,"2024-04-17 00:00","HX2 7RD","S","N","F","63","","DEMO STREET","","HALIFAX","CALDERDALE","WEST YORKSHIRE","A","A"
"{DEMOEA97-6BE5-3A7B-E1C5-000000000BA3}",44400,"2024-04-17 00:00","HX4 8LU","S","N","F","78","","DEMO STREET","","HALIFAX","CALDERDALE","WEST YORKSHIRE","A","A"
"{DEMOBF20-7F59-4831-A478-000000000BA4}",83600,"2024-04-18 00:00","HX4 9YW","S","N","F","95","","DEMO STREET","","HALIFAX","CALDERDALE","WEST YORKSHIRE","A","A"
"{DEMOE9FC-4D51-419D-90A3-000000000BA5}",238500,"2024-04-20 00:00","HX5 4WW","S","N","F","94","","DEMO STREET","","HALIFAX","CALDERDALE","WEST YORKSHIRE","A","A"
"{DEMO5FDC-48E2-68B6-54BF-000000000BA6}",129400,"2024-04-21 00:00","HX2 4PA","T","N","F","106","","DEMO STREET","","HALIFAX","CALDERDALE","WEST YORKSHIRE","A","A"
"{DEMOF0A2-5DEA-AD6F-E2AD-000000000BA7}",59700,"2024-04-21 00:00","HX6 7HR","D","N","F","4","","DEMO STREET","","HALIFAX","CALDERDALE","WEST YORKSHIRE","A","A"
"{DEMOC972-F175-A99F-1932-000000000BA8}",228500,"2024-04-22 00:00","HX5 2GH","S","N","F","10","","DEMO STREET","","HALIFAX","CALDERDALE","WEST YORKSHIRE","A","A"
"{DEMO63F4-6562-9ED8-E044-000000000BA9}",228400,"2024-04-22 00:00","HX2 8FA","T","N","F","14","","DEMO STREET","","HALIFAX","CALDERDALE","WEST YORKSHIRE","A","A"
"{DEMO9901-D4DA-0CAA-ED29-000000000BAA}",84500,"2024-04-24 00:00","HX3 9LY","T","N","F","48","","DEMO STREET","","HALIFAX","CALDERDALE","WEST YORKSHIRE","A","A"
"{DEMO550F-1153-DCB8-966C-000000000BAB}",125800,"2024-04-24 00:00","HX4 1PQ","T","N","F","79","","DEMO STREET","","HALIFAX","CALDERDALE","WEST YORKSHIRE","A","A"
"{DEMOC904-9395-FCAF-DE0E-000000000BAC}",76100,"2024-04-24 00:00","HX4 3PH","D","N","F","90","","DEMO STREET","","HALIFAX","CALDERDALE","WEST YORKSHIRE","A","A"
"{DEMO3DC2-63E0-F2B2-41D8-000000000BAD}",269200,"2024-04-24 00:00","HX7 3YD","T","N","F","39","","DEMO STREET","","HALIFAX","CALDERDALE","WEST YORKSHIRE","A","A"
"{DEMO45E9-4FCA-2F8B-A0DB-000000000BAE}",212400,"2024-04-25 00:00","HX7 8UZ","D","N","F","68","","DEMO STREET","","HALIFAX","CALDERDALE","WEST YORKSHIRE","A","A"
"{DEMOC4AD-403C-D02D-7FBF-000000000BAF}",91600,"2024-04-25 00:00","HX5 3FN","S","N","F","49","","DEMO STREET","","HALIFAX","CALDERDALE","WEST YORKSHIRE","A","A"
"{DEMO94F8-C5EE-9262-265C-000000000BB0}",126100,"2024-04-26 00:00","HX3 2RS","T","N","F","101","","DEMO STREET","","HALIFAX","CALDERDALE","WEST YORKSHIRE","A","A"
"{DEMOAC54-8C34-8ECF-6EAB-000000000BB1}",311300,"2024-04-26 00:00","HX6 6AT","F","N","L","23","","DEMO STREET","","HALIFAX","CALDERDALE","WEST YORKSHIRE","A","A"
"{DEMO139D-7CC1-2596-C287-000000000BB2}",87200,"2024-04-26 00:00","HX5 2DJ","D","Y","F","13","","DEMO STREET","","HALIFAX","CALDERDALE","WEST YORKSHIRE","A","A"
"{DEMO7B38-2F9C-1459-ECD4-000000000BB3}",161500,"2024-04-27 00:00","HX1 0RJ","S","N","F","84","","DEMO STREET","","HALIFAX","CALDERDALE","WEST YORKSHIRE","A","A"
"{DEMOE866-7786-2815-01EC-000000000BB4}",112900,"2024-04-27 00:00","HX7 6DD","T","N","F","106","","DEMO STREET","","HALIFAX","CALDERDALE","WEST YORKSHIRE","A","A"
"{DEMO5AD1-A137-9C82-2DDB-000000000BB5}",133400,"2024-04-27 00:00","HX7 3UA","T","N","F","16","","DEMO STREET","","HALIFAX","CALDERDALE","WEST YORKSHIRE","A","A"
"{DEMOE907-A230-A441-7A4E-000000000BB6}",97900,"2024-04-28 00:00","HX4 7QJ","S","N","F","100","","DEMO STREET","","HALIFAX","CALDERDALE","WEST YORKSHIRE","A","A"
"{DEMOBE86-E9B3-FCEF-5C8D-000000000BB7}",51400,"2024-05-03 00:00","HX7 4HL","T","N","F","114","","DEMO STREET","","HALIFAX","CALDERDALE","WEST YORKSHIRE","A","A"
"{DEMO180B-4809-E85B-8EBC-000000000BB8}",111400,"2024-05-06 00:00","HX2 0TJ","D","N","F","91","","DEMO STREET","","HALIFAX","CALDERDALE","WEST YORKSHIRE","A","A"
"{DEMOA2C2-6C74-5B5B-A138-000000000BB9}",98800,"2024-05-07 00:00","HX4 8LE","S","N","F","82","","DEMO STREET","","HALIFAX","CALDERDALE","WEST YORKSHIRE","A","A"
"{DEMOD9CA-FC4C-34F8-C353-000000000BBA}",101200,"2024-05-07 00:00","HX6 5YG","F","N","L","70","","DEMO STREET","","HALIFAX","CALDERDALE","WEST YORKSHIRE","A","A"
"{DEMODB77-BFA0-22DD-EFAC-000000000BBB}",140600,"2024-05-08 00:00","HX7 6PZ","T","N","F","16","","DEMO STREET","","HALIFAX","CALDERDALE","WEST YORKSHIRE","A","A"
"{DEMO59DF-1B6E-16FE-B482-000000000BBC}",182700,"2024-05-08 00:00","HX1 6YL","S","N","F","58","","DEMO STREET","","HALIFAX","CALDERDALE","WEST YORKSHIRE","A","A"
"{DEMOE183-6CEE-3317-DE50-000000000BBD}",210600,"2024-05-08 00:00","HX3 4XU","S","N","F","91","","DEMO STREET","","HALIFAX","CALDERDALE","WEST YORKSHIRE","A","A"
"{DEMO86B0-B9E0-42E5-612B-000000000BBE}",204800,"2024-05-11 00:00","HX1 5HG","D","N","F","104","","DEMO STREET","","HALIFAX","CALDERDALE","WEST YORKSHIRE","A","A"
"{DEMOAA5B-8D05-E175-688B-000000000BBF}",127400,"2024-05-11 00:00","HX7 3SY","F","N","L","51","","DEMO STREET","","HALIFAX","CALDERDALE","WEST YORKSHIRE","A","A"
"{DEMO0B9A-B6C6-08D7-35FE-000000000BC0}",28500,"2024-05-12 00:00","HX5 2BY","F","N","L","97","","DEMO STREET","","HALIFAX","CALDERDALE","WEST YORKSHIRE","A","A"
"{DEMO9C48-6278-7F69-9149-000000000BC1}",169900,"2024-05-12 00:00","HX6 2GX","D","N","F","107","","DEMO STREET","","HALIFAX","CALDERDALE","WEST YORKSHIRE","A","A"
"{DEMOF4F3-9633-7E4A-8738-000000000BC2}",47700,"2024-05-13 00:00","HX6 9RL","T","N","F","101","","DEMO STREET","","HALIFAX","CALDERDALE","WEST YORKSHIRE","A","A"
"{DEMO5FFB-0746-3214-B9F5-000000000BC3}",109800,"2024-05-13 00:00","HX1 0FG","D","N","F","81","","DEMO STREET","","HALIFAX","CALDERDALE","WEST YORKSHIRE","A","A"
"{DEMO5DD4-14AB-1F38-1530-000000000BC4}",296800,"2024-05-14 00:00","HX6 5WE","T","N","F","10","","DEMO STREET","","HALIFAX","CALDERDALE","WEST YORKSHIRE","A","A"
"{DEMOA21E-0585-F3A2-10BB-000000000BC5}",101400,"2024-05-14 00:00","HX1 1JZ","T","N","F","117","","DEMO STREET","","HALIFAX","CALDERDALE","WEST YORKSHIRE","A","A"
"{DEMO3AE1-07D7-93C1-FEDF-000000000BC6}",318200,"2024-05-15 00:00","HX5 2EE","D","N","F","27","","DEMO STREET","","HALIFAX","CALDERDALE","WEST YORKSHIRE","A","A"
"{DEMOC2E4-3D44-016A-9C74-000000000BC7}",185800,"2024-05-16 00:00","HX2 7UF","S","N","F","109","","DEMO STREET","","HALIFAX","CALDERDALE","WEST YORKSHIRE","A","A"
"{DEMO7EEA-6E08-5B9B-7B92-000000000BC8}",159400,"2024-05-18 00:00","HX6 9RL","T","N","F","59","","DEMO STREET","","HALIFAX","CALDERDALE","WEST YORKSHIRE","A","A"
"{DEMO2B76-6AB2-0178-E782-000000000BC9}",86200,"2024-05-18 00:00","HX3 5FL","D","N","F","35","","DEMO STREET","","HALIFAX","CALDERDALE","WEST YORKSHIRE","A","A"
"{DEMOB272-2F38-EE96-E95C-000000000BCA}",480200,"2024-05-19 00:00","HX7 0AU","T","N","F","55","","DEMO STREET","","HALIFAX","CALDERDALE","WEST YORKSHIRE","A","A"
"{DEMOEAED-26D8-313A-EE27-000000000BCB}",188600,"2024-05-19 00:00","HX6 6HB","D","N","F","80","","DEMO STREET","","HALIFAX","CALDERDALE","WEST YORKSHIRE","A","A"
"{DEMO081A-2E52-764C-65B9-000000000BCC}",147300,"2024-05-19 00:00","HX1 1YE","D","Y","F","3","","DEMO STREET","","HALIFAX","CALDERDALE","WEST YORKSHIRE","A","A"
"{DEMOBFC7-E1B3-548E-6AD2-000000000BCD}",73000,"2024-05-20 00:00","HX7 9RB","T","N","F","27","","DEMO STREET","","HALIFAX","CALDERDALE","WEST YORKSHIRE","A","A"
"{DEMOD347-CD28-303F-4E1E-000000000BCE}",64500,"2024-05-20 00:00","HX6 7DS","S","N","F","119","","DEMO STREET","","HALIFAX","CALDERDALE","WEST YORKSHIRE","A","A"
"{DEMOA546-F4F7-5261-F47E-000000000BCF}",104600,"2024-05-20 00:00","HX7 3DH","T","N","F","50","","DEMO STREET","","HALIFAX","CALDERDALE","WEST YORKSHIRE","A","A"
"{DEMOC195-C4B3-8E81-4950-000000000BD0}",124100,"2024-05-20 00:00","HX2 3UJ","S","N","F","104","","DEMO STREET","","HALIFAX","CALDERDALE","WEST YORKSHIRE","A","A"
"{DEMOE90F-4861-3867-3CBB-000000000BD1}",77300,"2024-05-21 00:00","HX1 7NQ","S","N","F","107","","DEMO STREET","","HALIFAX","CALDERDALE","WEST YORKSHIRE","A","A"
"{DEMO55FA-2339-74F3-1892-000000000BD2}",69600,"2024-05-22 00:00","HX3 4LZ","T","N","F","38","","DEMO STREET","","HALIFAX","CALDERDALE","WEST YORKSHIRE","A","A"
"{DEMOE3A3-4657-471D-C872-000000000BD3}",364900,"2024-05-22 00:00","HX1 5EU","S","N","F","86","","DEMO STREET","","HALIFAX","CALDERDALE","WEST YORKSHIRE","A","A"
"{DEMO2B88-B937-B38F-6339-000000000BD4}",233300,"2024-05-22 00:00","HX2 7UF","D","N","F","15","","DEMO STREET","","HALIFAX","CALDERDALE","WEST YORKSHIRE","A","A"
"{DEMO335C-C96E-5344-77D0-000000000BD5}",153800,"2024-05-23 00:00","HX4 4BL","S","N","F","3","","DEMO STREET","","HALIFAX","CALDERDALE","WEST YORKSHIRE","A","A"
"{DEMO1D86-F585-6FE4-7D32-000000000BD6}",83800,"2024-05-24 00:00","HX2 3AG","D","N","F","41","","DEMO STREET","","HALIFAX","CALDERDALE","WEST YORKSHIRE","A","A"
"{DEMOD121-506D-836C-D7DF-000000000BD7}",152800,"2024-05-25 00:00","HX2 4SZ","D","N","F","108","","DEMO STREET","","HALIFAX","CALDERDALE","WEST YORKSHIRE","A","A"
"{DEMOFE8B-AC89-EB35-9B4E-000000000BD8}",56800,"2024-05-25 00:00","HX7 6WW","D","N","F","95","","DEMO STREET","","HALIFAX","CALDERDALE","WEST YORKSHIRE","A","A"
"{DEMO4DE1-8080-44E7-367C-000000000BD9}",178800,"2024-05-26 00:00","HX3 2FX","D","N","F","26","","DEMO STREET","","HALIFAX","CALDERDALE","WEST YORKSHIRE","A","A"
"{DEMO1BD7-6DC7-C725-CF78-000000000BDA}",162000,"2024-05-26 00:00","HX3 8FY","S","N","F","98","","DEMO STREET","","HALIFAX","CALDERDALE","WEST YORKSHIRE","A","A"
"{DEMO17BA-BB70-5CB1-8FDF-000000000BDB}",239800,"2024-05-26 00:00","HX3 1LT","T","N","F","42","","DEMO STREET","","HALIFAX","CALDERDALE","WEST YORKSHIRE","A","A"
"{DEMO24D1-87C8-11E7-9095-000000000BDC}",75500,"2024-05-27 00:00","HX7 7TT","D","N","F","48","","DEMO STREET","","HALIFAX","CALDERDALE","WEST YORKSHIRE","A","A"
"{DEMO8211-798B-D613-C7F1-000000000BDD}",111700,"2024-05-27 00:00","HX4 7YS","S","N","F","4","","DEMO STREET","","HALIFAX","CALDERDALE","WEST YORKSHIRE","A","A"
"{DEMO63D0-1BBF-3764-E6AE-000000000BDE}",100900,"2024-05-27 00:00","HX1 6BJ","T","N","F","96","","DEMO STREET","","HALIFAX","CALDERDALE","WEST YORKSHIRE","A","A"
"{DEMO6BFA-25F6-F82B-E8EB-000000000BDF}",258200,"2024-05-28 00:00","HX2 9BW","T","N","F","15","","DEMO STREET","","HALIFAX","CALDERDALE","WEST YORKSHIRE","A","A"
"{DEMO9066-E9EB-5B6E-D720-000000000BE0}",136300,"2024-05-28 00:00","HX4 2UT","S","N","F","67","","DEMO STREET","","HALIFAX","CALDERDALE","WEST YORKSHIRE","A","A"
